dial sweep: widths [128, 256, 512, 1024, 2048, 4096]  wds [0.1, 0.3, 1.0, 3.0]
data seeds [15573, 19870]  init seeds [135533, 479062, 648223, 871231]  epochs 50000
width 128: batch of 32 (32/32 pending)
batch 32 on cuda:  train 3830  test 8939  4 recipe(s) (lr, wd, tilt, cvar): [(0.001, 0.1, 0.0, 0.0), (0.001, 0.3, 0.0, 0.0), (0.001, 1.0, 0.0, 0.0), (0.001, 3.0, 0.0, 0.0)]
epoch    100  train 2.8077e+00  test med 7.8586e+00 mean 7.7590e+00 max 8.4404e+00  (30.5 eps/s x 32 = 977 run-eps/s)
epoch    200  train 2.3619e-01  test med 2.1759e+01 mean 2.0631e+01 max 2.5939e+01  (50.4 eps/s x 32 = 1612 run-eps/s)
epoch    300  train 4.5283e-02  test med 2.7357e+01 mean 2.5798e+01 max 3.3768e+01  (64.3 eps/s x 32 = 2058 run-eps/s)
epoch    400  train 1.9209e-02  test med 3.0128e+01 mean 2.8444e+01 max 3.8250e+01  (74.7 eps/s x 32 = 2389 run-eps/s)
epoch    500  train 9.0979e-03  test med 3.2796e+01 mean 3.0947e+01 max 4.2232e+01  (82.6 eps/s x 32 = 2644 run-eps/s)
epoch    600  train 4.4517e-03  test med 3.5439e+01 mean 3.3410e+01 max 4.6022e+01  (89.0 eps/s x 32 = 2847 run-eps/s)
epoch    700  train 2.2613e-03  test med 3.8052e+01 mean 3.5833e+01 max 4.9701e+01  (94.1 eps/s x 32 = 3011 run-eps/s)
epoch    800  train 1.1884e-03  test med 4.0624e+01 mean 3.8216e+01 max 5.3319e+01  (98.4 eps/s x 32 = 3147 run-eps/s)
epoch    900  train 6.4456e-04  test med 4.3143e+01 mean 4.0539e+01 max 5.6857e+01  (101.9 eps/s x 32 = 3262 run-eps/s)
epoch   1000  train 3.6020e-04  test med 4.5587e+01 mean 4.2771e+01 max 6.0260e+01  (105.0 eps/s x 32 = 3360 run-eps/s)
epoch   1100  train 2.0631e-04  test med 4.7883e+01 mean 4.4852e+01 max 6.3440e+01  (107.6 eps/s x 32 = 3445 run-eps/s)
epoch   1200  train 1.2162e-04  test med 4.9860e+01 mean 4.6669e+01 max 6.6206e+01  (110.0 eps/s x 32 = 3519 run-eps/s)
epoch   1300  train 7.4823e-05  test med 5.1307e+01 mean 4.8041e+01 max 6.8330e+01  (112.0 eps/s x 32 = 3584 run-eps/s)
epoch   1400  train 4.7269e-05  test med 5.2077e+01 mean 4.8898e+01 max 6.9672e+01  (113.8 eps/s x 32 = 3641 run-eps/s)
epoch   1500  train 3.1355e-05  test med 5.2240e+01 mean 4.9277e+01 max 7.0321e+01  (115.4 eps/s x 32 = 3692 run-eps/s)
epoch   1600  train 2.1508e-05  test med 5.2048e+01 mean 4.9350e+01 max 7.0492e+01  (116.8 eps/s x 32 = 3739 run-eps/s)
epoch   1700  train 1.5261e-05  test med 5.1723e+01 mean 4.9270e+01 max 7.0390e+01  (118.1 eps/s x 32 = 3780 run-eps/s)
epoch   1800  train 1.1519e-05  test med 5.1383e+01 mean 4.9112e+01 max 7.0155e+01  (119.3 eps/s x 32 = 3818 run-eps/s)
epoch   1900  train 8.8142e-06  test med 5.1066e+01 mean 4.8921e+01 max 6.9873e+01  (120.4 eps/s x 32 = 3852 run-eps/s)
epoch   2000  train 7.1632e-06  test med 5.0775e+01 mean 4.8701e+01 max 6.9581e+01  (121.4 eps/s x 32 = 3884 run-eps/s)
epoch   2100  train 6.1386e-06  test med 5.0492e+01 mean 4.8456e+01 max 6.9287e+01  (122.3 eps/s x 32 = 3913 run-eps/s)
epoch   2200  train 5.2561e-06  test med 5.0233e+01 mean 4.8182e+01 max 6.9003e+01  (123.1 eps/s x 32 = 3939 run-eps/s)
epoch   2300  train 4.7208e-06  test med 4.9984e+01 mean 4.7888e+01 max 6.8728e+01  (123.9 eps/s x 32 = 3964 run-eps/s)
epoch   2400  train 4.1186e-06  test med 4.9747e+01 mean 4.7565e+01 max 6.8461e+01  (124.6 eps/s x 32 = 3987 run-eps/s)
epoch   2500  train 3.8237e-06  test med 4.9524e+01 mean 4.7175e+01 max 6.8211e+01  (125.2 eps/s x 32 = 4008 run-eps/s)
epoch   2600  train 3.5700e-06  test med 4.9311e+01 mean 4.6729e+01 max 6.7969e+01  (125.9 eps/s x 32 = 4028 run-eps/s)
epoch   2700  train 3.3887e-06  test med 4.9107e+01 mean 4.6344e+01 max 6.7734e+01  (126.4 eps/s x 32 = 4046 run-eps/s)
epoch   2800  train 3.2389e-06  test med 4.8914e+01 mean 4.6079e+01 max 6.7505e+01  (127.0 eps/s x 32 = 4063 run-eps/s)
epoch   2900  train 3.0602e-06  test med 4.8729e+01 mean 4.5849e+01 max 6.7284e+01  (127.5 eps/s x 32 = 4080 run-eps/s)
epoch   3000  train 2.8160e-06  test med 4.8548e+01 mean 4.5637e+01 max 6.7065e+01  (128.0 eps/s x 32 = 4095 run-eps/s)
epoch   3100  train 2.7583e-06  test med 4.8376e+01 mean 4.5397e+01 max 6.6855e+01  (128.4 eps/s x 32 = 4109 run-eps/s)
epoch   3200  train 2.5860e-06  test med 4.8197e+01 mean 4.5171e+01 max 6.6649e+01  (128.8 eps/s x 32 = 4123 run-eps/s)
epoch   3300  train 2.5880e-06  test med 4.8033e+01 mean 4.4917e+01 max 6.6449e+01  (129.2 eps/s x 32 = 4135 run-eps/s)
epoch   3400  train 2.3771e-06  test med 4.7871e+01 mean 4.4672e+01 max 6.6252e+01  (129.6 eps/s x 32 = 4147 run-eps/s)
epoch   3500  train 2.2351e-06  test med 4.7708e+01 mean 4.4409e+01 max 6.6062e+01  (130.0 eps/s x 32 = 4159 run-eps/s)
epoch   3600  train 2.1111e-06  test med 4.7557e+01 mean 4.4150e+01 max 6.5874e+01  (130.3 eps/s x 32 = 4170 run-eps/s)
epoch   3700  train 2.0499e-06  test med 4.7408e+01 mean 4.3895e+01 max 6.5691e+01  (130.6 eps/s x 32 = 4180 run-eps/s)
epoch   3800  train 1.9521e-06  test med 4.7257e+01 mean 4.3656e+01 max 6.5513e+01  (130.9 eps/s x 32 = 4190 run-eps/s)
epoch   3900  train 1.8769e-06  test med 4.7112e+01 mean 4.3427e+01 max 6.5337e+01  (131.2 eps/s x 32 = 4199 run-eps/s)
epoch   4000  train 1.7661e-06  test med 4.6971e+01 mean 4.3222e+01 max 6.5167e+01  (131.5 eps/s x 32 = 4208 run-eps/s)
epoch   4100  train 1.6914e-06  test med 4.6839e+01 mean 4.3045e+01 max 6.5001e+01  (131.8 eps/s x 32 = 4216 run-eps/s)
epoch   4200  train 1.6763e-06  test med 4.6711e+01 mean 4.2875e+01 max 6.4837e+01  (132.0 eps/s x 32 = 4225 run-eps/s)
epoch   4300  train 1.5813e-06  test med 4.6575e+01 mean 4.2731e+01 max 6.4679e+01  (132.3 eps/s x 32 = 4232 run-eps/s)
epoch   4400  train 1.5015e-06  test med 4.6446e+01 mean 4.2601e+01 max 6.4526e+01  (132.5 eps/s x 32 = 4240 run-eps/s)
epoch   4500  train 1.4680e-06  test med 4.6323e+01 mean 4.2469e+01 max 6.4375e+01  (132.7 eps/s x 32 = 4247 run-eps/s)
epoch   4600  train 1.4207e-06  test med 4.6189e+01 mean 4.2338e+01 max 6.4228e+01  (132.9 eps/s x 32 = 4254 run-eps/s)
epoch   4700  train 1.4129e-06  test med 4.6071e+01 mean 4.2201e+01 max 6.4081e+01  (133.1 eps/s x 32 = 4260 run-eps/s)
epoch   4800  train 1.3258e-06  test med 4.5953e+01 mean 4.2085e+01 max 6.3938e+01  (133.3 eps/s x 32 = 4267 run-eps/s)
epoch   4900  train 1.2900e-06  test med 4.5830e+01 mean 4.1957e+01 max 6.3799e+01  (133.5 eps/s x 32 = 4273 run-eps/s)
epoch   5000  train 1.2637e-06  test med 4.5716e+01 mean 4.1831e+01 max 6.3661e+01  (133.7 eps/s x 32 = 4279 run-eps/s)
epoch   5100  train 1.2233e-06  test med 4.5597e+01 mean 4.1705e+01 max 6.3527e+01  (133.9 eps/s x 32 = 4284 run-eps/s)
epoch   5200  train 1.2056e-06  test med 4.5483e+01 mean 4.1569e+01 max 6.3395e+01  (134.0 eps/s x 32 = 4289 run-eps/s)
epoch   5300  train 1.1975e-06  test med 4.5374e+01 mean 4.1433e+01 max 6.3265e+01  (134.2 eps/s x 32 = 4295 run-eps/s)
epoch   5400  train 1.1224e-06  test med 4.5258e+01 mean 4.1303e+01 max 6.3138e+01  (134.4 eps/s x 32 = 4300 run-eps/s)
epoch   5500  train 1.1233e-06  test med 4.5147e+01 mean 4.1156e+01 max 6.3013e+01  (134.5 eps/s x 32 = 4304 run-eps/s)
epoch   5600  train 1.0754e-06  test med 4.5041e+01 mean 4.1013e+01 max 6.2889e+01  (134.7 eps/s x 32 = 4309 run-eps/s)
epoch   5700  train 1.0758e-06  test med 4.4939e+01 mean 4.0855e+01 max 6.2767e+01  (134.8 eps/s x 32 = 4314 run-eps/s)
epoch   5800  train 1.0509e-06  test med 4.4831e+01 mean 4.0685e+01 max 6.2646e+01  (134.9 eps/s x 32 = 4318 run-eps/s)
epoch   5900  train 1.0139e-06  test med 4.4731e+01 mean 4.0508e+01 max 6.2529e+01  (135.1 eps/s x 32 = 4322 run-eps/s)
epoch   6000  train 9.8844e-07  test med 4.4622e+01 mean 4.0306e+01 max 6.2414e+01  (135.2 eps/s x 32 = 4326 run-eps/s)
epoch   6100  train 9.5182e-07  test med 4.4517e+01 mean 4.0094e+01 max 6.2298e+01  (135.3 eps/s x 32 = 4330 run-eps/s)
epoch   6200  train 9.6299e-07  test med 4.4417e+01 mean 3.9936e+01 max 6.2187e+01  (135.4 eps/s x 32 = 4334 run-eps/s)
epoch   6300  train 9.0822e-07  test med 4.4313e+01 mean 3.9837e+01 max 6.2077e+01  (135.6 eps/s x 32 = 4338 run-eps/s)
epoch   6400  train 8.9671e-07  test med 4.4214e+01 mean 3.9732e+01 max 6.1970e+01  (135.7 eps/s x 32 = 4341 run-eps/s)
epoch   6500  train 8.9310e-07  test med 4.4116e+01 mean 3.9625e+01 max 6.1862e+01  (135.8 eps/s x 32 = 4345 run-eps/s)
epoch   6600  train 8.9123e-07  test med 4.4021e+01 mean 3.9518e+01 max 6.1758e+01  (135.9 eps/s x 32 = 4348 run-eps/s)
epoch   6700  train 8.7239e-07  test med 4.3920e+01 mean 3.9416e+01 max 6.1654e+01  (136.0 eps/s x 32 = 4351 run-eps/s)
epoch   6800  train 8.5336e-07  test med 4.3825e+01 mean 3.9304e+01 max 6.1553e+01  (136.1 eps/s x 32 = 4355 run-eps/s)
epoch   6900  train 8.3972e-07  test med 4.3726e+01 mean 3.9194e+01 max 6.1453e+01  (136.2 eps/s x 32 = 4358 run-eps/s)
epoch   7000  train 8.1743e-07  test med 4.3628e+01 mean 3.9084e+01 max 6.1354e+01  (136.3 eps/s x 32 = 4361 run-eps/s)
epoch   7100  train 7.9796e-07  test med 4.3528e+01 mean 3.8967e+01 max 6.1259e+01  (136.4 eps/s x 32 = 4364 run-eps/s)
epoch   7200  train 7.8338e-07  test med 4.3433e+01 mean 3.8846e+01 max 6.1164e+01  (136.5 eps/s x 32 = 4367 run-eps/s)
epoch   7300  train 7.6894e-07  test med 4.3337e+01 mean 3.8718e+01 max 6.1071e+01  (136.5 eps/s x 32 = 4369 run-eps/s)
epoch   7400  train 7.6717e-07  test med 4.3238e+01 mean 3.8586e+01 max 6.0983e+01  (136.6 eps/s x 32 = 4372 run-eps/s)
epoch   7500  train 7.4566e-07  test med 4.3142e+01 mean 3.8449e+01 max 6.0894e+01  (136.7 eps/s x 32 = 4375 run-eps/s)
epoch   7600  train 7.3094e-07  test med 4.3050e+01 mean 3.8309e+01 max 6.0807e+01  (136.8 eps/s x 32 = 4377 run-eps/s)
epoch   7700  train 7.2387e-07  test med 4.2952e+01 mean 3.8164e+01 max 6.0721e+01  (136.9 eps/s x 32 = 4380 run-eps/s)
epoch   7800  train 7.0067e-07  test med 4.2862e+01 mean 3.8018e+01 max 6.0635e+01  (136.9 eps/s x 32 = 4382 run-eps/s)
epoch   7900  train 6.8494e-07  test med 4.2773e+01 mean 3.7869e+01 max 6.0553e+01  (137.0 eps/s x 32 = 4385 run-eps/s)
epoch   8000  train 6.8866e-07  test med 4.2712e+01 mean 3.7706e+01 max 6.0470e+01  (137.1 eps/s x 32 = 4387 run-eps/s)
epoch   8100  train 6.7903e-07  test med 4.2658e+01 mean 3.7544e+01 max 6.0389e+01  (137.2 eps/s x 32 = 4389 run-eps/s)
epoch   8200  train 6.5632e-07  test med 4.2603e+01 mean 3.7387e+01 max 6.0308e+01  (137.2 eps/s x 32 = 4391 run-eps/s)
epoch   8300  train 6.4942e-07  test med 4.2554e+01 mean 3.7224e+01 max 6.0229e+01  (137.3 eps/s x 32 = 4394 run-eps/s)
epoch   8400  train 6.3098e-07  test med 4.2507e+01 mean 3.7061e+01 max 6.0151e+01  (137.4 eps/s x 32 = 4396 run-eps/s)
epoch   8500  train 6.2380e-07  test med 4.2468e+01 mean 3.6894e+01 max 6.0073e+01  (137.4 eps/s x 32 = 4398 run-eps/s)
epoch   8600  train 6.1235e-07  test med 4.2423e+01 mean 3.6729e+01 max 5.9997e+01  (137.5 eps/s x 32 = 4400 run-eps/s)
epoch   8700  train 5.9463e-07  test med 4.2376e+01 mean 3.6584e+01 max 5.9921e+01  (137.6 eps/s x 32 = 4402 run-eps/s)
epoch   8800  train 5.8830e-07  test med 4.2330e+01 mean 3.6480e+01 max 5.9847e+01  (137.6 eps/s x 32 = 4404 run-eps/s)
epoch   8900  train 5.6777e-07  test med 4.2283e+01 mean 3.6398e+01 max 5.9776e+01  (137.7 eps/s x 32 = 4406 run-eps/s)
epoch   9000  train 5.5819e-07  test med 4.2236e+01 mean 3.6307e+01 max 5.9704e+01  (137.7 eps/s x 32 = 4407 run-eps/s)
epoch   9100  train 5.5255e-07  test med 4.2197e+01 mean 3.6216e+01 max 5.9632e+01  (137.8 eps/s x 32 = 4409 run-eps/s)
epoch   9200  train 5.6363e-07  test med 4.2152e+01 mean 3.6118e+01 max 5.9562e+01  (137.8 eps/s x 32 = 4411 run-eps/s)
epoch   9300  train 5.3599e-07  test med 4.2113e+01 mean 3.6029e+01 max 5.9493e+01  (137.9 eps/s x 32 = 4413 run-eps/s)
epoch   9400  train 5.3584e-07  test med 4.2073e+01 mean 3.5927e+01 max 5.9425e+01  (137.9 eps/s x 32 = 4414 run-eps/s)
epoch   9500  train 5.2882e-07  test med 4.2037e+01 mean 3.5824e+01 max 5.9358e+01  (138.0 eps/s x 32 = 4416 run-eps/s)
epoch   9600  train 5.1432e-07  test med 4.2001e+01 mean 3.5718e+01 max 5.9292e+01  (138.0 eps/s x 32 = 4418 run-eps/s)
epoch   9700  train 5.1064e-07  test med 4.1964e+01 mean 3.5601e+01 max 5.9226e+01  (138.1 eps/s x 32 = 4419 run-eps/s)
epoch   9800  train 4.9964e-07  test med 4.1921e+01 mean 3.5480e+01 max 5.9163e+01  (138.1 eps/s x 32 = 4421 run-eps/s)
epoch   9900  train 4.8989e-07  test med 4.1881e+01 mean 3.5350e+01 max 5.9100e+01  (138.2 eps/s x 32 = 4422 run-eps/s)
epoch  10000  train 4.8138e-07  test med 4.1845e+01 mean 3.5216e+01 max 5.9035e+01  (138.2 eps/s x 32 = 4424 run-eps/s)
epoch  10100  train 4.7086e-07  test med 4.1809e+01 mean 3.5078e+01 max 5.8973e+01  (138.3 eps/s x 32 = 4425 run-eps/s)
epoch  10200  train 4.6114e-07  test med 4.1769e+01 mean 3.4929e+01 max 5.8910e+01  (138.3 eps/s x 32 = 4426 run-eps/s)
epoch  10300  train 4.3834e-07  test med 4.1732e+01 mean 3.4789e+01 max 5.8849e+01  (138.4 eps/s x 32 = 4428 run-eps/s)
epoch  10400  train 4.2785e-07  test med 4.1690e+01 mean 3.4658e+01 max 5.8788e+01  (138.4 eps/s x 32 = 4429 run-eps/s)
epoch  10500  train 4.1558e-07  test med 4.1653e+01 mean 3.4526e+01 max 5.8728e+01  (138.4 eps/s x 32 = 4430 run-eps/s)
epoch  10600  train 4.0699e-07  test med 4.1612e+01 mean 3.4383e+01 max 5.8669e+01  (138.5 eps/s x 32 = 4432 run-eps/s)
epoch  10700  train 4.0071e-07  test med 4.1576e+01 mean 3.4236e+01 max 5.8610e+01  (138.5 eps/s x 32 = 4433 run-eps/s)
epoch  10800  train 3.9297e-07  test med 4.1540e+01 mean 3.4083e+01 max 5.8551e+01  (138.6 eps/s x 32 = 4434 run-eps/s)
epoch  10900  train 3.8278e-07  test med 4.1501e+01 mean 3.3927e+01 max 5.8492e+01  (138.6 eps/s x 32 = 4435 run-eps/s)
epoch  11000  train 3.7665e-07  test med 4.1465e+01 mean 3.3764e+01 max 5.8434e+01  (138.6 eps/s x 32 = 4436 run-eps/s)
epoch  11100  train 3.7013e-07  test med 4.1428e+01 mean 3.3593e+01 max 5.8375e+01  (138.7 eps/s x 32 = 4438 run-eps/s)
epoch  11200  train 3.6193e-07  test med 4.1389e+01 mean 3.3411e+01 max 5.8317e+01  (138.7 eps/s x 32 = 4439 run-eps/s)
epoch  11300  train 3.5701e-07  test med 4.1350e+01 mean 3.3220e+01 max 5.8260e+01  (138.7 eps/s x 32 = 4440 run-eps/s)
epoch  11400  train 3.4427e-07  test med 4.1312e+01 mean 3.3020e+01 max 5.8203e+01  (138.8 eps/s x 32 = 4441 run-eps/s)
epoch  11500  train 3.3042e-07  test med 4.1270e+01 mean 3.2832e+01 max 5.8148e+01  (138.8 eps/s x 32 = 4442 run-eps/s)
epoch  11600  train 3.1807e-07  test med 4.1235e+01 mean 3.2703e+01 max 5.8093e+01  (138.8 eps/s x 32 = 4443 run-eps/s)
epoch  11700  train 3.0820e-07  test med 4.1202e+01 mean 3.2610e+01 max 5.8039e+01  (138.9 eps/s x 32 = 4444 run-eps/s)
epoch  11800  train 2.9936e-07  test med 4.1170e+01 mean 3.2528e+01 max 5.7987e+01  (138.9 eps/s x 32 = 4445 run-eps/s)
epoch  11900  train 2.9168e-07  test med 4.1134e+01 mean 3.2443e+01 max 5.7935e+01  (138.9 eps/s x 32 = 4446 run-eps/s)
epoch  12000  train 2.8308e-07  test med 4.1100e+01 mean 3.2355e+01 max 5.7884e+01  (139.0 eps/s x 32 = 4447 run-eps/s)
epoch  12100  train 2.7657e-07  test med 4.1068e+01 mean 3.2265e+01 max 5.7833e+01  (139.0 eps/s x 32 = 4448 run-eps/s)
epoch  12200  train 2.7118e-07  test med 4.1032e+01 mean 3.2173e+01 max 5.7783e+01  (139.0 eps/s x 32 = 4449 run-eps/s)
epoch  12300  train 2.6703e-07  test med 4.1001e+01 mean 3.2079e+01 max 5.7731e+01  (139.1 eps/s x 32 = 4450 run-eps/s)
epoch  12400  train 2.6318e-07  test med 4.0965e+01 mean 3.1985e+01 max 5.7682e+01  (139.1 eps/s x 32 = 4451 run-eps/s)
epoch  12500  train 2.6094e-07  test med 4.0931e+01 mean 3.1892e+01 max 5.7633e+01  (139.1 eps/s x 32 = 4452 run-eps/s)
epoch  12600  train 2.5712e-07  test med 4.0896e+01 mean 3.1797e+01 max 5.7586e+01  (139.1 eps/s x 32 = 4453 run-eps/s)
epoch  12700  train 2.5345e-07  test med 4.0863e+01 mean 3.1692e+01 max 5.7538e+01  (139.2 eps/s x 32 = 4454 run-eps/s)
epoch  12800  train 2.4748e-07  test med 4.0828e+01 mean 3.1567e+01 max 5.7491e+01  (139.2 eps/s x 32 = 4455 run-eps/s)
epoch  12900  train 2.4021e-07  test med 4.0794e+01 mean 3.1426e+01 max 5.7445e+01  (139.2 eps/s x 32 = 4455 run-eps/s)
epoch  13000  train 2.3410e-07  test med 4.0757e+01 mean 3.1313e+01 max 5.7399e+01  (139.3 eps/s x 32 = 4456 run-eps/s)
epoch  13100  train 2.2790e-07  test med 4.0724e+01 mean 3.1242e+01 max 5.7352e+01  (139.3 eps/s x 32 = 4457 run-eps/s)
epoch  13200  train 2.2123e-07  test med 4.0691e+01 mean 3.1189e+01 max 5.7305e+01  (139.3 eps/s x 32 = 4458 run-eps/s)
epoch  13300  train 2.1631e-07  test med 4.0661e+01 mean 3.1139e+01 max 5.7260e+01  (139.3 eps/s x 32 = 4459 run-eps/s)
epoch  13400  train 2.1401e-07  test med 4.0628e+01 mean 3.1089e+01 max 5.7215e+01  (139.4 eps/s x 32 = 4460 run-eps/s)
epoch  13500  train 2.1264e-07  test med 4.0597e+01 mean 3.1039e+01 max 5.7170e+01  (139.4 eps/s x 32 = 4460 run-eps/s)
epoch  13600  train 2.1165e-07  test med 4.0568e+01 mean 3.0988e+01 max 5.7125e+01  (139.4 eps/s x 32 = 4461 run-eps/s)
epoch  13700  train 2.1095e-07  test med 4.0538e+01 mean 3.0936e+01 max 5.7080e+01  (139.4 eps/s x 32 = 4462 run-eps/s)
epoch  13800  train 2.1035e-07  test med 4.0507e+01 mean 3.0882e+01 max 5.7036e+01  (139.5 eps/s x 32 = 4463 run-eps/s)
epoch  13900  train 2.0939e-07  test med 4.0477e+01 mean 3.0829e+01 max 5.6993e+01  (139.5 eps/s x 32 = 4463 run-eps/s)
epoch  14000  train 2.0877e-07  test med 4.0443e+01 mean 3.0773e+01 max 5.6948e+01  (139.5 eps/s x 32 = 4464 run-eps/s)
epoch  14100  train 2.0827e-07  test med 4.0410e+01 mean 3.0716e+01 max 5.6906e+01  (139.5 eps/s x 32 = 4465 run-eps/s)
epoch  14200  train 2.0790e-07  test med 4.0375e+01 mean 3.0659e+01 max 5.6864e+01  (139.5 eps/s x 32 = 4465 run-eps/s)
epoch  14300  train 2.0758e-07  test med 4.0342e+01 mean 3.0601e+01 max 5.6822e+01  (139.6 eps/s x 32 = 4466 run-eps/s)
epoch  14400  train 2.0729e-07  test med 4.0312e+01 mean 3.0544e+01 max 5.6780e+01  (139.6 eps/s x 32 = 4467 run-eps/s)
epoch  14500  train 2.0697e-07  test med 4.0281e+01 mean 3.0485e+01 max 5.6738e+01  (139.6 eps/s x 32 = 4467 run-eps/s)
epoch  14600  train 2.0673e-07  test med 4.0246e+01 mean 3.0425e+01 max 5.6697e+01  (139.6 eps/s x 32 = 4468 run-eps/s)
epoch  14700  train 2.0649e-07  test med 4.0215e+01 mean 3.0364e+01 max 5.6655e+01  (139.7 eps/s x 32 = 4469 run-eps/s)
epoch  14800  train 2.0622e-07  test med 4.0186e+01 mean 3.0301e+01 max 5.6615e+01  (139.7 eps/s x 32 = 4470 run-eps/s)
epoch  14900  train 2.0601e-07  test med 4.0154e+01 mean 3.0237e+01 max 5.6575e+01  (139.7 eps/s x 32 = 4470 run-eps/s)
epoch  15000  train 2.0578e-07  test med 4.0129e+01 mean 3.0172e+01 max 5.6534e+01  (139.7 eps/s x 32 = 4471 run-eps/s)
epoch  15100  train 2.0551e-07  test med 4.0103e+01 mean 3.0104e+01 max 5.6494e+01  (139.7 eps/s x 32 = 4472 run-eps/s)
epoch  15200  train 2.0527e-07  test med 4.0079e+01 mean 3.0033e+01 max 5.6453e+01  (139.8 eps/s x 32 = 4472 run-eps/s)
epoch  15300  train 2.0505e-07  test med 4.0050e+01 mean 2.9962e+01 max 5.6414e+01  (139.8 eps/s x 32 = 4473 run-eps/s)
epoch  15400  train 2.0479e-07  test med 4.0023e+01 mean 2.9890e+01 max 5.6375e+01  (139.8 eps/s x 32 = 4473 run-eps/s)
epoch  15500  train 2.0458e-07  test med 3.9991e+01 mean 2.9816e+01 max 5.6335e+01  (139.8 eps/s x 32 = 4474 run-eps/s)
epoch  15600  train 2.0429e-07  test med 3.9960e+01 mean 2.9740e+01 max 5.6297e+01  (139.8 eps/s x 32 = 4475 run-eps/s)
epoch  15700  train 2.0404e-07  test med 3.9931e+01 mean 2.9663e+01 max 5.6259e+01  (139.8 eps/s x 32 = 4475 run-eps/s)
epoch  15800  train 2.0378e-07  test med 3.9901e+01 mean 2.9586e+01 max 5.6219e+01  (139.9 eps/s x 32 = 4476 run-eps/s)
epoch  15900  train 2.0347e-07  test med 3.9870e+01 mean 2.9506e+01 max 5.6179e+01  (139.9 eps/s x 32 = 4476 run-eps/s)
epoch  16000  train 2.0322e-07  test med 3.9839e+01 mean 2.9424e+01 max 5.6138e+01  (139.9 eps/s x 32 = 4477 run-eps/s)
epoch  16100  train 2.0294e-07  test med 3.9804e+01 mean 2.9342e+01 max 5.6098e+01  (139.9 eps/s x 32 = 4477 run-eps/s)
epoch  16200  train 2.0261e-07  test med 3.9774e+01 mean 2.9259e+01 max 5.6059e+01  (139.9 eps/s x 32 = 4478 run-eps/s)
epoch  16300  train 2.0226e-07  test med 3.9744e+01 mean 2.9174e+01 max 5.6018e+01  (140.0 eps/s x 32 = 4479 run-eps/s)
epoch  16400  train 2.0187e-07  test med 3.9714e+01 mean 2.9088e+01 max 5.5979e+01  (140.0 eps/s x 32 = 4479 run-eps/s)
epoch  16500  train 2.0150e-07  test med 3.9682e+01 mean 2.9001e+01 max 5.5940e+01  (140.0 eps/s x 32 = 4480 run-eps/s)
epoch  16600  train 2.0105e-07  test med 3.9648e+01 mean 2.8912e+01 max 5.5901e+01  (140.0 eps/s x 32 = 4480 run-eps/s)
epoch  16700  train 2.0053e-07  test med 3.9615e+01 mean 2.8824e+01 max 5.5862e+01  (140.0 eps/s x 32 = 4481 run-eps/s)
epoch  16800  train 1.9998e-07  test med 3.9577e+01 mean 2.8738e+01 max 5.5824e+01  (140.0 eps/s x 32 = 4481 run-eps/s)
epoch  16900  train 1.9938e-07  test med 3.9544e+01 mean 2.8657e+01 max 5.5790e+01  (140.1 eps/s x 32 = 4482 run-eps/s)
epoch  17000  train 1.9880e-07  test med 3.9506e+01 mean 2.8585e+01 max 5.5756e+01  (140.1 eps/s x 32 = 4482 run-eps/s)
epoch  17100  train 1.9825e-07  test med 3.9472e+01 mean 2.8525e+01 max 5.5723e+01  (140.1 eps/s x 32 = 4483 run-eps/s)
epoch  17200  train 1.9773e-07  test med 3.9434e+01 mean 2.8471e+01 max 5.5691e+01  (140.1 eps/s x 32 = 4483 run-eps/s)
epoch  17300  train 1.9735e-07  test med 3.9397e+01 mean 2.8421e+01 max 5.5657e+01  (140.1 eps/s x 32 = 4484 run-eps/s)
epoch  17400  train 1.9695e-07  test med 3.9366e+01 mean 2.8374e+01 max 5.5627e+01  (140.1 eps/s x 32 = 4484 run-eps/s)
epoch  17500  train 1.9659e-07  test med 3.9328e+01 mean 2.8327e+01 max 5.5595e+01  (140.1 eps/s x 32 = 4485 run-eps/s)
epoch  17600  train 1.9629e-07  test med 3.9291e+01 mean 2.8280e+01 max 5.5564e+01  (140.2 eps/s x 32 = 4485 run-eps/s)
epoch  17700  train 1.9599e-07  test med 3.9255e+01 mean 2.8233e+01 max 5.5532e+01  (140.2 eps/s x 32 = 4486 run-eps/s)
epoch  17800  train 1.9571e-07  test med 3.9219e+01 mean 2.8185e+01 max 5.5499e+01  (140.2 eps/s x 32 = 4486 run-eps/s)
epoch  17900  train 1.9542e-07  test med 3.9186e+01 mean 2.8137e+01 max 5.5468e+01  (140.2 eps/s x 32 = 4487 run-eps/s)
epoch  18000  train 1.9520e-07  test med 3.9149e+01 mean 2.8089e+01 max 5.5437e+01  (140.2 eps/s x 32 = 4487 run-eps/s)
epoch  18100  train 1.9499e-07  test med 3.9116e+01 mean 2.8039e+01 max 5.5407e+01  (140.2 eps/s x 32 = 4488 run-eps/s)
epoch  18200  train 1.9477e-07  test med 3.9080e+01 mean 2.7987e+01 max 5.5377e+01  (140.3 eps/s x 32 = 4488 run-eps/s)
epoch  18300  train 1.9455e-07  test med 3.9047e+01 mean 2.7934e+01 max 5.5345e+01  (140.3 eps/s x 32 = 4489 run-eps/s)
epoch  18400  train 1.9437e-07  test med 3.9012e+01 mean 2.7879e+01 max 5.5316e+01  (140.3 eps/s x 32 = 4489 run-eps/s)
epoch  18500  train 1.9414e-07  test med 3.8974e+01 mean 2.7823e+01 max 5.5286e+01  (140.3 eps/s x 32 = 4489 run-eps/s)
epoch  18600  train 1.9388e-07  test med 3.8944e+01 mean 2.7766e+01 max 5.5256e+01  (140.3 eps/s x 32 = 4490 run-eps/s)
epoch  18700  train 1.9367e-07  test med 3.8906e+01 mean 2.7705e+01 max 5.5228e+01  (140.3 eps/s x 32 = 4490 run-eps/s)
epoch  18800  train 1.9340e-07  test med 3.8874e+01 mean 2.7642e+01 max 5.5199e+01  (140.3 eps/s x 32 = 4491 run-eps/s)
epoch  18900  train 1.9307e-07  test med 3.8839e+01 mean 2.7575e+01 max 5.5171e+01  (140.3 eps/s x 32 = 4491 run-eps/s)
epoch  19000  train 1.9280e-07  test med 3.8807e+01 mean 2.7507e+01 max 5.5143e+01  (140.4 eps/s x 32 = 4491 run-eps/s)
epoch  19100  train 1.9255e-07  test med 3.8772e+01 mean 2.7436e+01 max 5.5113e+01  (140.4 eps/s x 32 = 4492 run-eps/s)
epoch  19200  train 1.9226e-07  test med 3.8741e+01 mean 2.7363e+01 max 5.5085e+01  (140.4 eps/s x 32 = 4492 run-eps/s)
epoch  19300  train 1.9189e-07  test med 3.8709e+01 mean 2.7288e+01 max 5.5058e+01  (140.4 eps/s x 32 = 4493 run-eps/s)
epoch  19400  train 1.9145e-07  test med 3.8673e+01 mean 2.7210e+01 max 5.5029e+01  (140.4 eps/s x 32 = 4493 run-eps/s)
epoch  19500  train 1.9113e-07  test med 3.8637e+01 mean 2.7132e+01 max 5.5002e+01  (140.4 eps/s x 32 = 4493 run-eps/s)
epoch  19600  train 1.9072e-07  test med 3.8596e+01 mean 2.7052e+01 max 5.4973e+01  (140.4 eps/s x 32 = 4494 run-eps/s)
epoch  19700  train 1.9029e-07  test med 3.8556e+01 mean 2.6972e+01 max 5.4946e+01  (140.4 eps/s x 32 = 4494 run-eps/s)
epoch  19800  train 1.8979e-07  test med 3.8516e+01 mean 2.6891e+01 max 5.4919e+01  (140.5 eps/s x 32 = 4495 run-eps/s)
epoch  19900  train 1.8913e-07  test med 3.8474e+01 mean 2.6808e+01 max 5.4893e+01  (140.5 eps/s x 32 = 4495 run-eps/s)
epoch  20000  train 1.8842e-07  test med 3.8434e+01 mean 2.6723e+01 max 5.4864e+01  (140.5 eps/s x 32 = 4495 run-eps/s)
epoch  20100  train 1.8773e-07  test med 3.8392e+01 mean 2.6636e+01 max 5.4839e+01  (140.5 eps/s x 32 = 4496 run-eps/s)
epoch  20200  train 1.8699e-07  test med 3.8350e+01 mean 2.6552e+01 max 5.4812e+01  (140.5 eps/s x 32 = 4496 run-eps/s)
epoch  20300  train 1.8631e-07  test med 3.8305e+01 mean 2.6472e+01 max 5.4784e+01  (140.5 eps/s x 32 = 4496 run-eps/s)
epoch  20400  train 1.8564e-07  test med 3.8267e+01 mean 2.6398e+01 max 5.4760e+01  (140.5 eps/s x 32 = 4497 run-eps/s)
epoch  20500  train 1.8492e-07  test med 3.8233e+01 mean 2.6330e+01 max 5.4733e+01  (140.5 eps/s x 32 = 4497 run-eps/s)
epoch  20600  train 1.8434e-07  test med 3.8190e+01 mean 2.6268e+01 max 5.4708e+01  (140.5 eps/s x 32 = 4497 run-eps/s)
epoch  20700  train 1.8376e-07  test med 3.8149e+01 mean 2.6209e+01 max 5.4682e+01  (140.5 eps/s x 32 = 4497 run-eps/s)
epoch  20800  train 1.8314e-07  test med 3.8108e+01 mean 2.6153e+01 max 5.4660e+01  (140.6 eps/s x 32 = 4498 run-eps/s)
epoch  20900  train 1.8255e-07  test med 3.8068e+01 mean 2.6100e+01 max 5.4634e+01  (140.6 eps/s x 32 = 4498 run-eps/s)
epoch  21000  train 1.8202e-07  test med 3.8023e+01 mean 2.6046e+01 max 5.4610e+01  (140.6 eps/s x 32 = 4498 run-eps/s)
epoch  21100  train 1.8147e-07  test med 3.7981e+01 mean 2.5993e+01 max 5.4586e+01  (140.6 eps/s x 32 = 4499 run-eps/s)
epoch  21200  train 1.8090e-07  test med 3.7936e+01 mean 2.5937e+01 max 5.4562e+01  (140.6 eps/s x 32 = 4499 run-eps/s)
epoch  21300  train 1.8041e-07  test med 3.7894e+01 mean 2.5880e+01 max 5.4537e+01  (140.6 eps/s x 32 = 4499 run-eps/s)
epoch  21400  train 1.7998e-07  test med 3.7848e+01 mean 2.5819e+01 max 5.4515e+01  (140.6 eps/s x 32 = 4500 run-eps/s)
epoch  21500  train 1.7955e-07  test med 3.7802e+01 mean 2.5758e+01 max 5.4488e+01  (140.6 eps/s x 32 = 4500 run-eps/s)
epoch  21600  train 1.7908e-07  test med 3.7755e+01 mean 2.5694e+01 max 5.4463e+01  (140.6 eps/s x 32 = 4500 run-eps/s)
epoch  21700  train 1.7870e-07  test med 3.7707e+01 mean 2.5629e+01 max 5.4438e+01  (140.6 eps/s x 32 = 4500 run-eps/s)
epoch  21800  train 1.7824e-07  test med 3.7667e+01 mean 2.5563e+01 max 5.4414e+01  (140.6 eps/s x 32 = 4501 run-eps/s)
epoch  21900  train 1.7776e-07  test med 3.7624e+01 mean 2.5497e+01 max 5.4390e+01  (140.7 eps/s x 32 = 4501 run-eps/s)
epoch  22000  train 1.7727e-07  test med 3.7581e+01 mean 2.5434e+01 max 5.4365e+01  (140.7 eps/s x 32 = 4501 run-eps/s)
epoch  22100  train 1.7675e-07  test med 3.7537e+01 mean 2.5376e+01 max 5.4343e+01  (140.7 eps/s x 32 = 4502 run-eps/s)
epoch  22200  train 1.7629e-07  test med 3.7492e+01 mean 2.5327e+01 max 5.4319e+01  (140.7 eps/s x 32 = 4502 run-eps/s)
epoch  22300  train 1.7585e-07  test med 3.7449e+01 mean 2.5290e+01 max 5.4295e+01  (140.7 eps/s x 32 = 4502 run-eps/s)
epoch  22400  train 1.7546e-07  test med 3.7408e+01 mean 2.5262e+01 max 5.4271e+01  (140.7 eps/s x 32 = 4502 run-eps/s)
epoch  22500  train 1.7505e-07  test med 3.7367e+01 mean 2.5238e+01 max 5.4248e+01  (140.7 eps/s x 32 = 4503 run-eps/s)
epoch  22600  train 1.7464e-07  test med 3.7327e+01 mean 2.5217e+01 max 5.4226e+01  (140.7 eps/s x 32 = 4503 run-eps/s)
epoch  22700  train 1.7423e-07  test med 3.7286e+01 mean 2.5198e+01 max 5.4202e+01  (140.7 eps/s x 32 = 4503 run-eps/s)
epoch  22800  train 1.7383e-07  test med 3.7241e+01 mean 2.5179e+01 max 5.4178e+01  (140.7 eps/s x 32 = 4504 run-eps/s)
epoch  22900  train 1.7353e-07  test med 3.7196e+01 mean 2.5159e+01 max 5.4155e+01  (140.7 eps/s x 32 = 4504 run-eps/s)
epoch  23000  train 1.7325e-07  test med 3.7153e+01 mean 2.5141e+01 max 5.4132e+01  (140.8 eps/s x 32 = 4504 run-eps/s)
epoch  23100  train 1.7307e-07  test med 3.7108e+01 mean 2.5122e+01 max 5.4109e+01  (140.8 eps/s x 32 = 4504 run-eps/s)
epoch  23200  train 1.7291e-07  test med 3.7064e+01 mean 2.5102e+01 max 5.4088e+01  (140.8 eps/s x 32 = 4505 run-eps/s)
epoch  23300  train 1.7278e-07  test med 3.7022e+01 mean 2.5083e+01 max 5.4065e+01  (140.8 eps/s x 32 = 4505 run-eps/s)
epoch  23400  train 1.7265e-07  test med 3.6974e+01 mean 2.5063e+01 max 5.4042e+01  (140.8 eps/s x 32 = 4505 run-eps/s)
epoch  23500  train 1.7259e-07  test med 3.6928e+01 mean 2.5044e+01 max 5.4020e+01  (140.8 eps/s x 32 = 4505 run-eps/s)
epoch  23600  train 1.7254e-07  test med 3.6880e+01 mean 2.5024e+01 max 5.3998e+01  (140.8 eps/s x 32 = 4505 run-eps/s)
epoch  23700  train 1.7244e-07  test med 3.6834e+01 mean 2.5004e+01 max 5.3975e+01  (140.8 eps/s x 32 = 4506 run-eps/s)
epoch  23800  train 1.7237e-07  test med 3.6787e+01 mean 2.4985e+01 max 5.3952e+01  (140.8 eps/s x 32 = 4506 run-eps/s)
epoch  23900  train 1.7230e-07  test med 3.6741e+01 mean 2.4965e+01 max 5.3929e+01  (140.8 eps/s x 32 = 4506 run-eps/s)
epoch  24000  train 1.7224e-07  test med 3.6691e+01 mean 2.4945e+01 max 5.3907e+01  (140.8 eps/s x 32 = 4506 run-eps/s)
epoch  24100  train 1.7220e-07  test med 3.6645e+01 mean 2.4925e+01 max 5.3885e+01  (140.8 eps/s x 32 = 4506 run-eps/s)
epoch  24200  train 1.7216e-07  test med 3.6598e+01 mean 2.4906e+01 max 5.3863e+01  (140.8 eps/s x 32 = 4507 run-eps/s)
epoch  24300  train 1.7210e-07  test med 3.6550e+01 mean 2.4886e+01 max 5.3841e+01  (140.8 eps/s x 32 = 4507 run-eps/s)
epoch  24400  train 1.7203e-07  test med 3.6505e+01 mean 2.4866e+01 max 5.3819e+01  (140.8 eps/s x 32 = 4507 run-eps/s)
epoch  24500  train 1.7199e-07  test med 3.6457e+01 mean 2.4846e+01 max 5.3798e+01  (140.9 eps/s x 32 = 4507 run-eps/s)
epoch  24600  train 1.7192e-07  test med 3.6411e+01 mean 2.4826e+01 max 5.3776e+01  (140.9 eps/s x 32 = 4508 run-eps/s)
epoch  24700  train 1.7189e-07  test med 3.6364e+01 mean 2.4806e+01 max 5.3754e+01  (140.9 eps/s x 32 = 4508 run-eps/s)
epoch  24800  train 1.7180e-07  test med 3.6316e+01 mean 2.4785e+01 max 5.3730e+01  (140.9 eps/s x 32 = 4508 run-eps/s)
epoch  24900  train 1.7176e-07  test med 3.6263e+01 mean 2.4765e+01 max 5.3707e+01  (140.9 eps/s x 32 = 4508 run-eps/s)
epoch  25000  train 1.7169e-07  test med 3.6216e+01 mean 2.4744e+01 max 5.3686e+01  (140.9 eps/s x 32 = 4508 run-eps/s)
epoch  25100  train 1.7164e-07  test med 3.6168e+01 mean 2.4723e+01 max 5.3665e+01  (140.9 eps/s x 32 = 4508 run-eps/s)
epoch  25200  train 1.7158e-07  test med 3.6114e+01 mean 2.4702e+01 max 5.3643e+01  (140.9 eps/s x 32 = 4508 run-eps/s)
epoch  25300  train 1.7156e-07  test med 3.6064e+01 mean 2.4681e+01 max 5.3618e+01  (140.9 eps/s x 32 = 4508 run-eps/s)
epoch  25400  train 1.7153e-07  test med 3.6009e+01 mean 2.4660e+01 max 5.3595e+01  (140.9 eps/s x 32 = 4509 run-eps/s)
epoch  25500  train 1.7145e-07  test med 3.5958e+01 mean 2.4639e+01 max 5.3574e+01  (140.9 eps/s x 32 = 4509 run-eps/s)
epoch  25600  train 1.7144e-07  test med 3.5906e+01 mean 2.4617e+01 max 5.3553e+01  (140.9 eps/s x 32 = 4509 run-eps/s)
epoch  25700  train 1.7138e-07  test med 3.5851e+01 mean 2.4596e+01 max 5.3529e+01  (140.9 eps/s x 32 = 4509 run-eps/s)
epoch  25800  train 1.7135e-07  test med 3.5797e+01 mean 2.4574e+01 max 5.3507e+01  (140.9 eps/s x 32 = 4510 run-eps/s)
epoch  25900  train 1.7129e-07  test med 3.5743e+01 mean 2.4551e+01 max 5.3486e+01  (140.9 eps/s x 32 = 4510 run-eps/s)
epoch  26000  train 1.7125e-07  test med 3.5684e+01 mean 2.4529e+01 max 5.3464e+01  (140.9 eps/s x 32 = 4510 run-eps/s)
epoch  26100  train 1.7120e-07  test med 3.5625e+01 mean 2.4506e+01 max 5.3440e+01  (140.9 eps/s x 32 = 4510 run-eps/s)
epoch  26200  train 1.7117e-07  test med 3.5560e+01 mean 2.4483e+01 max 5.3421e+01  (140.9 eps/s x 32 = 4510 run-eps/s)
epoch  26300  train 1.7114e-07  test med 3.5500e+01 mean 2.4459e+01 max 5.3398e+01  (141.0 eps/s x 32 = 4510 run-eps/s)
epoch  26400  train 1.7112e-07  test med 3.5435e+01 mean 2.4436e+01 max 5.3376e+01  (141.0 eps/s x 32 = 4511 run-eps/s)
epoch  26500  train 1.7105e-07  test med 3.5372e+01 mean 2.4412e+01 max 5.3354e+01  (141.0 eps/s x 32 = 4511 run-eps/s)
epoch  26600  train 1.7102e-07  test med 3.5306e+01 mean 2.4387e+01 max 5.3333e+01  (141.0 eps/s x 32 = 4511 run-eps/s)
epoch  26700  train 1.7098e-07  test med 3.5240e+01 mean 2.4363e+01 max 5.3310e+01  (141.0 eps/s x 32 = 4511 run-eps/s)
epoch  26800  train 1.7093e-07  test med 3.5174e+01 mean 2.4339e+01 max 5.3290e+01  (141.0 eps/s x 32 = 4511 run-eps/s)
epoch  26900  train 1.7089e-07  test med 3.5108e+01 mean 2.4315e+01 max 5.3269e+01  (141.0 eps/s x 32 = 4512 run-eps/s)
epoch  27000  train 1.7085e-07  test med 3.5039e+01 mean 2.4290e+01 max 5.3246e+01  (141.0 eps/s x 32 = 4512 run-eps/s)
epoch  27100  train 1.7083e-07  test med 3.4967e+01 mean 2.4264e+01 max 5.3225e+01  (141.0 eps/s x 32 = 4512 run-eps/s)
epoch  27200  train 1.7076e-07  test med 3.4894e+01 mean 2.4239e+01 max 5.3202e+01  (141.0 eps/s x 32 = 4512 run-eps/s)
epoch  27300  train 1.7073e-07  test med 3.4818e+01 mean 2.4214e+01 max 5.3180e+01  (141.0 eps/s x 32 = 4512 run-eps/s)
epoch  27400  train 1.7067e-07  test med 3.4746e+01 mean 2.4188e+01 max 5.3159e+01  (141.0 eps/s x 32 = 4512 run-eps/s)
epoch  27500  train 1.7064e-07  test med 3.4671e+01 mean 2.4163e+01 max 5.3137e+01  (141.0 eps/s x 32 = 4513 run-eps/s)
epoch  27600  train 1.7061e-07  test med 3.4592e+01 mean 2.4137e+01 max 5.3118e+01  (141.0 eps/s x 32 = 4513 run-eps/s)
epoch  27700  train 1.7059e-07  test med 3.4514e+01 mean 2.4111e+01 max 5.3095e+01  (141.0 eps/s x 32 = 4513 run-eps/s)
epoch  27800  train 1.7052e-07  test med 3.4435e+01 mean 2.4085e+01 max 5.3073e+01  (141.0 eps/s x 32 = 4513 run-eps/s)
epoch  27900  train 1.7047e-07  test med 3.4350e+01 mean 2.4058e+01 max 5.3053e+01  (141.0 eps/s x 32 = 4513 run-eps/s)
epoch  28000  train 1.7042e-07  test med 3.4262e+01 mean 2.4031e+01 max 5.3033e+01  (141.0 eps/s x 32 = 4514 run-eps/s)
epoch  28100  train 1.7041e-07  test med 3.4176e+01 mean 2.4004e+01 max 5.3011e+01  (141.1 eps/s x 32 = 4514 run-eps/s)
epoch  28200  train 1.7037e-07  test med 3.4089e+01 mean 2.3976e+01 max 5.2990e+01  (141.1 eps/s x 32 = 4514 run-eps/s)
epoch  28300  train 1.7033e-07  test med 3.4000e+01 mean 2.3949e+01 max 5.2970e+01  (141.1 eps/s x 32 = 4514 run-eps/s)
epoch  28400  train 1.7032e-07  test med 3.3909e+01 mean 2.3921e+01 max 5.2948e+01  (141.1 eps/s x 32 = 4514 run-eps/s)
epoch  28500  train 1.7023e-07  test med 3.3814e+01 mean 2.3893e+01 max 5.2926e+01  (141.1 eps/s x 32 = 4514 run-eps/s)
epoch  28600  train 1.7018e-07  test med 3.3719e+01 mean 2.3864e+01 max 5.2905e+01  (141.1 eps/s x 32 = 4514 run-eps/s)
epoch  28700  train 1.7016e-07  test med 3.3620e+01 mean 2.3836e+01 max 5.2884e+01  (141.1 eps/s x 32 = 4515 run-eps/s)
epoch  28800  train 1.7009e-07  test med 3.3521e+01 mean 2.3806e+01 max 5.2861e+01  (141.1 eps/s x 32 = 4515 run-eps/s)
epoch  28900  train 1.7005e-07  test med 3.3420e+01 mean 2.3777e+01 max 5.2841e+01  (141.1 eps/s x 32 = 4515 run-eps/s)
epoch  29000  train 1.7001e-07  test med 3.3319e+01 mean 2.3748e+01 max 5.2819e+01  (141.1 eps/s x 32 = 4515 run-eps/s)
epoch  29100  train 1.6997e-07  test med 3.3218e+01 mean 2.3718e+01 max 5.2798e+01  (141.1 eps/s x 32 = 4515 run-eps/s)
epoch  29200  train 1.6994e-07  test med 3.3117e+01 mean 2.3688e+01 max 5.2777e+01  (141.1 eps/s x 32 = 4515 run-eps/s)
epoch  29300  train 1.6988e-07  test med 3.3015e+01 mean 2.3658e+01 max 5.2757e+01  (141.1 eps/s x 32 = 4515 run-eps/s)
epoch  29400  train 1.6984e-07  test med 3.2911e+01 mean 2.3628e+01 max 5.2736e+01  (141.1 eps/s x 32 = 4516 run-eps/s)
epoch  29500  train 1.6978e-07  test med 3.2803e+01 mean 2.3597e+01 max 5.2714e+01  (141.1 eps/s x 32 = 4516 run-eps/s)
epoch  29600  train 1.6977e-07  test med 3.2694e+01 mean 2.3566e+01 max 5.2693e+01  (141.1 eps/s x 32 = 4516 run-eps/s)
epoch  29700  train 1.6971e-07  test med 3.2583e+01 mean 2.3535e+01 max 5.2673e+01  (141.1 eps/s x 32 = 4516 run-eps/s)
epoch  29800  train 1.6969e-07  test med 3.2476e+01 mean 2.3504e+01 max 5.2652e+01  (141.1 eps/s x 32 = 4516 run-eps/s)
epoch  29900  train 1.6964e-07  test med 3.2370e+01 mean 2.3473e+01 max 5.2631e+01  (141.1 eps/s x 32 = 4516 run-eps/s)
epoch  30000  train 1.6958e-07  test med 3.2261e+01 mean 2.3442e+01 max 5.2611e+01  (141.1 eps/s x 32 = 4516 run-eps/s)
epoch  30100  train 1.6953e-07  test med 3.2148e+01 mean 2.3410e+01 max 5.2588e+01  (141.1 eps/s x 32 = 4517 run-eps/s)
epoch  30200  train 1.6948e-07  test med 3.2029e+01 mean 2.3378e+01 max 5.2568e+01  (141.1 eps/s x 32 = 4517 run-eps/s)
epoch  30300  train 1.6944e-07  test med 3.1910e+01 mean 2.3346e+01 max 5.2546e+01  (141.2 eps/s x 32 = 4517 run-eps/s)
epoch  30400  train 1.6941e-07  test med 3.1788e+01 mean 2.3314e+01 max 5.2523e+01  (141.2 eps/s x 32 = 4517 run-eps/s)
epoch  30500  train 1.6936e-07  test med 3.1670e+01 mean 2.3281e+01 max 5.2503e+01  (141.2 eps/s x 32 = 4517 run-eps/s)
epoch  30600  train 1.6931e-07  test med 3.1554e+01 mean 2.3249e+01 max 5.2483e+01  (141.2 eps/s x 32 = 4517 run-eps/s)
epoch  30700  train 1.6926e-07  test med 3.1434e+01 mean 2.3215e+01 max 5.2464e+01  (141.2 eps/s x 32 = 4517 run-eps/s)
epoch  30800  train 1.6921e-07  test med 3.1307e+01 mean 2.3182e+01 max 5.2443e+01  (141.2 eps/s x 32 = 4517 run-eps/s)
epoch  30900  train 1.6916e-07  test med 3.1178e+01 mean 2.3148e+01 max 5.2423e+01  (141.2 eps/s x 32 = 4518 run-eps/s)
epoch  31000  train 1.6910e-07  test med 3.1043e+01 mean 2.3113e+01 max 5.2404e+01  (141.2 eps/s x 32 = 4518 run-eps/s)
epoch  31100  train 1.6906e-07  test med 3.0908e+01 mean 2.3079e+01 max 5.2383e+01  (141.2 eps/s x 32 = 4518 run-eps/s)
epoch  31200  train 1.6900e-07  test med 3.0773e+01 mean 2.3044e+01 max 5.2363e+01  (141.2 eps/s x 32 = 4518 run-eps/s)
epoch  31300  train 1.6895e-07  test med 3.0631e+01 mean 2.3008e+01 max 5.2343e+01  (141.2 eps/s x 32 = 4518 run-eps/s)
epoch  31400  train 1.6891e-07  test med 3.0481e+01 mean 2.2972e+01 max 5.2321e+01  (141.2 eps/s x 32 = 4518 run-eps/s)
epoch  31500  train 1.6884e-07  test med 3.0322e+01 mean 2.2935e+01 max 5.2303e+01  (141.2 eps/s x 32 = 4518 run-eps/s)
epoch  31600  train 1.6877e-07  test med 3.0156e+01 mean 2.2898e+01 max 5.2282e+01  (141.2 eps/s x 32 = 4518 run-eps/s)
epoch  31700  train 1.6872e-07  test med 2.9956e+01 mean 2.2860e+01 max 5.2262e+01  (141.2 eps/s x 32 = 4519 run-eps/s)
epoch  31800  train 1.6868e-07  test med 2.9740e+01 mean 2.2823e+01 max 5.2243e+01  (141.2 eps/s x 32 = 4519 run-eps/s)
epoch  31900  train 1.6861e-07  test med 2.9519e+01 mean 2.2784e+01 max 5.2221e+01  (141.2 eps/s x 32 = 4519 run-eps/s)
epoch  32000  train 1.6855e-07  test med 2.9293e+01 mean 2.2746e+01 max 5.2199e+01  (141.2 eps/s x 32 = 4519 run-eps/s)
epoch  32100  train 1.6852e-07  test med 2.9061e+01 mean 2.2708e+01 max 5.2181e+01  (141.2 eps/s x 32 = 4519 run-eps/s)
epoch  32200  train 1.6845e-07  test med 2.8830e+01 mean 2.2669e+01 max 5.2160e+01  (141.2 eps/s x 32 = 4519 run-eps/s)
epoch  32300  train 1.6837e-07  test med 2.8592e+01 mean 2.2630e+01 max 5.2141e+01  (141.2 eps/s x 32 = 4519 run-eps/s)
epoch  32400  train 1.6831e-07  test med 2.8345e+01 mean 2.2591e+01 max 5.2120e+01  (141.2 eps/s x 32 = 4519 run-eps/s)
epoch  32500  train 1.6824e-07  test med 2.8096e+01 mean 2.2552e+01 max 5.2098e+01  (141.2 eps/s x 32 = 4520 run-eps/s)
epoch  32600  train 1.6817e-07  test med 2.7837e+01 mean 2.2512e+01 max 5.2076e+01  (141.2 eps/s x 32 = 4520 run-eps/s)
epoch  32700  train 1.6811e-07  test med 2.7575e+01 mean 2.2472e+01 max 5.2056e+01  (141.2 eps/s x 32 = 4520 run-eps/s)
epoch  32800  train 1.6802e-07  test med 2.7302e+01 mean 2.2431e+01 max 5.2035e+01  (141.2 eps/s x 32 = 4520 run-eps/s)
epoch  32900  train 1.6794e-07  test med 2.7020e+01 mean 2.2389e+01 max 5.2015e+01  (141.3 eps/s x 32 = 4520 run-eps/s)
epoch  33000  train 1.6785e-07  test med 2.6732e+01 mean 2.2348e+01 max 5.1996e+01  (141.3 eps/s x 32 = 4520 run-eps/s)
epoch  33100  train 1.6779e-07  test med 2.6431e+01 mean 2.2306e+01 max 5.1974e+01  (141.3 eps/s x 32 = 4520 run-eps/s)
epoch  33200  train 1.6770e-07  test med 2.6125e+01 mean 2.2264e+01 max 5.1954e+01  (141.3 eps/s x 32 = 4520 run-eps/s)
epoch  33300  train 1.6760e-07  test med 2.5803e+01 mean 2.2222e+01 max 5.1934e+01  (141.3 eps/s x 32 = 4520 run-eps/s)
epoch  33400  train 1.6752e-07  test med 2.5460e+01 mean 2.2179e+01 max 5.1914e+01  (141.3 eps/s x 32 = 4521 run-eps/s)
epoch  33500  train 1.6742e-07  test med 2.5115e+01 mean 2.2136e+01 max 5.1892e+01  (141.3 eps/s x 32 = 4521 run-eps/s)
epoch  33600  train 1.6731e-07  test med 2.4757e+01 mean 2.2093e+01 max 5.1872e+01  (141.3 eps/s x 32 = 4521 run-eps/s)
epoch  33700  train 1.6721e-07  test med 2.4386e+01 mean 2.2049e+01 max 5.1852e+01  (141.3 eps/s x 32 = 4521 run-eps/s)
epoch  33800  train 1.6710e-07  test med 2.3996e+01 mean 2.2006e+01 max 5.1832e+01  (141.3 eps/s x 32 = 4521 run-eps/s)
epoch  33900  train 1.6702e-07  test med 2.3584e+01 mean 2.1961e+01 max 5.1812e+01  (141.3 eps/s x 32 = 4521 run-eps/s)
epoch  34000  train 1.6690e-07  test med 2.3153e+01 mean 2.1915e+01 max 5.1792e+01  (141.3 eps/s x 32 = 4521 run-eps/s)
epoch  34100  train 1.6680e-07  test med 2.2703e+01 mean 2.1869e+01 max 5.1772e+01  (141.3 eps/s x 32 = 4521 run-eps/s)
epoch  34200  train 1.6668e-07  test med 2.2229e+01 mean 2.1822e+01 max 5.1751e+01  (141.3 eps/s x 32 = 4521 run-eps/s)
epoch  34300  train 1.6654e-07  test med 2.1721e+01 mean 2.1773e+01 max 5.1731e+01  (141.3 eps/s x 32 = 4522 run-eps/s)
epoch  34400  train 1.6644e-07  test med 2.1193e+01 mean 2.1724e+01 max 5.1713e+01  (141.3 eps/s x 32 = 4522 run-eps/s)
epoch  34500  train 1.6631e-07  test med 2.0628e+01 mean 2.1673e+01 max 5.1692e+01  (141.3 eps/s x 32 = 4522 run-eps/s)
epoch  34600  train 1.6617e-07  test med 2.0037e+01 mean 2.1620e+01 max 5.1671e+01  (141.3 eps/s x 32 = 4522 run-eps/s)
epoch  34700  train 1.6606e-07  test med 1.9422e+01 mean 2.1566e+01 max 5.1652e+01  (141.3 eps/s x 32 = 4522 run-eps/s)
epoch  34800  train 1.6591e-07  test med 1.8773e+01 mean 2.1509e+01 max 5.1635e+01  (141.3 eps/s x 32 = 4522 run-eps/s)
epoch  34900  train 1.6577e-07  test med 1.8077e+01 mean 2.1450e+01 max 5.1615e+01  (141.3 eps/s x 32 = 4522 run-eps/s)
epoch  35000  train 1.6559e-07  test med 1.7354e+01 mean 2.1389e+01 max 5.1597e+01  (141.3 eps/s x 32 = 4522 run-eps/s)
epoch  35100  train 1.6540e-07  test med 1.6591e+01 mean 2.1326e+01 max 5.1579e+01  (141.3 eps/s x 32 = 4522 run-eps/s)
epoch  35200  train 1.6522e-07  test med 1.5769e+01 mean 2.1258e+01 max 5.1560e+01  (141.3 eps/s x 32 = 4522 run-eps/s)
epoch  35300  train 1.6500e-07  test med 1.4911e+01 mean 2.1189e+01 max 5.1541e+01  (141.3 eps/s x 32 = 4522 run-eps/s)
epoch  35400  train 1.6479e-07  test med 1.4027e+01 mean 2.1117e+01 max 5.1526e+01  (141.3 eps/s x 32 = 4523 run-eps/s)
epoch  35500  train 1.6455e-07  test med 1.3121e+01 mean 2.1045e+01 max 5.1505e+01  (141.3 eps/s x 32 = 4523 run-eps/s)
epoch  35600  train 1.6426e-07  test med 1.2169e+01 mean 2.0969e+01 max 5.1488e+01  (141.3 eps/s x 32 = 4523 run-eps/s)
epoch  35700  train 1.6396e-07  test med 1.1204e+01 mean 2.0893e+01 max 5.1472e+01  (141.3 eps/s x 32 = 4523 run-eps/s)
epoch  35800  train 1.6361e-07  test med 1.0238e+01 mean 2.0817e+01 max 5.1452e+01  (141.3 eps/s x 32 = 4523 run-eps/s)
epoch  35900  train 1.6329e-07  test med 9.3174e+00 mean 2.0743e+01 max 5.1437e+01  (141.3 eps/s x 32 = 4523 run-eps/s)
epoch  36000  train 1.6287e-07  test med 8.4476e+00 mean 2.0673e+01 max 5.1419e+01  (141.3 eps/s x 32 = 4523 run-eps/s)
epoch  36100  train 1.6243e-07  test med 7.6443e+00 mean 2.0607e+01 max 5.1400e+01  (141.4 eps/s x 32 = 4523 run-eps/s)
epoch  36200  train 1.6197e-07  test med 6.9374e+00 mean 2.0547e+01 max 5.1382e+01  (141.4 eps/s x 32 = 4523 run-eps/s)
epoch  36300  train 1.6152e-07  test med 6.3395e+00 mean 2.0493e+01 max 5.1364e+01  (141.4 eps/s x 32 = 4523 run-eps/s)
epoch  36400  train 1.6121e-07  test med 5.8321e+00 mean 2.0445e+01 max 5.1347e+01  (141.4 eps/s x 32 = 4523 run-eps/s)
epoch  36500  train 1.6084e-07  test med 5.3780e+00 mean 2.0400e+01 max 5.1329e+01  (141.4 eps/s x 32 = 4524 run-eps/s)
epoch  36600  train 1.6058e-07  test med 4.9595e+00 mean 2.0358e+01 max 5.1314e+01  (141.4 eps/s x 32 = 4524 run-eps/s)
epoch  36700  train 1.6032e-07  test med 4.5583e+00 mean 2.0316e+01 max 5.1293e+01  (141.4 eps/s x 32 = 4524 run-eps/s)
epoch  36800  train 1.6008e-07  test med 4.1619e+00 mean 2.0275e+01 max 5.1281e+01  (141.4 eps/s x 32 = 4524 run-eps/s)
epoch  36900  train 1.5985e-07  test med 3.7729e+00 mean 2.0234e+01 max 5.1270e+01  (141.4 eps/s x 32 = 4524 run-eps/s)
epoch  37000  train 1.5963e-07  test med 3.3854e+00 mean 2.0193e+01 max 5.1258e+01  (141.4 eps/s x 32 = 4524 run-eps/s)
epoch  37100  train 1.5945e-07  test med 3.0024e+00 mean 2.0152e+01 max 5.1247e+01  (141.4 eps/s x 32 = 4524 run-eps/s)
epoch  37200  train 1.5922e-07  test med 2.6214e+00 mean 2.0111e+01 max 5.1237e+01  (141.4 eps/s x 32 = 4524 run-eps/s)
epoch  37300  train 1.5904e-07  test med 2.2452e+00 mean 2.0070e+01 max 5.1225e+01  (141.4 eps/s x 32 = 4524 run-eps/s)
epoch  37400  train 1.5888e-07  test med 1.8825e+00 mean 2.0030e+01 max 5.1215e+01  (141.4 eps/s x 32 = 4524 run-eps/s)
epoch  37500  train 1.5875e-07  test med 1.5522e+00 mean 1.9992e+01 max 5.1205e+01  (141.4 eps/s x 32 = 4524 run-eps/s)
epoch  37600  train 1.5863e-07  test med 1.2573e+00 mean 1.9956e+01 max 5.1195e+01  (141.4 eps/s x 32 = 4524 run-eps/s)
epoch  37700  train 1.5851e-07  test med 9.9721e-01 mean 1.9921e+01 max 5.1184e+01  (141.4 eps/s x 32 = 4525 run-eps/s)
epoch  37800  train 1.5840e-07  test med 7.7404e-01 mean 1.9890e+01 max 5.1173e+01  (141.4 eps/s x 32 = 4525 run-eps/s)
epoch  37900  train 1.5834e-07  test med 5.8939e-01 mean 1.9860e+01 max 5.1165e+01  (141.4 eps/s x 32 = 4525 run-eps/s)
epoch  38000  train 1.5825e-07  test med 4.3994e-01 mean 1.9833e+01 max 5.1156e+01  (141.4 eps/s x 32 = 4525 run-eps/s)
epoch  38100  train 1.5816e-07  test med 3.2192e-01 mean 1.9808e+01 max 5.1146e+01  (141.4 eps/s x 32 = 4525 run-eps/s)
epoch  38200  train 1.5808e-07  test med 2.2929e-01 mean 1.9784e+01 max 5.1136e+01  (141.4 eps/s x 32 = 4525 run-eps/s)
epoch  38300  train 1.5800e-07  test med 1.5883e-01 mean 1.9762e+01 max 5.1127e+01  (141.4 eps/s x 32 = 4525 run-eps/s)
epoch  38400  train 1.5793e-07  test med 1.0647e-01 mean 1.9740e+01 max 5.1116e+01  (141.4 eps/s x 32 = 4525 run-eps/s)
epoch  38500  train 1.5787e-07  test med 6.8843e-02 mean 1.9720e+01 max 5.1106e+01  (141.4 eps/s x 32 = 4525 run-eps/s)
epoch  38600  train 1.5781e-07  test med 4.3435e-02 mean 1.9700e+01 max 5.1095e+01  (141.4 eps/s x 32 = 4525 run-eps/s)
epoch  38700  train 1.5774e-07  test med 2.7152e-02 mean 1.9680e+01 max 5.1085e+01  (141.4 eps/s x 32 = 4525 run-eps/s)
epoch  38800  train 1.5766e-07  test med 1.7140e-02 mean 1.9660e+01 max 5.1074e+01  (141.4 eps/s x 32 = 4525 run-eps/s)
epoch  38900  train 1.5761e-07  test med 1.0765e-02 mean 1.9641e+01 max 5.1066e+01  (141.4 eps/s x 32 = 4526 run-eps/s)
epoch  39000  train 1.5753e-07  test med 6.8216e-03 mean 1.9621e+01 max 5.1053e+01  (141.4 eps/s x 32 = 4526 run-eps/s)
epoch  39100  train 1.5751e-07  test med 4.3434e-03 mean 1.9601e+01 max 5.1045e+01  (141.4 eps/s x 32 = 4526 run-eps/s)
epoch  39200  train 1.5743e-07  test med 2.7771e-03 mean 1.9581e+01 max 5.1033e+01  (141.4 eps/s x 32 = 4526 run-eps/s)
epoch  39300  train 1.5738e-07  test med 1.7514e-03 mean 1.9562e+01 max 5.1024e+01  (141.4 eps/s x 32 = 4526 run-eps/s)
epoch  39400  train 1.5731e-07  test med 1.0752e-03 mean 1.9541e+01 max 5.1013e+01  (141.4 eps/s x 32 = 4526 run-eps/s)
epoch  39500  train 1.5726e-07  test med 6.1627e-04 mean 1.9521e+01 max 5.1003e+01  (141.4 eps/s x 32 = 4526 run-eps/s)
epoch  39600  train 1.5720e-07  test med 3.4048e-04 mean 1.9501e+01 max 5.0994e+01  (141.4 eps/s x 32 = 4526 run-eps/s)
epoch  39700  train 1.5718e-07  test med 1.7900e-04 mean 1.9480e+01 max 5.0983e+01  (141.4 eps/s x 32 = 4526 run-eps/s)
epoch  39800  train 1.5712e-07  test med 8.9839e-05 mean 1.9460e+01 max 5.0973e+01  (141.4 eps/s x 32 = 4526 run-eps/s)
epoch  39900  train 1.5707e-07  test med 4.5559e-05 mean 1.9438e+01 max 5.0962e+01  (141.4 eps/s x 32 = 4526 run-eps/s)
epoch  40000  train 1.5702e-07  test med 2.4024e-05 mean 1.9417e+01 max 5.0954e+01  (141.4 eps/s x 32 = 4526 run-eps/s)
epoch  40100  train 1.5697e-07  test med 1.4135e-05 mean 1.9395e+01 max 5.0942e+01  (141.5 eps/s x 32 = 4526 run-eps/s)
epoch  40200  train 1.5691e-07  test med 9.5688e-06 mean 1.9373e+01 max 5.0931e+01  (141.5 eps/s x 32 = 4527 run-eps/s)
epoch  40300  train 1.5690e-07  test med 7.3186e-06 mean 1.9351e+01 max 5.0923e+01  (141.5 eps/s x 32 = 4527 run-eps/s)
epoch  40400  train 1.5684e-07  test med 6.0513e-06 mean 1.9328e+01 max 5.0914e+01  (141.5 eps/s x 32 = 4527 run-eps/s)
epoch  40500  train 1.5678e-07  test med 5.3001e-06 mean 1.9305e+01 max 5.0902e+01  (141.5 eps/s x 32 = 4527 run-eps/s)
epoch  40600  train 1.5676e-07  test med 4.8649e-06 mean 1.9281e+01 max 5.0892e+01  (141.5 eps/s x 32 = 4527 run-eps/s)
epoch  40700  train 1.5673e-07  test med 4.7007e-06 mean 1.9258e+01 max 5.0884e+01  (141.5 eps/s x 32 = 4527 run-eps/s)
epoch  40800  train 1.5665e-07  test med 4.7064e-06 mean 1.9233e+01 max 5.0873e+01  (141.5 eps/s x 32 = 4527 run-eps/s)
epoch  40900  train 1.5662e-07  test med 4.7122e-06 mean 1.9208e+01 max 5.0863e+01  (141.5 eps/s x 32 = 4527 run-eps/s)
epoch  41000  train 1.5654e-07  test med 4.7216e-06 mean 1.9182e+01 max 5.0854e+01  (141.5 eps/s x 32 = 4527 run-eps/s)
epoch  41100  train 1.5649e-07  test med 4.7148e-06 mean 1.9156e+01 max 5.0845e+01  (141.5 eps/s x 32 = 4527 run-eps/s)
epoch  41200  train 1.5645e-07  test med 4.6926e-06 mean 1.9128e+01 max 5.0833e+01  (141.5 eps/s x 32 = 4527 run-eps/s)
epoch  41300  train 1.5637e-07  test med 4.6960e-06 mean 1.9100e+01 max 5.0825e+01  (141.5 eps/s x 32 = 4527 run-eps/s)
epoch  41400  train 1.5630e-07  test med 4.6935e-06 mean 1.9070e+01 max 5.0814e+01  (141.5 eps/s x 32 = 4527 run-eps/s)
epoch  41500  train 1.5627e-07  test med 4.7166e-06 mean 1.9040e+01 max 5.0805e+01  (141.5 eps/s x 32 = 4528 run-eps/s)
epoch  41600  train 1.5616e-07  test med 4.7118e-06 mean 1.9007e+01 max 5.0796e+01  (141.5 eps/s x 32 = 4528 run-eps/s)
epoch  41700  train 1.5611e-07  test med 4.7234e-06 mean 1.8974e+01 max 5.0785e+01  (141.5 eps/s x 32 = 4528 run-eps/s)
epoch  41800  train 1.5603e-07  test med 4.7329e-06 mean 1.8938e+01 max 5.0777e+01  (141.5 eps/s x 32 = 4528 run-eps/s)
epoch  41900  train 1.5593e-07  test med 4.7357e-06 mean 1.8902e+01 max 5.0765e+01  (141.5 eps/s x 32 = 4528 run-eps/s)
epoch  42000  train 1.5587e-07  test med 4.7057e-06 mean 1.8865e+01 max 5.0757e+01  (141.5 eps/s x 32 = 4528 run-eps/s)
epoch  42100  train 1.5575e-07  test med 4.7076e-06 mean 1.8825e+01 max 5.0749e+01  (141.5 eps/s x 32 = 4528 run-eps/s)
epoch  42200  train 1.5565e-07  test med 4.7285e-06 mean 1.8783e+01 max 5.0740e+01  (141.5 eps/s x 32 = 4528 run-eps/s)
epoch  42300  train 1.5556e-07  test med 4.6883e-06 mean 1.8740e+01 max 5.0730e+01  (141.5 eps/s x 32 = 4528 run-eps/s)
epoch  42400  train 1.5544e-07  test med 4.6814e-06 mean 1.8696e+01 max 5.0721e+01  (141.5 eps/s x 32 = 4528 run-eps/s)
epoch  42500  train 1.5532e-07  test med 4.6980e-06 mean 1.8651e+01 max 5.0710e+01  (141.5 eps/s x 32 = 4528 run-eps/s)
epoch  42600  train 1.5521e-07  test med 4.7014e-06 mean 1.8605e+01 max 5.0702e+01  (141.5 eps/s x 32 = 4528 run-eps/s)
epoch  42700  train 1.5506e-07  test med 4.6875e-06 mean 1.8558e+01 max 5.0693e+01  (141.5 eps/s x 32 = 4528 run-eps/s)
epoch  42800  train 1.5496e-07  test med 4.6858e-06 mean 1.8511e+01 max 5.0684e+01  (141.5 eps/s x 32 = 4528 run-eps/s)
epoch  42900  train 1.5479e-07  test med 4.6778e-06 mean 1.8464e+01 max 5.0676e+01  (141.5 eps/s x 32 = 4529 run-eps/s)
epoch  43000  train 1.5460e-07  test med 4.6978e-06 mean 1.8415e+01 max 5.0666e+01  (141.5 eps/s x 32 = 4529 run-eps/s)
epoch  43100  train 1.5442e-07  test med 4.6835e-06 mean 1.8366e+01 max 5.0657e+01  (141.5 eps/s x 32 = 4529 run-eps/s)
epoch  43200  train 1.5419e-07  test med 4.6790e-06 mean 1.8316e+01 max 5.0647e+01  (141.5 eps/s x 32 = 4529 run-eps/s)
epoch  43300  train 1.5391e-07  test med 4.7059e-06 mean 1.8265e+01 max 5.0638e+01  (141.5 eps/s x 32 = 4529 run-eps/s)
epoch  43400  train 1.5357e-07  test med 4.6852e-06 mean 1.8215e+01 max 5.0627e+01  (141.5 eps/s x 32 = 4529 run-eps/s)
epoch  43500  train 1.5321e-07  test med 4.7012e-06 mean 1.8166e+01 max 5.0619e+01  (141.5 eps/s x 32 = 4529 run-eps/s)
epoch  43600  train 1.5283e-07  test med 4.7043e-06 mean 1.8121e+01 max 5.0608e+01  (141.5 eps/s x 32 = 4529 run-eps/s)
epoch  43700  train 1.5243e-07  test med 4.7264e-06 mean 1.8082e+01 max 5.0600e+01  (141.5 eps/s x 32 = 4529 run-eps/s)
epoch  43800  train 1.5208e-07  test med 4.6759e-06 mean 1.8048e+01 max 5.0590e+01  (141.5 eps/s x 32 = 4529 run-eps/s)
epoch  43900  train 1.5174e-07  test med 4.5536e-06 mean 1.8020e+01 max 5.0582e+01  (141.5 eps/s x 32 = 4529 run-eps/s)
epoch  44000  train 1.5146e-07  test med 4.5305e-06 mean 1.7996e+01 max 5.0572e+01  (141.5 eps/s x 32 = 4529 run-eps/s)
epoch  44100  train 1.5121e-07  test med 4.5168e-06 mean 1.7974e+01 max 5.0563e+01  (141.5 eps/s x 32 = 4529 run-eps/s)
epoch  44200  train 1.5097e-07  test med 4.4897e-06 mean 1.7952e+01 max 5.0555e+01  (141.5 eps/s x 32 = 4529 run-eps/s)
epoch  44300  train 1.5079e-07  test med 4.5037e-06 mean 1.7930e+01 max 5.0545e+01  (141.5 eps/s x 32 = 4529 run-eps/s)
epoch  44400  train 1.5065e-07  test med 4.4913e-06 mean 1.7909e+01 max 5.0535e+01  (141.5 eps/s x 32 = 4529 run-eps/s)
epoch  44500  train 1.5052e-07  test med 4.4737e-06 mean 1.7888e+01 max 5.0527e+01  (141.5 eps/s x 32 = 4530 run-eps/s)
epoch  44600  train 1.5038e-07  test med 4.4580e-06 mean 1.7867e+01 max 5.0518e+01  (141.5 eps/s x 32 = 4530 run-eps/s)
epoch  44700  train 1.5027e-07  test med 4.4511e-06 mean 1.7846e+01 max 5.0508e+01  (141.6 eps/s x 32 = 4530 run-eps/s)
epoch  44800  train 1.5014e-07  test med 4.4265e-06 mean 1.7825e+01 max 5.0500e+01  (141.6 eps/s x 32 = 4530 run-eps/s)
epoch  44900  train 1.5003e-07  test med 4.4427e-06 mean 1.7804e+01 max 5.0492e+01  (141.6 eps/s x 32 = 4530 run-eps/s)
epoch  45000  train 1.4990e-07  test med 4.4205e-06 mean 1.7784e+01 max 5.0483e+01  (141.6 eps/s x 32 = 4530 run-eps/s)
epoch  45100  train 1.4980e-07  test med 4.4262e-06 mean 1.7765e+01 max 5.0475e+01  (141.6 eps/s x 32 = 4530 run-eps/s)
epoch  45200  train 1.4970e-07  test med 4.4360e-06 mean 1.7746e+01 max 5.0466e+01  (141.6 eps/s x 32 = 4530 run-eps/s)
epoch  45300  train 1.4960e-07  test med 4.4228e-06 mean 1.7728e+01 max 5.0457e+01  (141.6 eps/s x 32 = 4530 run-eps/s)
epoch  45400  train 1.4952e-07  test med 3.4900e-06 mean 1.7710e+01 max 5.0449e+01  (141.6 eps/s x 32 = 4530 run-eps/s)
epoch  45500  train 1.4944e-07  test med 2.8076e-06 mean 1.7694e+01 max 5.0439e+01  (141.6 eps/s x 32 = 4530 run-eps/s)
epoch  45600  train 1.4937e-07  test med 2.3012e-06 mean 1.7679e+01 max 5.0431e+01  (141.6 eps/s x 32 = 4530 run-eps/s)
epoch  45700  train 1.4930e-07  test med 1.9409e-06 mean 1.7664e+01 max 5.0421e+01  (141.6 eps/s x 32 = 4530 run-eps/s)
epoch  45800  train 1.4925e-07  test med 1.8529e-06 mean 1.7651e+01 max 5.0412e+01  (141.6 eps/s x 32 = 4530 run-eps/s)
epoch  45900  train 1.4920e-07  test med 1.8530e-06 mean 1.7639e+01 max 5.0405e+01  (141.6 eps/s x 32 = 4530 run-eps/s)
epoch  46000  train 1.4915e-07  test med 1.8486e-06 mean 1.7627e+01 max 5.0395e+01  (141.6 eps/s x 32 = 4530 run-eps/s)
epoch  46100  train 1.4912e-07  test med 1.8521e-06 mean 1.7616e+01 max 5.0387e+01  (141.6 eps/s x 32 = 4531 run-eps/s)
epoch  46200  train 1.4907e-07  test med 1.8488e-06 mean 1.7605e+01 max 5.0378e+01  (141.6 eps/s x 32 = 4531 run-eps/s)
epoch  46300  train 1.4903e-07  test med 1.8522e-06 mean 1.7594e+01 max 5.0369e+01  (141.6 eps/s x 32 = 4531 run-eps/s)
epoch  46400  train 1.4900e-07  test med 1.8513e-06 mean 1.7584e+01 max 5.0360e+01  (141.6 eps/s x 32 = 4531 run-eps/s)
epoch  46500  train 1.4896e-07  test med 1.8496e-06 mean 1.7574e+01 max 5.0353e+01  (141.6 eps/s x 32 = 4531 run-eps/s)
epoch  46600  train 1.4893e-07  test med 1.8498e-06 mean 1.7564e+01 max 5.0343e+01  (141.6 eps/s x 32 = 4531 run-eps/s)
epoch  46700  train 1.4891e-07  test med 1.8539e-06 mean 1.7554e+01 max 5.0336e+01  (141.6 eps/s x 32 = 4531 run-eps/s)
epoch  46800  train 1.4889e-07  test med 1.8506e-06 mean 1.7544e+01 max 5.0327e+01  (141.6 eps/s x 32 = 4531 run-eps/s)
epoch  46900  train 1.4885e-07  test med 1.8484e-06 mean 1.7534e+01 max 5.0319e+01  (141.6 eps/s x 32 = 4531 run-eps/s)
epoch  47000  train 1.4884e-07  test med 1.8500e-06 mean 1.7524e+01 max 5.0311e+01  (141.6 eps/s x 32 = 4531 run-eps/s)
epoch  47100  train 1.4881e-07  test med 1.8505e-06 mean 1.7514e+01 max 5.0303e+01  (141.6 eps/s x 32 = 4531 run-eps/s)
epoch  47200  train 1.4879e-07  test med 1.8519e-06 mean 1.7504e+01 max 5.0294e+01  (141.6 eps/s x 32 = 4531 run-eps/s)
epoch  47300  train 1.4877e-07  test med 1.8526e-06 mean 1.7494e+01 max 5.0286e+01  (141.6 eps/s x 32 = 4531 run-eps/s)
epoch  47400  train 1.4875e-07  test med 1.8504e-06 mean 1.7484e+01 max 5.0278e+01  (141.6 eps/s x 32 = 4531 run-eps/s)
epoch  47500  train 1.4873e-07  test med 1.8514e-06 mean 1.7474e+01 max 5.0269e+01  (141.6 eps/s x 32 = 4531 run-eps/s)
epoch  47600  train 1.4871e-07  test med 1.8487e-06 mean 1.7464e+01 max 5.0263e+01  (141.6 eps/s x 32 = 4531 run-eps/s)
epoch  47700  train 1.4869e-07  test med 1.8524e-06 mean 1.7454e+01 max 5.0254e+01  (141.6 eps/s x 32 = 4531 run-eps/s)
epoch  47800  train 1.4867e-07  test med 1.8527e-06 mean 1.7443e+01 max 5.0246e+01  (141.6 eps/s x 32 = 4531 run-eps/s)
epoch  47900  train 1.4866e-07  test med 1.8512e-06 mean 1.7433e+01 max 5.0238e+01  (141.6 eps/s x 32 = 4532 run-eps/s)
epoch  48000  train 1.4863e-07  test med 1.8554e-06 mean 1.7422e+01 max 5.0231e+01  (141.6 eps/s x 32 = 4532 run-eps/s)
epoch  48100  train 1.4862e-07  test med 1.8569e-06 mean 1.7412e+01 max 5.0222e+01  (141.6 eps/s x 32 = 4532 run-eps/s)
epoch  48200  train 1.4860e-07  test med 1.8558e-06 mean 1.7401e+01 max 5.0214e+01  (141.6 eps/s x 32 = 4532 run-eps/s)
epoch  48300  train 1.4859e-07  test med 1.8538e-06 mean 1.7390e+01 max 5.0207e+01  (141.6 eps/s x 32 = 4532 run-eps/s)
epoch  48400  train 1.4857e-07  test med 1.8550e-06 mean 1.7379e+01 max 5.0200e+01  (141.6 eps/s x 32 = 4532 run-eps/s)
epoch  48500  train 1.4855e-07  test med 1.8549e-06 mean 1.7368e+01 max 5.0191e+01  (141.6 eps/s x 32 = 4532 run-eps/s)
epoch  48600  train 1.4853e-07  test med 1.8565e-06 mean 1.7357e+01 max 5.0184e+01  (141.6 eps/s x 32 = 4532 run-eps/s)
epoch  48700  train 1.4851e-07  test med 1.8559e-06 mean 1.7346e+01 max 5.0176e+01  (141.6 eps/s x 32 = 4532 run-eps/s)
epoch  48800  train 1.4850e-07  test med 1.8579e-06 mean 1.7335e+01 max 5.0167e+01  (141.6 eps/s x 32 = 4532 run-eps/s)
epoch  48900  train 1.4847e-07  test med 1.8599e-06 mean 1.7323e+01 max 5.0159e+01  (141.6 eps/s x 32 = 4532 run-eps/s)
epoch  49000  train 1.4844e-07  test med 1.8534e-06 mean 1.7312e+01 max 5.0150e+01  (141.6 eps/s x 32 = 4532 run-eps/s)
epoch  49100  train 1.4841e-07  test med 1.8562e-06 mean 1.7300e+01 max 5.0143e+01  (141.6 eps/s x 32 = 4532 run-eps/s)
epoch  49200  train 1.4839e-07  test med 1.8571e-06 mean 1.7289e+01 max 5.0135e+01  (141.6 eps/s x 32 = 4532 run-eps/s)
epoch  49300  train 1.4836e-07  test med 1.8600e-06 mean 1.7277e+01 max 5.0127e+01  (141.6 eps/s x 32 = 4532 run-eps/s)
epoch  49400  train 1.4835e-07  test med 1.8601e-06 mean 1.7265e+01 max 5.0118e+01  (141.6 eps/s x 32 = 4532 run-eps/s)
epoch  49500  train 1.4833e-07  test med 1.8588e-06 mean 1.7253e+01 max 5.0109e+01  (141.6 eps/s x 32 = 4532 run-eps/s)
epoch  49600  train 1.4831e-07  test med 1.8559e-06 mean 1.7241e+01 max 5.0101e+01  (141.6 eps/s x 32 = 4532 run-eps/s)
epoch  49700  train 1.4830e-07  test med 1.8584e-06 mean 1.7229e+01 max 5.0093e+01  (141.6 eps/s x 32 = 4532 run-eps/s)
epoch  49800  train 1.4828e-07  test med 1.8577e-06 mean 1.7217e+01 max 5.0084e+01  (141.6 eps/s x 32 = 4532 run-eps/s)
epoch  49900  train 1.4827e-07  test med 1.8538e-06 mean 1.7205e+01 max 5.0076e+01  (141.6 eps/s x 32 = 4533 run-eps/s)
epoch  50000  train 1.4826e-07  test med 1.8541e-06 mean 1.7192e+01 max 5.0067e+01  (141.6 eps/s x 32 = 4533 run-eps/s)
done: 50000 epochs x 32 runs in 355s
RESULT w0128_wd0.1/ds15573_is135533: grok@-1  committee [41, 49]  acc 0.0197
RESULT w0128_wd0.1/ds15573_is479062: grok@-1  committee [8]  acc 0.0136
RESULT w0128_wd0.1/ds15573_is648223: grok@-1  committee [16, 35, 44, 49]  acc 0.0059
RESULT w0128_wd0.1/ds15573_is871231: grok@-1  committee [24]  acc 0.0471
RESULT w0128_wd0.1/ds19870_is135533: grok@-1  committee [11, 32]  acc 0.0537
RESULT w0128_wd0.1/ds19870_is479062: grok@-1  committee [32, 34]  acc 0.0105
RESULT w0128_wd0.1/ds19870_is648223: grok@-1  committee [6, 33]  acc 0.0186
RESULT w0128_wd0.1/ds19870_is871231: grok@-1  committee [28]  acc 0.0054
RESULT w0128_wd0.3/ds15573_is135533: grok@46600  committee [14, 16, 41, 49, 52]  acc 1.0000
RESULT w0128_wd0.3/ds15573_is479062: grok@-1  committee [8, 37, 42]  acc 0.0170
RESULT w0128_wd0.3/ds15573_is648223: grok@38800  committee [16, 35, 44, 49]  acc 1.0000
RESULT w0128_wd0.3/ds15573_is871231: grok@34700  committee [15, 24, 37, 49]  acc 1.0000
RESULT w0128_wd0.3/ds19870_is135533: grok@-1  committee [11, 32, 52]  acc 0.0612
RESULT w0128_wd0.3/ds19870_is479062: grok@-1  committee [32, 34]  acc 0.0101
RESULT w0128_wd0.3/ds19870_is648223: grok@-1  committee [6, 33]  acc 0.0681
RESULT w0128_wd0.3/ds19870_is871231: grok@-1  committee [28]  acc 0.0091
RESULT w0128_wd1/ds15573_is135533: grok@17400  committee [16, 37, 41, 49]  acc 1.0000
RESULT w0128_wd1/ds15573_is479062: grok@44200  committee [8, 37, 46, 49]  acc 1.0000
RESULT w0128_wd1/ds15573_is648223: grok@11900  committee [16, 35, 44, 49]  acc 1.0000
RESULT w0128_wd1/ds15573_is871231: grok@9000  committee [15, 24, 25, 37]  acc 1.0000
RESULT w0128_wd1/ds19870_is135533: grok@21200  committee [3, 11, 32, 52]  acc 1.0000
RESULT w0128_wd1/ds19870_is479062: grok@22700  committee [32, 33, 42]  acc 1.0000
RESULT w0128_wd1/ds19870_is648223: grok@20500  committee [6, 31, 33, 34]  acc 1.0000
RESULT w0128_wd1/ds19870_is871231: grok@36700  committee [6, 22, 25, 33, 40]  acc 1.0000
RESULT w0128_wd3/ds15573_is135533: grok@4000  committee [24, 37, 41, 49]  acc 1.0000
RESULT w0128_wd3/ds15573_is479062: grok@11800  committee [8, 19, 24, 52]  acc 1.0000
RESULT w0128_wd3/ds15573_is648223: grok@2800  committee [16, 35, 44, 49]  acc 1.0000
RESULT w0128_wd3/ds15573_is871231: grok@4400  committee [24, 49, 54]  acc 1.0000
RESULT w0128_wd3/ds19870_is135533: grok@10400  committee [3, 10, 11, 52]  acc 1.0000
RESULT w0128_wd3/ds19870_is479062: grok@6300  committee [32, 33, 34, 42]  acc 1.0000
RESULT w0128_wd3/ds19870_is648223: grok@8900  committee [21, 31, 33, 34]  acc 1.0000
RESULT w0128_wd3/ds19870_is871231: grok@13200  committee [6, 25, 52]  acc 1.0000
width 256: batch of 32 (32/32 pending)
batch 32 on cuda:  train 3830  test 8939  4 recipe(s) (lr, wd, tilt, cvar): [(0.001, 0.1, 0.0, 0.0), (0.001, 0.3, 0.0, 0.0), (0.001, 1.0, 0.0, 0.0), (0.001, 3.0, 0.0, 0.0)]
epoch    100  train 2.1061e+00  test med 8.9260e+00 mean 8.7124e+00 max 9.7454e+00  (35.9 eps/s x 32 = 1147 run-eps/s)
epoch    200  train 5.6768e-02  test med 2.0883e+01 mean 2.0079e+01 max 2.4407e+01  (55.6 eps/s x 32 = 1779 run-eps/s)
epoch    300  train 1.7537e-02  test med 2.2591e+01 mean 2.1878e+01 max 2.7943e+01  (68.0 eps/s x 32 = 2177 run-eps/s)
epoch    400  train 6.7019e-03  test med 2.4394e+01 mean 2.3562e+01 max 3.0834e+01  (76.6 eps/s x 32 = 2452 run-eps/s)
epoch    500  train 2.7041e-03  test med 2.6198e+01 mean 2.5188e+01 max 3.3567e+01  (82.9 eps/s x 32 = 2653 run-eps/s)
epoch    600  train 1.1215e-03  test med 2.8016e+01 mean 2.6745e+01 max 3.6228e+01  (87.7 eps/s x 32 = 2806 run-eps/s)
epoch    700  train 4.7114e-04  test med 2.9803e+01 mean 2.8191e+01 max 3.8815e+01  (91.4 eps/s x 32 = 2926 run-eps/s)
epoch    800  train 2.0157e-04  test med 3.1580e+01 mean 2.9556e+01 max 4.1326e+01  (94.5 eps/s x 32 = 3023 run-eps/s)
epoch    900  train 8.9636e-05  test med 3.3294e+01 mean 3.0962e+01 max 4.3748e+01  (97.0 eps/s x 32 = 3104 run-eps/s)
epoch   1000  train 4.0892e-05  test med 3.4886e+01 mean 3.2280e+01 max 4.6051e+01  (99.1 eps/s x 32 = 3171 run-eps/s)
epoch   1100  train 1.9417e-05  test med 3.6297e+01 mean 3.3414e+01 max 4.8133e+01  (100.9 eps/s x 32 = 3228 run-eps/s)
epoch   1200  train 9.3824e-06  test med 3.7389e+01 mean 3.4248e+01 max 4.9868e+01  (102.4 eps/s x 32 = 3277 run-eps/s)
epoch   1300  train 4.8260e-06  test med 3.8038e+01 mean 3.4780e+01 max 5.1093e+01  (103.7 eps/s x 32 = 3320 run-eps/s)
epoch   1400  train 2.6778e-06  test med 3.8236e+01 mean 3.4945e+01 max 5.1781e+01  (104.9 eps/s x 32 = 3357 run-eps/s)
epoch   1500  train 1.6757e-06  test med 3.8112e+01 mean 3.4781e+01 max 5.2047e+01  (105.9 eps/s x 32 = 3390 run-eps/s)
epoch   1600  train 1.1407e-06  test med 3.7842e+01 mean 3.4434e+01 max 5.2047e+01  (106.9 eps/s x 32 = 3420 run-eps/s)
epoch   1700  train 8.8716e-07  test med 3.7535e+01 mean 3.4047e+01 max 5.1907e+01  (107.7 eps/s x 32 = 3447 run-eps/s)
epoch   1800  train 7.5316e-07  test med 3.7238e+01 mean 3.3690e+01 max 5.1706e+01  (108.5 eps/s x 32 = 3471 run-eps/s)
epoch   1900  train 6.7026e-07  test med 3.6952e+01 mean 3.3342e+01 max 5.1488e+01  (109.2 eps/s x 32 = 3493 run-eps/s)
epoch   2000  train 6.3313e-07  test med 3.6682e+01 mean 3.3020e+01 max 5.1269e+01  (109.8 eps/s x 32 = 3513 run-eps/s)
epoch   2100  train 5.9819e-07  test med 3.6424e+01 mean 3.2736e+01 max 5.1053e+01  (110.3 eps/s x 32 = 3531 run-eps/s)
epoch   2200  train 5.7181e-07  test med 3.6174e+01 mean 3.2464e+01 max 5.0845e+01  (110.9 eps/s x 32 = 3547 run-eps/s)
epoch   2300  train 5.6825e-07  test med 3.5928e+01 mean 3.2182e+01 max 5.0644e+01  (111.3 eps/s x 32 = 3563 run-eps/s)
epoch   2400  train 5.4292e-07  test med 3.5689e+01 mean 3.1904e+01 max 5.0447e+01  (111.8 eps/s x 32 = 3577 run-eps/s)
epoch   2500  train 5.2282e-07  test med 3.5452e+01 mean 3.1606e+01 max 5.0257e+01  (112.2 eps/s x 32 = 3590 run-eps/s)
epoch   2600  train 4.9986e-07  test med 3.5221e+01 mean 3.1284e+01 max 5.0071e+01  (112.5 eps/s x 32 = 3601 run-eps/s)
epoch   2700  train 4.8700e-07  test med 3.4994e+01 mean 3.0938e+01 max 4.9890e+01  (112.9 eps/s x 32 = 3613 run-eps/s)
epoch   2800  train 4.7225e-07  test med 3.4773e+01 mean 3.0587e+01 max 4.9716e+01  (113.2 eps/s x 32 = 3624 run-eps/s)
epoch   2900  train 4.5688e-07  test med 3.4555e+01 mean 3.0287e+01 max 4.9547e+01  (113.6 eps/s x 32 = 3634 run-eps/s)
epoch   3000  train 4.3702e-07  test med 3.4340e+01 mean 3.0021e+01 max 4.9382e+01  (113.8 eps/s x 32 = 3643 run-eps/s)
epoch   3100  train 4.2274e-07  test med 3.4127e+01 mean 2.9753e+01 max 4.9224e+01  (114.1 eps/s x 32 = 3652 run-eps/s)
epoch   3200  train 4.1462e-07  test med 3.3917e+01 mean 2.9474e+01 max 4.9069e+01  (114.4 eps/s x 32 = 3660 run-eps/s)
epoch   3300  train 3.9951e-07  test med 3.3712e+01 mean 2.9196e+01 max 4.8917e+01  (114.6 eps/s x 32 = 3668 run-eps/s)
epoch   3400  train 3.8807e-07  test med 3.3505e+01 mean 2.8929e+01 max 4.8771e+01  (114.9 eps/s x 32 = 3676 run-eps/s)
epoch   3500  train 3.7654e-07  test med 3.3298e+01 mean 2.8687e+01 max 4.8626e+01  (115.1 eps/s x 32 = 3683 run-eps/s)
epoch   3600  train 3.6805e-07  test med 3.3096e+01 mean 2.8457e+01 max 4.8486e+01  (115.3 eps/s x 32 = 3689 run-eps/s)
epoch   3700  train 3.5667e-07  test med 3.2886e+01 mean 2.8229e+01 max 4.8348e+01  (115.5 eps/s x 32 = 3696 run-eps/s)
epoch   3800  train 3.4611e-07  test med 3.2671e+01 mean 2.7996e+01 max 4.8212e+01  (115.7 eps/s x 32 = 3701 run-eps/s)
epoch   3900  train 3.4095e-07  test med 3.2459e+01 mean 2.7752e+01 max 4.8079e+01  (115.9 eps/s x 32 = 3707 run-eps/s)
epoch   4000  train 3.3304e-07  test med 3.2248e+01 mean 2.7499e+01 max 4.7950e+01  (116.0 eps/s x 32 = 3712 run-eps/s)
epoch   4100  train 3.2286e-07  test med 3.2034e+01 mean 2.7238e+01 max 4.7826e+01  (116.2 eps/s x 32 = 3718 run-eps/s)
epoch   4200  train 3.1818e-07  test med 3.1818e+01 mean 2.6959e+01 max 4.7702e+01  (116.3 eps/s x 32 = 3723 run-eps/s)
epoch   4300  train 3.0760e-07  test med 3.1600e+01 mean 2.6668e+01 max 4.7582e+01  (116.5 eps/s x 32 = 3727 run-eps/s)
epoch   4400  train 2.9827e-07  test med 3.1386e+01 mean 2.6367e+01 max 4.7464e+01  (116.6 eps/s x 32 = 3732 run-eps/s)
epoch   4500  train 2.9083e-07  test med 3.1170e+01 mean 2.6052e+01 max 4.7348e+01  (116.7 eps/s x 32 = 3736 run-eps/s)
epoch   4600  train 2.8351e-07  test med 3.0950e+01 mean 2.5728e+01 max 4.7232e+01  (116.9 eps/s x 32 = 3740 run-eps/s)
epoch   4700  train 2.7675e-07  test med 3.0730e+01 mean 2.5394e+01 max 4.7121e+01  (117.0 eps/s x 32 = 3744 run-eps/s)
epoch   4800  train 2.6998e-07  test med 3.0510e+01 mean 2.5061e+01 max 4.7012e+01  (117.1 eps/s x 32 = 3748 run-eps/s)
epoch   4900  train 2.6331e-07  test med 3.0286e+01 mean 2.4747e+01 max 4.6904e+01  (117.2 eps/s x 32 = 3751 run-eps/s)
epoch   5000  train 2.5662e-07  test med 3.0056e+01 mean 2.4470e+01 max 4.6801e+01  (117.3 eps/s x 32 = 3755 run-eps/s)
epoch   5100  train 2.5071e-07  test med 2.9824e+01 mean 2.4220e+01 max 4.6699e+01  (117.4 eps/s x 32 = 3758 run-eps/s)
epoch   5200  train 2.4444e-07  test med 2.9588e+01 mean 2.3991e+01 max 4.6598e+01  (117.5 eps/s x 32 = 3761 run-eps/s)
epoch   5300  train 2.3674e-07  test med 2.9348e+01 mean 2.3783e+01 max 4.6500e+01  (117.6 eps/s x 32 = 3764 run-eps/s)
epoch   5400  train 2.3107e-07  test med 2.9105e+01 mean 2.3591e+01 max 4.6404e+01  (117.7 eps/s x 32 = 3767 run-eps/s)
epoch   5500  train 2.2642e-07  test med 2.8862e+01 mean 2.3412e+01 max 4.6311e+01  (117.8 eps/s x 32 = 3770 run-eps/s)
epoch   5600  train 2.2250e-07  test med 2.8622e+01 mean 2.3240e+01 max 4.6220e+01  (117.9 eps/s x 32 = 3773 run-eps/s)
epoch   5700  train 2.1905e-07  test med 2.8377e+01 mean 2.3073e+01 max 4.6131e+01  (118.0 eps/s x 32 = 3776 run-eps/s)
epoch   5800  train 2.1593e-07  test med 2.8127e+01 mean 2.2910e+01 max 4.6043e+01  (118.1 eps/s x 32 = 3778 run-eps/s)
epoch   5900  train 2.1303e-07  test med 2.7877e+01 mean 2.2753e+01 max 4.5959e+01  (118.2 eps/s x 32 = 3781 run-eps/s)
epoch   6000  train 2.1036e-07  test med 2.7622e+01 mean 2.2604e+01 max 4.5874e+01  (118.2 eps/s x 32 = 3783 run-eps/s)
epoch   6100  train 2.0795e-07  test med 2.7360e+01 mean 2.2466e+01 max 4.5792e+01  (118.3 eps/s x 32 = 3786 run-eps/s)
epoch   6200  train 2.0489e-07  test med 2.7121e+01 mean 2.2335e+01 max 4.5711e+01  (118.4 eps/s x 32 = 3788 run-eps/s)
epoch   6300  train 2.0171e-07  test med 2.6934e+01 mean 2.2210e+01 max 4.5631e+01  (118.4 eps/s x 32 = 3790 run-eps/s)
epoch   6400  train 1.9861e-07  test med 2.6748e+01 mean 2.2092e+01 max 4.5553e+01  (118.5 eps/s x 32 = 3793 run-eps/s)
epoch   6500  train 1.9508e-07  test med 2.6564e+01 mean 2.1984e+01 max 4.5475e+01  (118.6 eps/s x 32 = 3795 run-eps/s)
epoch   6600  train 1.9187e-07  test med 2.6379e+01 mean 2.1883e+01 max 4.5399e+01  (118.6 eps/s x 32 = 3797 run-eps/s)
epoch   6700  train 1.8863e-07  test med 2.6197e+01 mean 2.1786e+01 max 4.5323e+01  (118.7 eps/s x 32 = 3799 run-eps/s)
epoch   6800  train 1.8600e-07  test med 2.6016e+01 mean 2.1690e+01 max 4.5247e+01  (118.8 eps/s x 32 = 3801 run-eps/s)
epoch   6900  train 1.8385e-07  test med 2.5835e+01 mean 2.1592e+01 max 4.5174e+01  (118.8 eps/s x 32 = 3803 run-eps/s)
epoch   7000  train 1.8190e-07  test med 2.5661e+01 mean 2.1494e+01 max 4.5101e+01  (118.9 eps/s x 32 = 3804 run-eps/s)
epoch   7100  train 1.8010e-07  test med 2.5488e+01 mean 2.1395e+01 max 4.5030e+01  (118.9 eps/s x 32 = 3806 run-eps/s)
epoch   7200  train 1.7875e-07  test med 2.5316e+01 mean 2.1293e+01 max 4.4959e+01  (119.0 eps/s x 32 = 3808 run-eps/s)
epoch   7300  train 1.7769e-07  test med 2.5146e+01 mean 2.1190e+01 max 4.4889e+01  (119.0 eps/s x 32 = 3809 run-eps/s)
epoch   7400  train 1.7689e-07  test med 2.4981e+01 mean 2.1085e+01 max 4.4821e+01  (119.1 eps/s x 32 = 3811 run-eps/s)
epoch   7500  train 1.7624e-07  test med 2.4814e+01 mean 2.0978e+01 max 4.4754e+01  (119.1 eps/s x 32 = 3813 run-eps/s)
epoch   7600  train 1.7570e-07  test med 2.4649e+01 mean 2.0870e+01 max 4.4687e+01  (119.2 eps/s x 32 = 3814 run-eps/s)
epoch   7700  train 1.7516e-07  test med 2.4482e+01 mean 2.0760e+01 max 4.4622e+01  (119.2 eps/s x 32 = 3816 run-eps/s)
epoch   7800  train 1.7465e-07  test med 2.4315e+01 mean 2.0648e+01 max 4.4558e+01  (119.3 eps/s x 32 = 3817 run-eps/s)
epoch   7900  train 1.7417e-07  test med 2.4148e+01 mean 2.0534e+01 max 4.4495e+01  (119.3 eps/s x 32 = 3819 run-eps/s)
epoch   8000  train 1.7367e-07  test med 2.3980e+01 mean 2.0418e+01 max 4.4433e+01  (119.4 eps/s x 32 = 3820 run-eps/s)
epoch   8100  train 1.7320e-07  test med 2.3811e+01 mean 2.0300e+01 max 4.4372e+01  (119.4 eps/s x 32 = 3821 run-eps/s)
epoch   8200  train 1.7270e-07  test med 2.3647e+01 mean 2.0181e+01 max 4.4312e+01  (119.5 eps/s x 32 = 3823 run-eps/s)
epoch   8300  train 1.7216e-07  test med 2.3481e+01 mean 2.0059e+01 max 4.4253e+01  (119.5 eps/s x 32 = 3824 run-eps/s)
epoch   8400  train 1.7163e-07  test med 2.3314e+01 mean 1.9936e+01 max 4.4195e+01  (119.5 eps/s x 32 = 3825 run-eps/s)
epoch   8500  train 1.7102e-07  test med 2.3146e+01 mean 1.9811e+01 max 4.4136e+01  (119.6 eps/s x 32 = 3827 run-eps/s)
epoch   8600  train 1.7041e-07  test med 2.2979e+01 mean 1.9686e+01 max 4.4079e+01  (119.6 eps/s x 32 = 3828 run-eps/s)
epoch   8700  train 1.6979e-07  test med 2.2811e+01 mean 1.9561e+01 max 4.4024e+01  (119.7 eps/s x 32 = 3829 run-eps/s)
epoch   8800  train 1.6910e-07  test med 2.2638e+01 mean 1.9437e+01 max 4.3968e+01  (119.7 eps/s x 32 = 3830 run-eps/s)
epoch   8900  train 1.6840e-07  test med 2.2461e+01 mean 1.9314e+01 max 4.3913e+01  (119.7 eps/s x 32 = 3831 run-eps/s)
epoch   9000  train 1.6772e-07  test med 2.2280e+01 mean 1.9194e+01 max 4.3859e+01  (119.8 eps/s x 32 = 3833 run-eps/s)
epoch   9100  train 1.6692e-07  test med 2.2101e+01 mean 1.9076e+01 max 4.3806e+01  (119.8 eps/s x 32 = 3834 run-eps/s)
epoch   9200  train 1.6619e-07  test med 2.1917e+01 mean 1.8960e+01 max 4.3752e+01  (119.8 eps/s x 32 = 3835 run-eps/s)
epoch   9300  train 1.6533e-07  test med 2.1730e+01 mean 1.8847e+01 max 4.3700e+01  (119.9 eps/s x 32 = 3836 run-eps/s)
epoch   9400  train 1.6446e-07  test med 2.1541e+01 mean 1.8737e+01 max 4.3647e+01  (119.9 eps/s x 32 = 3837 run-eps/s)
epoch   9500  train 1.6355e-07  test med 2.1349e+01 mean 1.8631e+01 max 4.3596e+01  (119.9 eps/s x 32 = 3838 run-eps/s)
epoch   9600  train 1.6264e-07  test med 2.1161e+01 mean 1.8535e+01 max 4.3546e+01  (120.0 eps/s x 32 = 3839 run-eps/s)
epoch   9700  train 1.6176e-07  test med 2.0968e+01 mean 1.8448e+01 max 4.3496e+01  (120.0 eps/s x 32 = 3840 run-eps/s)
epoch   9800  train 1.6094e-07  test med 2.0774e+01 mean 1.8372e+01 max 4.3447e+01  (120.0 eps/s x 32 = 3841 run-eps/s)
epoch   9900  train 1.6021e-07  test med 2.0579e+01 mean 1.8303e+01 max 4.3398e+01  (120.1 eps/s x 32 = 3842 run-eps/s)
epoch  10000  train 1.5958e-07  test med 2.0384e+01 mean 1.8241e+01 max 4.3351e+01  (120.1 eps/s x 32 = 3843 run-eps/s)
epoch  10100  train 1.5900e-07  test med 2.0183e+01 mean 1.8183e+01 max 4.3304e+01  (120.1 eps/s x 32 = 3844 run-eps/s)
epoch  10200  train 1.5848e-07  test med 1.9978e+01 mean 1.8127e+01 max 4.3257e+01  (120.1 eps/s x 32 = 3845 run-eps/s)
epoch  10300  train 1.5802e-07  test med 1.9768e+01 mean 1.8071e+01 max 4.3211e+01  (120.2 eps/s x 32 = 3845 run-eps/s)
epoch  10400  train 1.5761e-07  test med 1.9553e+01 mean 1.8016e+01 max 4.3166e+01  (120.2 eps/s x 32 = 3846 run-eps/s)
epoch  10500  train 1.5721e-07  test med 1.9332e+01 mean 1.7961e+01 max 4.3120e+01  (120.2 eps/s x 32 = 3847 run-eps/s)
epoch  10600  train 1.5688e-07  test med 1.9110e+01 mean 1.7905e+01 max 4.3076e+01  (120.2 eps/s x 32 = 3848 run-eps/s)
epoch  10700  train 1.5653e-07  test med 1.8882e+01 mean 1.7849e+01 max 4.3032e+01  (120.3 eps/s x 32 = 3849 run-eps/s)
epoch  10800  train 1.5620e-07  test med 1.8649e+01 mean 1.7793e+01 max 4.2988e+01  (120.3 eps/s x 32 = 3849 run-eps/s)
epoch  10900  train 1.5590e-07  test med 1.8407e+01 mean 1.7737e+01 max 4.2945e+01  (120.3 eps/s x 32 = 3850 run-eps/s)
epoch  11000  train 1.5560e-07  test med 1.8159e+01 mean 1.7680e+01 max 4.2903e+01  (120.3 eps/s x 32 = 3851 run-eps/s)
epoch  11100  train 1.5535e-07  test med 1.7903e+01 mean 1.7622e+01 max 4.2861e+01  (120.4 eps/s x 32 = 3852 run-eps/s)
epoch  11200  train 1.5509e-07  test med 1.7637e+01 mean 1.7563e+01 max 4.2820e+01  (120.4 eps/s x 32 = 3852 run-eps/s)
epoch  11300  train 1.5482e-07  test med 1.7362e+01 mean 1.7504e+01 max 4.2778e+01  (120.4 eps/s x 32 = 3853 run-eps/s)
epoch  11400  train 1.5456e-07  test med 1.7074e+01 mean 1.7444e+01 max 4.2739e+01  (120.4 eps/s x 32 = 3854 run-eps/s)
epoch  11500  train 1.5431e-07  test med 1.6775e+01 mean 1.7383e+01 max 4.2700e+01  (120.5 eps/s x 32 = 3854 run-eps/s)
epoch  11600  train 1.5407e-07  test med 1.6455e+01 mean 1.7321e+01 max 4.2660e+01  (120.5 eps/s x 32 = 3855 run-eps/s)
epoch  11700  train 1.5385e-07  test med 1.6118e+01 mean 1.7257e+01 max 4.2621e+01  (120.5 eps/s x 32 = 3856 run-eps/s)
epoch  11800  train 1.5364e-07  test med 1.5766e+01 mean 1.7192e+01 max 4.2583e+01  (120.5 eps/s x 32 = 3856 run-eps/s)
epoch  11900  train 1.5344e-07  test med 1.5405e+01 mean 1.7127e+01 max 4.2544e+01  (120.5 eps/s x 32 = 3857 run-eps/s)
epoch  12000  train 1.5323e-07  test med 1.5028e+01 mean 1.7060e+01 max 4.2505e+01  (120.6 eps/s x 32 = 3858 run-eps/s)
epoch  12100  train 1.5303e-07  test med 1.4624e+01 mean 1.6992e+01 max 4.2466e+01  (120.6 eps/s x 32 = 3858 run-eps/s)
epoch  12200  train 1.5284e-07  test med 1.4199e+01 mean 1.6921e+01 max 4.2427e+01  (120.6 eps/s x 32 = 3859 run-eps/s)
epoch  12300  train 1.5261e-07  test med 1.3760e+01 mean 1.6850e+01 max 4.2388e+01  (120.6 eps/s x 32 = 3860 run-eps/s)
epoch  12400  train 1.5241e-07  test med 1.3311e+01 mean 1.6778e+01 max 4.2350e+01  (120.6 eps/s x 32 = 3860 run-eps/s)
epoch  12500  train 1.5221e-07  test med 1.2852e+01 mean 1.6706e+01 max 4.2313e+01  (120.7 eps/s x 32 = 3861 run-eps/s)
epoch  12600  train 1.5199e-07  test med 1.2383e+01 mean 1.6633e+01 max 4.2276e+01  (120.7 eps/s x 32 = 3861 run-eps/s)
epoch  12700  train 1.5176e-07  test med 1.1897e+01 mean 1.6559e+01 max 4.2240e+01  (120.7 eps/s x 32 = 3862 run-eps/s)
epoch  12800  train 1.5153e-07  test med 1.1391e+01 mean 1.6484e+01 max 4.2204e+01  (120.7 eps/s x 32 = 3863 run-eps/s)
epoch  12900  train 1.5128e-07  test med 1.0869e+01 mean 1.6407e+01 max 4.2168e+01  (120.7 eps/s x 32 = 3863 run-eps/s)
epoch  13000  train 1.5101e-07  test med 1.0324e+01 mean 1.6329e+01 max 4.2132e+01  (120.7 eps/s x 32 = 3864 run-eps/s)
epoch  13100  train 1.5071e-07  test med 9.7654e+00 mean 1.6249e+01 max 4.2096e+01  (120.8 eps/s x 32 = 3864 run-eps/s)
epoch  13200  train 1.5040e-07  test med 9.2056e+00 mean 1.6169e+01 max 4.2060e+01  (120.8 eps/s x 32 = 3865 run-eps/s)
epoch  13300  train 1.5006e-07  test med 8.6492e+00 mean 1.6090e+01 max 4.2024e+01  (120.8 eps/s x 32 = 3865 run-eps/s)
epoch  13400  train 1.4965e-07  test med 8.0977e+00 mean 1.6010e+01 max 4.1989e+01  (120.8 eps/s x 32 = 3866 run-eps/s)
epoch  13500  train 1.4920e-07  test med 7.5855e+00 mean 1.5933e+01 max 4.1954e+01  (120.8 eps/s x 32 = 3866 run-eps/s)
epoch  13600  train 1.4870e-07  test med 7.1564e+00 mean 1.5860e+01 max 4.1919e+01  (120.8 eps/s x 32 = 3867 run-eps/s)
epoch  13700  train 1.4819e-07  test med 6.8402e+00 mean 1.5794e+01 max 4.1884e+01  (120.8 eps/s x 32 = 3867 run-eps/s)
epoch  13800  train 1.4774e-07  test med 6.6270e+00 mean 1.5734e+01 max 4.1849e+01  (120.9 eps/s x 32 = 3868 run-eps/s)
epoch  13900  train 1.4736e-07  test med 6.4761e+00 mean 1.5678e+01 max 4.1815e+01  (120.9 eps/s x 32 = 3868 run-eps/s)
epoch  14000  train 1.4704e-07  test med 6.3530e+00 mean 1.5624e+01 max 4.1781e+01  (120.9 eps/s x 32 = 3869 run-eps/s)
epoch  14100  train 1.4676e-07  test med 6.2395e+00 mean 1.5569e+01 max 4.1747e+01  (120.9 eps/s x 32 = 3869 run-eps/s)
epoch  14200  train 1.4650e-07  test med 6.1287e+00 mean 1.5514e+01 max 4.1712e+01  (120.9 eps/s x 32 = 3869 run-eps/s)
epoch  14300  train 1.4625e-07  test med 6.0195e+00 mean 1.5459e+01 max 4.1678e+01  (120.9 eps/s x 32 = 3870 run-eps/s)
epoch  14400  train 1.4602e-07  test med 5.9131e+00 mean 1.5403e+01 max 4.1644e+01  (120.9 eps/s x 32 = 3870 run-eps/s)
epoch  14500  train 1.4583e-07  test med 5.8075e+00 mean 1.5347e+01 max 4.1610e+01  (121.0 eps/s x 32 = 3871 run-eps/s)
epoch  14600  train 1.4565e-07  test med 5.7016e+00 mean 1.5291e+01 max 4.1578e+01  (121.0 eps/s x 32 = 3871 run-eps/s)
epoch  14700  train 1.4549e-07  test med 5.5960e+00 mean 1.5234e+01 max 4.1545e+01  (121.0 eps/s x 32 = 3872 run-eps/s)
epoch  14800  train 1.4535e-07  test med 5.4893e+00 mean 1.5177e+01 max 4.1513e+01  (121.0 eps/s x 32 = 3872 run-eps/s)
epoch  14900  train 1.4522e-07  test med 5.3838e+00 mean 1.5119e+01 max 4.1481e+01  (121.0 eps/s x 32 = 3872 run-eps/s)
epoch  15000  train 1.4508e-07  test med 5.2810e+00 mean 1.5061e+01 max 4.1448e+01  (121.0 eps/s x 32 = 3873 run-eps/s)
epoch  15100  train 1.4496e-07  test med 5.1775e+00 mean 1.5002e+01 max 4.1416e+01  (121.0 eps/s x 32 = 3873 run-eps/s)
epoch  15200  train 1.4486e-07  test med 5.0751e+00 mean 1.4943e+01 max 4.1383e+01  (121.1 eps/s x 32 = 3874 run-eps/s)
epoch  15300  train 1.4475e-07  test med 4.9726e+00 mean 1.4882e+01 max 4.1350e+01  (121.1 eps/s x 32 = 3874 run-eps/s)
epoch  15400  train 1.4469e-07  test med 4.8709e+00 mean 1.4821e+01 max 4.1318e+01  (121.1 eps/s x 32 = 3875 run-eps/s)
epoch  15500  train 1.4464e-07  test med 4.7697e+00 mean 1.4759e+01 max 4.1285e+01  (121.1 eps/s x 32 = 3875 run-eps/s)
epoch  15600  train 1.4456e-07  test med 4.6691e+00 mean 1.4696e+01 max 4.1254e+01  (121.1 eps/s x 32 = 3875 run-eps/s)
epoch  15700  train 1.4445e-07  test med 4.5689e+00 mean 1.4633e+01 max 4.1223e+01  (121.1 eps/s x 32 = 3876 run-eps/s)
epoch  15800  train 1.4452e-07  test med 4.4692e+00 mean 1.4568e+01 max 4.1191e+01  (121.1 eps/s x 32 = 3876 run-eps/s)
epoch  15900  train 1.4426e-07  test med 4.3693e+00 mean 1.4503e+01 max 4.1161e+01  (121.1 eps/s x 32 = 3876 run-eps/s)
epoch  16000  train 1.4422e-07  test med 4.2684e+00 mean 1.4436e+01 max 4.1131e+01  (121.2 eps/s x 32 = 3877 run-eps/s)
epoch  16100  train 1.4414e-07  test med 4.1683e+00 mean 1.4369e+01 max 4.1101e+01  (121.2 eps/s x 32 = 3877 run-eps/s)
epoch  16200  train 1.4406e-07  test med 4.0681e+00 mean 1.4301e+01 max 4.1072e+01  (121.2 eps/s x 32 = 3878 run-eps/s)
epoch  16300  train 1.4393e-07  test med 3.9677e+00 mean 1.4232e+01 max 4.1043e+01  (121.2 eps/s x 32 = 3878 run-eps/s)
epoch  16400  train 1.4384e-07  test med 3.8661e+00 mean 1.4161e+01 max 4.1015e+01  (121.2 eps/s x 32 = 3878 run-eps/s)
epoch  16500  train 1.4367e-07  test med 3.7617e+00 mean 1.4089e+01 max 4.0987e+01  (121.2 eps/s x 32 = 3879 run-eps/s)
epoch  16600  train 1.4364e-07  test med 3.6562e+00 mean 1.4016e+01 max 4.0958e+01  (121.2 eps/s x 32 = 3879 run-eps/s)
epoch  16700  train 1.4350e-07  test med 3.5510e+00 mean 1.3942e+01 max 4.0930e+01  (121.2 eps/s x 32 = 3879 run-eps/s)
epoch  16800  train 1.4336e-07  test med 3.4433e+00 mean 1.3866e+01 max 4.0901e+01  (121.2 eps/s x 32 = 3879 run-eps/s)
epoch  16900  train 1.4331e-07  test med 3.2768e+00 mean 1.3790e+01 max 4.0873e+01  (121.2 eps/s x 32 = 3880 run-eps/s)
epoch  17000  train 1.4312e-07  test med 3.0804e+00 mean 1.3713e+01 max 4.0846e+01  (121.3 eps/s x 32 = 3880 run-eps/s)
epoch  17100  train 1.4305e-07  test med 2.8846e+00 mean 1.3635e+01 max 4.0819e+01  (121.3 eps/s x 32 = 3880 run-eps/s)
epoch  17200  train 1.4289e-07  test med 2.6903e+00 mean 1.3557e+01 max 4.0792e+01  (121.3 eps/s x 32 = 3881 run-eps/s)
epoch  17300  train 1.4279e-07  test med 2.5012e+00 mean 1.3479e+01 max 4.0765e+01  (121.3 eps/s x 32 = 3881 run-eps/s)
epoch  17400  train 1.4260e-07  test med 2.1875e+00 mean 1.3401e+01 max 4.0737e+01  (121.3 eps/s x 32 = 3881 run-eps/s)
epoch  17500  train 1.4249e-07  test med 1.8869e+00 mean 1.3325e+01 max 4.0710e+01  (121.3 eps/s x 32 = 3882 run-eps/s)
epoch  17600  train 1.4244e-07  test med 1.6030e+00 mean 1.3250e+01 max 4.0683e+01  (121.3 eps/s x 32 = 3882 run-eps/s)
epoch  17700  train 1.4224e-07  test med 1.3355e+00 mean 1.3177e+01 max 4.0657e+01  (121.3 eps/s x 32 = 3882 run-eps/s)
epoch  17800  train 1.4208e-07  test med 1.0925e+00 mean 1.3107e+01 max 4.0631e+01  (121.3 eps/s x 32 = 3883 run-eps/s)
epoch  17900  train 1.4194e-07  test med 8.7576e-01 mean 1.3040e+01 max 4.0604e+01  (121.3 eps/s x 32 = 3883 run-eps/s)
epoch  18000  train 1.4183e-07  test med 6.9202e-01 mean 1.2977e+01 max 4.0577e+01  (121.3 eps/s x 32 = 3883 run-eps/s)
epoch  18100  train 1.4169e-07  test med 5.3660e-01 mean 1.2917e+01 max 4.0551e+01  (121.4 eps/s x 32 = 3883 run-eps/s)
epoch  18200  train 1.4155e-07  test med 4.0860e-01 mean 1.2860e+01 max 4.0524e+01  (121.4 eps/s x 32 = 3884 run-eps/s)
epoch  18300  train 1.4148e-07  test med 3.0879e-01 mean 1.2807e+01 max 4.0499e+01  (121.4 eps/s x 32 = 3884 run-eps/s)
epoch  18400  train 1.4138e-07  test med 2.3199e-01 mean 1.2758e+01 max 4.0473e+01  (121.4 eps/s x 32 = 3884 run-eps/s)
epoch  18500  train 1.4122e-07  test med 1.7304e-01 mean 1.2711e+01 max 4.0448e+01  (121.4 eps/s x 32 = 3884 run-eps/s)
epoch  18600  train 1.4108e-07  test med 1.2869e-01 mean 1.2667e+01 max 4.0422e+01  (121.4 eps/s x 32 = 3885 run-eps/s)
epoch  18700  train 1.4096e-07  test med 9.5732e-02 mean 1.2625e+01 max 4.0396e+01  (121.4 eps/s x 32 = 3885 run-eps/s)
epoch  18800  train 1.4088e-07  test med 7.1492e-02 mean 1.2584e+01 max 4.0371e+01  (121.4 eps/s x 32 = 3885 run-eps/s)
epoch  18900  train 1.4077e-07  test med 5.3413e-02 mean 1.2545e+01 max 4.0346e+01  (121.4 eps/s x 32 = 3886 run-eps/s)
epoch  19000  train 1.4061e-07  test med 4.0079e-02 mean 1.2508e+01 max 4.0321e+01  (121.4 eps/s x 32 = 3886 run-eps/s)
epoch  19100  train 1.4059e-07  test med 2.9967e-02 mean 1.2472e+01 max 4.0296e+01  (121.4 eps/s x 32 = 3886 run-eps/s)
epoch  19200  train 1.4036e-07  test med 2.2222e-02 mean 1.2437e+01 max 4.0271e+01  (121.4 eps/s x 32 = 3886 run-eps/s)
epoch  19300  train 1.4025e-07  test med 1.6407e-02 mean 1.2403e+01 max 4.0247e+01  (121.5 eps/s x 32 = 3887 run-eps/s)
epoch  19400  train 1.4026e-07  test med 1.2118e-02 mean 1.2370e+01 max 4.0222e+01  (121.5 eps/s x 32 = 3887 run-eps/s)
epoch  19500  train 1.4005e-07  test med 8.9045e-03 mean 1.2338e+01 max 4.0198e+01  (121.5 eps/s x 32 = 3887 run-eps/s)
epoch  19600  train 1.4003e-07  test med 6.5374e-03 mean 1.2307e+01 max 4.0174e+01  (121.5 eps/s x 32 = 3887 run-eps/s)
epoch  19700  train 1.3981e-07  test med 4.6951e-03 mean 1.2277e+01 max 4.0151e+01  (121.5 eps/s x 32 = 3888 run-eps/s)
epoch  19800  train 1.3964e-07  test med 3.2297e-03 mean 1.2248e+01 max 4.0127e+01  (121.5 eps/s x 32 = 3888 run-eps/s)
epoch  19900  train 1.4033e-07  test med 2.1173e-03 mean 1.2219e+01 max 4.0104e+01  (121.5 eps/s x 32 = 3888 run-eps/s)
epoch  20000  train 1.3944e-07  test med 1.3035e-03 mean 1.2192e+01 max 4.0080e+01  (121.5 eps/s x 32 = 3888 run-eps/s)
epoch  20100  train 1.3931e-07  test med 7.3065e-04 mean 1.2165e+01 max 4.0057e+01  (121.5 eps/s x 32 = 3889 run-eps/s)
epoch  20200  train 1.3917e-07  test med 3.8133e-04 mean 1.2138e+01 max 4.0035e+01  (121.5 eps/s x 32 = 3889 run-eps/s)
epoch  20300  train 1.3916e-07  test med 1.9037e-04 mean 1.2112e+01 max 4.0011e+01  (121.5 eps/s x 32 = 3889 run-eps/s)
epoch  20400  train 1.3900e-07  test med 9.9515e-05 mean 1.2086e+01 max 3.9988e+01  (121.5 eps/s x 32 = 3889 run-eps/s)
epoch  20500  train 1.3894e-07  test med 5.7125e-05 mean 1.2060e+01 max 3.9965e+01  (121.5 eps/s x 32 = 3890 run-eps/s)
epoch  20600  train 1.3899e-07  test med 3.8713e-05 mean 1.2035e+01 max 3.9941e+01  (121.6 eps/s x 32 = 3890 run-eps/s)
epoch  20700  train 1.3870e-07  test med 2.9678e-05 mean 1.2009e+01 max 3.9918e+01  (121.6 eps/s x 32 = 3890 run-eps/s)
epoch  20800  train 1.3860e-07  test med 2.5570e-05 mean 1.1983e+01 max 3.9895e+01  (121.6 eps/s x 32 = 3890 run-eps/s)
epoch  20900  train 1.3858e-07  test med 2.3182e-05 mean 1.1958e+01 max 3.9872e+01  (121.6 eps/s x 32 = 3890 run-eps/s)
epoch  21000  train 1.3849e-07  test med 2.1615e-05 mean 1.1933e+01 max 3.9849e+01  (121.6 eps/s x 32 = 3891 run-eps/s)
epoch  21100  train 1.3900e-07  test med 2.0756e-05 mean 1.1907e+01 max 3.9826e+01  (121.6 eps/s x 32 = 3891 run-eps/s)
epoch  21200  train 1.3851e-07  test med 2.0270e-05 mean 1.1882e+01 max 3.9802e+01  (121.6 eps/s x 32 = 3891 run-eps/s)
epoch  21300  train 1.3819e-07  test med 1.9964e-05 mean 1.1857e+01 max 3.9780e+01  (121.6 eps/s x 32 = 3891 run-eps/s)
epoch  21400  train 1.3813e-07  test med 1.9301e-05 mean 1.1831e+01 max 3.9757e+01  (121.6 eps/s x 32 = 3891 run-eps/s)
epoch  21500  train 1.3815e-07  test med 1.9415e-05 mean 1.1806e+01 max 3.9734e+01  (121.6 eps/s x 32 = 3892 run-eps/s)
epoch  21600  train 1.3810e-07  test med 1.9328e-05 mean 1.1780e+01 max 3.9712e+01  (121.6 eps/s x 32 = 3892 run-eps/s)
epoch  21700  train 1.3802e-07  test med 1.9480e-05 mean 1.1754e+01 max 3.9688e+01  (121.6 eps/s x 32 = 3892 run-eps/s)
epoch  21800  train 1.3783e-07  test med 1.3800e-05 mean 1.1729e+01 max 3.9665e+01  (121.6 eps/s x 32 = 3892 run-eps/s)
epoch  21900  train 1.3800e-07  test med 9.2468e-06 mean 1.1703e+01 max 3.9642e+01  (121.6 eps/s x 32 = 3892 run-eps/s)
epoch  22000  train 1.3780e-07  test med 6.6884e-06 mean 1.1677e+01 max 3.9620e+01  (121.6 eps/s x 32 = 3893 run-eps/s)
epoch  22100  train 1.3776e-07  test med 5.1317e-06 mean 1.1651e+01 max 3.9597e+01  (121.6 eps/s x 32 = 3893 run-eps/s)
epoch  22200  train 1.3757e-07  test med 4.1619e-06 mean 1.1625e+01 max 3.9574e+01  (121.7 eps/s x 32 = 3893 run-eps/s)
epoch  22300  train 1.3750e-07  test med 3.3369e-06 mean 1.1598e+01 max 3.9552e+01  (121.7 eps/s x 32 = 3893 run-eps/s)
epoch  22400  train 1.3748e-07  test med 2.6376e-06 mean 1.1572e+01 max 3.9530e+01  (121.7 eps/s x 32 = 3893 run-eps/s)
epoch  22500  train 1.3738e-07  test med 2.0554e-06 mean 1.1545e+01 max 3.9508e+01  (121.7 eps/s x 32 = 3894 run-eps/s)
epoch  22600  train 1.3732e-07  test med 1.7823e-06 mean 1.1518e+01 max 3.9487e+01  (121.7 eps/s x 32 = 3894 run-eps/s)
epoch  22700  train 1.3729e-07  test med 1.6324e-06 mean 1.1491e+01 max 3.9465e+01  (121.7 eps/s x 32 = 3894 run-eps/s)
epoch  22800  train 1.3726e-07  test med 1.5110e-06 mean 1.1464e+01 max 3.9444e+01  (121.7 eps/s x 32 = 3894 run-eps/s)
epoch  22900  train 1.3734e-07  test med 1.4185e-06 mean 1.1437e+01 max 3.9423e+01  (121.7 eps/s x 32 = 3894 run-eps/s)
epoch  23000  train 1.3744e-07  test med 1.3435e-06 mean 1.1410e+01 max 3.9403e+01  (121.7 eps/s x 32 = 3894 run-eps/s)
epoch  23100  train 1.3716e-07  test med 1.0909e-06 mean 1.1383e+01 max 3.9382e+01  (121.7 eps/s x 32 = 3895 run-eps/s)
epoch  23200  train 1.3721e-07  test med 9.7835e-07 mean 1.1355e+01 max 3.9361e+01  (121.7 eps/s x 32 = 3895 run-eps/s)
epoch  23300  train 1.3720e-07  test med 9.3128e-07 mean 1.1328e+01 max 3.9341e+01  (121.7 eps/s x 32 = 3895 run-eps/s)
epoch  23400  train 1.3710e-07  test med 8.9455e-07 mean 1.1300e+01 max 3.9320e+01  (121.7 eps/s x 32 = 3895 run-eps/s)
epoch  23500  train 1.3695e-07  test med 8.6580e-07 mean 1.1273e+01 max 3.9299e+01  (121.7 eps/s x 32 = 3895 run-eps/s)
epoch  23600  train 1.3713e-07  test med 8.4183e-07 mean 1.1245e+01 max 3.9278e+01  (121.7 eps/s x 32 = 3896 run-eps/s)
epoch  23700  train 1.3692e-07  test med 8.3929e-07 mean 1.1217e+01 max 3.9258e+01  (121.7 eps/s x 32 = 3896 run-eps/s)
epoch  23800  train 1.3706e-07  test med 8.3830e-07 mean 1.1189e+01 max 3.9236e+01  (121.7 eps/s x 32 = 3896 run-eps/s)
epoch  23900  train 1.3686e-07  test med 8.3718e-07 mean 1.1161e+01 max 3.9214e+01  (121.8 eps/s x 32 = 3896 run-eps/s)
epoch  24000  train 1.3680e-07  test med 8.3642e-07 mean 1.1133e+01 max 3.9193e+01  (121.8 eps/s x 32 = 3896 run-eps/s)
epoch  24100  train 1.3679e-07  test med 8.3561e-07 mean 1.1104e+01 max 3.9171e+01  (121.8 eps/s x 32 = 3896 run-eps/s)
epoch  24200  train 1.3673e-07  test med 8.3464e-07 mean 1.1075e+01 max 3.9149e+01  (121.8 eps/s x 32 = 3897 run-eps/s)
epoch  24300  train 1.3681e-07  test med 8.3362e-07 mean 1.1046e+01 max 3.9126e+01  (121.8 eps/s x 32 = 3897 run-eps/s)
epoch  24400  train 1.3681e-07  test med 8.3269e-07 mean 1.1017e+01 max 3.9103e+01  (121.8 eps/s x 32 = 3897 run-eps/s)
epoch  24500  train 1.3662e-07  test med 8.3212e-07 mean 1.0988e+01 max 3.9081e+01  (121.8 eps/s x 32 = 3897 run-eps/s)
epoch  24600  train 1.3693e-07  test med 8.3128e-07 mean 1.0959e+01 max 3.9058e+01  (121.8 eps/s x 32 = 3897 run-eps/s)
epoch  24700  train 1.3667e-07  test med 8.3085e-07 mean 1.0929e+01 max 3.9037e+01  (121.8 eps/s x 32 = 3897 run-eps/s)
epoch  24800  train 1.3674e-07  test med 8.3073e-07 mean 1.0899e+01 max 3.9016e+01  (121.8 eps/s x 32 = 3897 run-eps/s)
epoch  24900  train 1.3652e-07  test med 8.3095e-07 mean 1.0869e+01 max 3.8995e+01  (121.8 eps/s x 32 = 3898 run-eps/s)
epoch  25000  train 1.3677e-07  test med 8.3092e-07 mean 1.0839e+01 max 3.8974e+01  (121.8 eps/s x 32 = 3898 run-eps/s)
epoch  25100  train 1.3648e-07  test med 8.3096e-07 mean 1.0809e+01 max 3.8953e+01  (121.8 eps/s x 32 = 3898 run-eps/s)
epoch  25200  train 1.3640e-07  test med 8.3077e-07 mean 1.0778e+01 max 3.8932e+01  (121.8 eps/s x 32 = 3898 run-eps/s)
epoch  25300  train 1.3624e-07  test med 8.3101e-07 mean 1.0747e+01 max 3.8912e+01  (121.8 eps/s x 32 = 3898 run-eps/s)
epoch  25400  train 1.3642e-07  test med 8.3102e-07 mean 1.0716e+01 max 3.8891e+01  (121.8 eps/s x 32 = 3898 run-eps/s)
epoch  25500  train 1.3627e-07  test med 8.3101e-07 mean 1.0685e+01 max 3.8871e+01  (121.8 eps/s x 32 = 3898 run-eps/s)
epoch  25600  train 1.3631e-07  test med 8.3092e-07 mean 1.0654e+01 max 3.8851e+01  (121.8 eps/s x 32 = 3898 run-eps/s)
epoch  25700  train 1.3623e-07  test med 8.3070e-07 mean 1.0622e+01 max 3.8831e+01  (121.8 eps/s x 32 = 3898 run-eps/s)
epoch  25800  train 1.3650e-07  test med 8.3070e-07 mean 1.0590e+01 max 3.8811e+01  (121.8 eps/s x 32 = 3899 run-eps/s)
epoch  25900  train 1.3627e-07  test med 8.3068e-07 mean 1.0557e+01 max 3.8791e+01  (121.8 eps/s x 32 = 3899 run-eps/s)
epoch  26000  train 1.3663e-07  test med 8.3071e-07 mean 1.0524e+01 max 3.8771e+01  (121.8 eps/s x 32 = 3899 run-eps/s)
epoch  26100  train 1.3603e-07  test med 8.3072e-07 mean 1.0491e+01 max 3.8750e+01  (121.8 eps/s x 32 = 3899 run-eps/s)
epoch  26200  train 1.3601e-07  test med 8.3080e-07 mean 1.0457e+01 max 3.8731e+01  (121.8 eps/s x 32 = 3899 run-eps/s)
epoch  26300  train 1.3607e-07  test med 8.3073e-07 mean 1.0423e+01 max 3.8710e+01  (121.9 eps/s x 32 = 3899 run-eps/s)
epoch  26400  train 1.3730e-07  test med 8.3096e-07 mean 1.0388e+01 max 3.8690e+01  (121.9 eps/s x 32 = 3899 run-eps/s)
epoch  26500  train 1.3597e-07  test med 8.3116e-07 mean 1.0354e+01 max 3.8671e+01  (121.9 eps/s x 32 = 3900 run-eps/s)
epoch  26600  train 1.3650e-07  test med 8.3308e-07 mean 1.0318e+01 max 3.8650e+01  (121.9 eps/s x 32 = 3900 run-eps/s)
epoch  26700  train 1.3588e-07  test med 8.3151e-07 mean 1.0282e+01 max 3.8630e+01  (121.9 eps/s x 32 = 3900 run-eps/s)
epoch  26800  train 1.3576e-07  test med 8.3185e-07 mean 1.0247e+01 max 3.8610e+01  (121.9 eps/s x 32 = 3900 run-eps/s)
epoch  26900  train 1.3592e-07  test med 8.3209e-07 mean 1.0210e+01 max 3.8590e+01  (121.9 eps/s x 32 = 3900 run-eps/s)
epoch  27000  train 1.3571e-07  test med 8.3219e-07 mean 1.0174e+01 max 3.8571e+01  (121.9 eps/s x 32 = 3900 run-eps/s)
epoch  27100  train 1.3567e-07  test med 8.3221e-07 mean 1.0137e+01 max 3.8550e+01  (121.9 eps/s x 32 = 3901 run-eps/s)
epoch  27200  train 1.3555e-07  test med 8.3215e-07 mean 1.0101e+01 max 3.8531e+01  (121.9 eps/s x 32 = 3901 run-eps/s)
epoch  27300  train 1.3557e-07  test med 8.3222e-07 mean 1.0064e+01 max 3.8512e+01  (121.9 eps/s x 32 = 3901 run-eps/s)
epoch  27400  train 1.3558e-07  test med 8.3224e-07 mean 1.0027e+01 max 3.8492e+01  (121.9 eps/s x 32 = 3901 run-eps/s)
epoch  27500  train 1.3568e-07  test med 8.3223e-07 mean 9.9896e+00 max 3.8472e+01  (121.9 eps/s x 32 = 3901 run-eps/s)
epoch  27600  train 1.3543e-07  test med 8.3197e-07 mean 9.9521e+00 max 3.8452e+01  (121.9 eps/s x 32 = 3901 run-eps/s)
epoch  27700  train 1.3559e-07  test med 8.3198e-07 mean 9.9142e+00 max 3.8432e+01  (121.9 eps/s x 32 = 3901 run-eps/s)
epoch  27800  train 1.3531e-07  test med 8.3201e-07 mean 9.8761e+00 max 3.8413e+01  (121.9 eps/s x 32 = 3901 run-eps/s)
epoch  27900  train 1.3573e-07  test med 8.3197e-07 mean 9.8377e+00 max 3.8392e+01  (121.9 eps/s x 32 = 3902 run-eps/s)
epoch  28000  train 1.3526e-07  test med 8.3231e-07 mean 9.7989e+00 max 3.8372e+01  (121.9 eps/s x 32 = 3902 run-eps/s)
epoch  28100  train 1.3517e-07  test med 8.3242e-07 mean 9.7599e+00 max 3.8352e+01  (121.9 eps/s x 32 = 3902 run-eps/s)
epoch  28200  train 1.3519e-07  test med 8.3247e-07 mean 9.7207e+00 max 3.8332e+01  (121.9 eps/s x 32 = 3902 run-eps/s)
epoch  28300  train 1.3516e-07  test med 8.3236e-07 mean 9.6815e+00 max 3.8311e+01  (121.9 eps/s x 32 = 3902 run-eps/s)
epoch  28400  train 1.3498e-07  test med 8.3210e-07 mean 9.6423e+00 max 3.8291e+01  (121.9 eps/s x 32 = 3902 run-eps/s)
epoch  28500  train 1.3518e-07  test med 8.3219e-07 mean 9.6034e+00 max 3.8271e+01  (121.9 eps/s x 32 = 3902 run-eps/s)
epoch  28600  train 1.3488e-07  test med 8.3224e-07 mean 9.5647e+00 max 3.8252e+01  (121.9 eps/s x 32 = 3902 run-eps/s)
epoch  28700  train 1.3485e-07  test med 8.3233e-07 mean 9.5264e+00 max 3.8232e+01  (122.0 eps/s x 32 = 3902 run-eps/s)
epoch  28800  train 1.3474e-07  test med 8.3240e-07 mean 9.4883e+00 max 3.8212e+01  (122.0 eps/s x 32 = 3903 run-eps/s)
epoch  28900  train 1.3465e-07  test med 8.3265e-07 mean 9.4506e+00 max 3.8192e+01  (122.0 eps/s x 32 = 3903 run-eps/s)
epoch  29000  train 1.3477e-07  test med 8.3289e-07 mean 9.4134e+00 max 3.8172e+01  (122.0 eps/s x 32 = 3903 run-eps/s)
epoch  29100  train 1.3451e-07  test med 8.3292e-07 mean 9.3768e+00 max 3.8152e+01  (122.0 eps/s x 32 = 3903 run-eps/s)
epoch  29200  train 1.3460e-07  test med 8.3300e-07 mean 9.3409e+00 max 3.8133e+01  (122.0 eps/s x 32 = 3903 run-eps/s)
epoch  29300  train 1.3441e-07  test med 8.3290e-07 mean 9.3061e+00 max 3.8113e+01  (122.0 eps/s x 32 = 3903 run-eps/s)
epoch  29400  train 1.3432e-07  test med 8.3294e-07 mean 9.2725e+00 max 3.8094e+01  (122.0 eps/s x 32 = 3903 run-eps/s)
epoch  29500  train 1.3436e-07  test med 8.3277e-07 mean 9.2396e+00 max 3.8074e+01  (122.0 eps/s x 32 = 3903 run-eps/s)
epoch  29600  train 1.3447e-07  test med 8.3267e-07 mean 9.2079e+00 max 3.8055e+01  (122.0 eps/s x 32 = 3903 run-eps/s)
epoch  29700  train 1.3415e-07  test med 8.3269e-07 mean 9.1772e+00 max 3.8035e+01  (122.0 eps/s x 32 = 3904 run-eps/s)
epoch  29800  train 1.3414e-07  test med 8.3258e-07 mean 9.1473e+00 max 3.8016e+01  (122.0 eps/s x 32 = 3904 run-eps/s)
epoch  29900  train 1.3397e-07  test med 8.3259e-07 mean 9.1184e+00 max 3.7997e+01  (122.0 eps/s x 32 = 3904 run-eps/s)
epoch  30000  train 1.3407e-07  test med 8.3243e-07 mean 9.0903e+00 max 3.7978e+01  (122.0 eps/s x 32 = 3904 run-eps/s)
epoch  30100  train 1.3381e-07  test med 8.3258e-07 mean 9.0631e+00 max 3.7958e+01  (122.0 eps/s x 32 = 3904 run-eps/s)
epoch  30200  train 1.3378e-07  test med 8.3249e-07 mean 9.0370e+00 max 3.7940e+01  (122.0 eps/s x 32 = 3904 run-eps/s)
epoch  30300  train 1.3367e-07  test med 8.3244e-07 mean 9.0118e+00 max 3.7920e+01  (122.0 eps/s x 32 = 3904 run-eps/s)
epoch  30400  train 1.3361e-07  test med 8.3256e-07 mean 8.9876e+00 max 3.7901e+01  (122.0 eps/s x 32 = 3904 run-eps/s)
epoch  30500  train 1.3366e-07  test med 8.3264e-07 mean 8.9640e+00 max 3.7882e+01  (122.0 eps/s x 32 = 3904 run-eps/s)
epoch  30600  train 1.3374e-07  test med 8.3246e-07 mean 8.9411e+00 max 3.7862e+01  (122.0 eps/s x 32 = 3904 run-eps/s)
epoch  30700  train 1.3349e-07  test med 8.3238e-07 mean 8.9190e+00 max 3.7842e+01  (122.0 eps/s x 32 = 3905 run-eps/s)
epoch  30800  train 1.3345e-07  test med 8.3232e-07 mean 8.8973e+00 max 3.7823e+01  (122.0 eps/s x 32 = 3905 run-eps/s)
epoch  30900  train 1.3339e-07  test med 8.3233e-07 mean 8.8760e+00 max 3.7804e+01  (122.0 eps/s x 32 = 3905 run-eps/s)
epoch  31000  train 1.3327e-07  test med 8.3235e-07 mean 8.8550e+00 max 3.7784e+01  (122.0 eps/s x 32 = 3905 run-eps/s)
epoch  31100  train 1.3344e-07  test med 8.3238e-07 mean 8.8341e+00 max 3.7765e+01  (122.0 eps/s x 32 = 3905 run-eps/s)
epoch  31200  train 1.3349e-07  test med 8.3228e-07 mean 8.8133e+00 max 3.7747e+01  (122.0 eps/s x 32 = 3905 run-eps/s)
epoch  31300  train 1.3323e-07  test med 8.3243e-07 mean 8.7925e+00 max 3.7728e+01  (122.0 eps/s x 32 = 3905 run-eps/s)
epoch  31400  train 1.3305e-07  test med 8.3242e-07 mean 8.7718e+00 max 3.7710e+01  (122.0 eps/s x 32 = 3905 run-eps/s)
epoch  31500  train 1.3330e-07  test med 8.3243e-07 mean 8.7510e+00 max 3.7691e+01  (122.0 eps/s x 32 = 3905 run-eps/s)
epoch  31600  train 1.3311e-07  test med 8.3238e-07 mean 8.7302e+00 max 3.7673e+01  (122.0 eps/s x 32 = 3905 run-eps/s)
epoch  31700  train 1.3300e-07  test med 8.3221e-07 mean 8.7096e+00 max 3.7654e+01  (122.0 eps/s x 32 = 3906 run-eps/s)
epoch  31800  train 1.3353e-07  test med 8.3194e-07 mean 8.6889e+00 max 3.7635e+01  (122.1 eps/s x 32 = 3906 run-eps/s)
epoch  31900  train 1.3293e-07  test med 8.3198e-07 mean 8.6681e+00 max 3.7617e+01  (122.1 eps/s x 32 = 3906 run-eps/s)
epoch  32000  train 1.3310e-07  test med 8.3187e-07 mean 8.6473e+00 max 3.7598e+01  (122.1 eps/s x 32 = 3906 run-eps/s)
epoch  32100  train 1.3294e-07  test med 8.3178e-07 mean 8.6265e+00 max 3.7580e+01  (122.1 eps/s x 32 = 3906 run-eps/s)
epoch  32200  train 1.3320e-07  test med 8.3174e-07 mean 8.6055e+00 max 3.7562e+01  (122.1 eps/s x 32 = 3906 run-eps/s)
epoch  32300  train 1.3296e-07  test med 8.3162e-07 mean 8.5846e+00 max 3.7544e+01  (122.1 eps/s x 32 = 3906 run-eps/s)
epoch  32400  train 1.3269e-07  test med 8.3154e-07 mean 8.5638e+00 max 3.7526e+01  (122.1 eps/s x 32 = 3906 run-eps/s)
epoch  32500  train 1.3265e-07  test med 8.3148e-07 mean 8.5431e+00 max 3.7508e+01  (122.1 eps/s x 32 = 3906 run-eps/s)
epoch  32600  train 1.3258e-07  test med 8.3157e-07 mean 8.5224e+00 max 3.7490e+01  (122.1 eps/s x 32 = 3906 run-eps/s)
epoch  32700  train 1.3255e-07  test med 8.3173e-07 mean 8.5017e+00 max 3.7471e+01  (122.1 eps/s x 32 = 3907 run-eps/s)
epoch  32800  train 1.3247e-07  test med 8.3190e-07 mean 8.4813e+00 max 3.7453e+01  (122.1 eps/s x 32 = 3907 run-eps/s)
epoch  32900  train 1.3245e-07  test med 8.3178e-07 mean 8.4611e+00 max 3.7435e+01  (122.1 eps/s x 32 = 3907 run-eps/s)
epoch  33000  train 1.3244e-07  test med 8.3182e-07 mean 8.4411e+00 max 3.7417e+01  (122.1 eps/s x 32 = 3907 run-eps/s)
epoch  33100  train 2.6499e-06  test med 1.1672e-06 mean 8.4216e+00 max 3.7399e+01  (122.1 eps/s x 32 = 3907 run-eps/s)
epoch  33200  train 1.5680e-05  test med 1.1665e-06 mean 8.4025e+00 max 3.7380e+01  (122.1 eps/s x 32 = 3907 run-eps/s)
epoch  33300  train 9.5899e-06  test med 1.1662e-06 mean 8.3840e+00 max 3.7362e+01  (122.1 eps/s x 32 = 3907 run-eps/s)
epoch  33400  train 3.6373e-06  test med 1.1661e-06 mean 8.3660e+00 max 3.7344e+01  (122.1 eps/s x 32 = 3907 run-eps/s)
epoch  33500  train 1.3608e-06  test med 1.1663e-06 mean 8.3485e+00 max 3.7327e+01  (122.1 eps/s x 32 = 3907 run-eps/s)
epoch  33600  train 5.5804e-07  test med 1.1651e-06 mean 8.3316e+00 max 3.7308e+01  (122.1 eps/s x 32 = 3907 run-eps/s)
epoch  33700  train 2.8118e-07  test med 1.1653e-06 mean 8.3153e+00 max 3.7291e+01  (122.1 eps/s x 32 = 3907 run-eps/s)
epoch  33800  train 1.8628e-07  test med 1.1652e-06 mean 8.2995e+00 max 3.7273e+01  (122.1 eps/s x 32 = 3907 run-eps/s)
epoch  33900  train 1.5183e-07  test med 1.1646e-06 mean 8.2841e+00 max 3.7256e+01  (122.1 eps/s x 32 = 3908 run-eps/s)
epoch  34000  train 1.3950e-07  test med 1.1652e-06 mean 8.2690e+00 max 3.7238e+01  (122.1 eps/s x 32 = 3908 run-eps/s)
epoch  34100  train 1.3499e-07  test med 1.0390e-06 mean 8.2544e+00 max 3.7222e+01  (122.1 eps/s x 32 = 3908 run-eps/s)
epoch  34200  train 1.3291e-07  test med 8.3115e-07 mean 8.2402e+00 max 3.7204e+01  (122.1 eps/s x 32 = 3908 run-eps/s)
epoch  34300  train 1.3213e-07  test med 8.3109e-07 mean 8.2263e+00 max 3.7186e+01  (122.1 eps/s x 32 = 3908 run-eps/s)
epoch  34400  train 1.3177e-07  test med 8.3098e-07 mean 8.2126e+00 max 3.7169e+01  (122.1 eps/s x 32 = 3908 run-eps/s)
epoch  34500  train 1.3169e-07  test med 8.3093e-07 mean 8.1992e+00 max 3.7152e+01  (122.1 eps/s x 32 = 3908 run-eps/s)
epoch  34600  train 1.3197e-07  test med 7.6914e-07 mean 8.1858e+00 max 3.7135e+01  (122.1 eps/s x 32 = 3908 run-eps/s)
epoch  34700  train 1.3171e-07  test med 7.3231e-07 mean 8.1725e+00 max 3.7118e+01  (122.1 eps/s x 32 = 3908 run-eps/s)
epoch  34800  train 1.3177e-07  test med 7.3772e-07 mean 8.1592e+00 max 3.7100e+01  (122.1 eps/s x 32 = 3908 run-eps/s)
epoch  34900  train 1.3174e-07  test med 7.3460e-07 mean 8.1461e+00 max 3.7084e+01  (122.1 eps/s x 32 = 3908 run-eps/s)
epoch  35000  train 1.3157e-07  test med 7.3101e-07 mean 8.1330e+00 max 3.7067e+01  (122.1 eps/s x 32 = 3909 run-eps/s)
epoch  35100  train 1.3159e-07  test med 7.3026e-07 mean 8.1200e+00 max 3.7050e+01  (122.1 eps/s x 32 = 3909 run-eps/s)
epoch  35200  train 1.3156e-07  test med 7.3208e-07 mean 8.1069e+00 max 3.7033e+01  (122.1 eps/s x 32 = 3909 run-eps/s)
epoch  35300  train 1.3148e-07  test med 7.3018e-07 mean 8.0938e+00 max 3.7017e+01  (122.1 eps/s x 32 = 3909 run-eps/s)
epoch  35400  train 1.3206e-07  test med 7.4982e-07 mean 8.0808e+00 max 3.7000e+01  (122.2 eps/s x 32 = 3909 run-eps/s)
epoch  35500  train 1.3158e-07  test med 7.3763e-07 mean 8.0677e+00 max 3.6984e+01  (122.2 eps/s x 32 = 3909 run-eps/s)
epoch  35600  train 1.3138e-07  test med 7.3085e-07 mean 8.0545e+00 max 3.6967e+01  (122.2 eps/s x 32 = 3909 run-eps/s)
epoch  35700  train 1.3134e-07  test med 7.3057e-07 mean 8.0415e+00 max 3.6950e+01  (122.2 eps/s x 32 = 3909 run-eps/s)
epoch  35800  train 1.3148e-07  test med 7.3543e-07 mean 8.0282e+00 max 3.6933e+01  (122.2 eps/s x 32 = 3909 run-eps/s)
epoch  35900  train 1.3135e-07  test med 7.3261e-07 mean 8.0149e+00 max 3.6916e+01  (122.2 eps/s x 32 = 3909 run-eps/s)
epoch  36000  train 1.3118e-07  test med 7.2951e-07 mean 8.0015e+00 max 3.6899e+01  (122.2 eps/s x 32 = 3909 run-eps/s)
epoch  36100  train 1.3162e-07  test med 7.4288e-07 mean 7.9880e+00 max 3.6882e+01  (122.2 eps/s x 32 = 3909 run-eps/s)
epoch  36200  train 1.3121e-07  test med 7.3185e-07 mean 7.9746e+00 max 3.6865e+01  (122.2 eps/s x 32 = 3910 run-eps/s)
epoch  36300  train 1.3118e-07  test med 7.3109e-07 mean 7.9611e+00 max 3.6846e+01  (122.2 eps/s x 32 = 3910 run-eps/s)
epoch  36400  train 1.3123e-07  test med 7.3505e-07 mean 7.9474e+00 max 3.6828e+01  (122.2 eps/s x 32 = 3910 run-eps/s)
epoch  36500  train 1.3106e-07  test med 7.3055e-07 mean 7.9338e+00 max 3.6811e+01  (122.2 eps/s x 32 = 3910 run-eps/s)
epoch  36600  train 1.3119e-07  test med 7.3414e-07 mean 7.9201e+00 max 3.6793e+01  (122.2 eps/s x 32 = 3910 run-eps/s)
epoch  36700  train 1.3115e-07  test med 7.3262e-07 mean 7.9063e+00 max 3.6775e+01  (122.2 eps/s x 32 = 3910 run-eps/s)
epoch  36800  train 1.3092e-07  test med 7.2967e-07 mean 7.8926e+00 max 3.6757e+01  (122.2 eps/s x 32 = 3910 run-eps/s)
epoch  36900  train 1.3104e-07  test med 7.2063e-07 mean 7.8788e+00 max 3.6740e+01  (122.2 eps/s x 32 = 3910 run-eps/s)
epoch  37000  train 1.3104e-07  test med 6.8659e-07 mean 7.8651e+00 max 3.6723e+01  (122.2 eps/s x 32 = 3910 run-eps/s)
epoch  37100  train 1.3109e-07  test med 6.9122e-07 mean 7.8514e+00 max 3.6705e+01  (122.2 eps/s x 32 = 3910 run-eps/s)
epoch  37200  train 1.3295e-07  test med 6.8513e-07 mean 7.8376e+00 max 3.6688e+01  (122.2 eps/s x 32 = 3910 run-eps/s)
epoch  37300  train 1.3089e-07  test med 6.8531e-07 mean 7.8237e+00 max 3.6671e+01  (122.2 eps/s x 32 = 3910 run-eps/s)
epoch  37400  train 1.3090e-07  test med 6.8585e-07 mean 7.8099e+00 max 3.6653e+01  (122.2 eps/s x 32 = 3910 run-eps/s)
epoch  37500  train 1.3096e-07  test med 6.8773e-07 mean 7.7959e+00 max 3.6635e+01  (122.2 eps/s x 32 = 3911 run-eps/s)
epoch  37600  train 1.3086e-07  test med 6.8927e-07 mean 7.7818e+00 max 3.6618e+01  (122.2 eps/s x 32 = 3911 run-eps/s)
epoch  37700  train 1.3084e-07  test med 6.8591e-07 mean 7.7677e+00 max 3.6600e+01  (122.2 eps/s x 32 = 3911 run-eps/s)
epoch  37800  train 1.3079e-07  test med 6.8663e-07 mean 7.7535e+00 max 3.6582e+01  (122.2 eps/s x 32 = 3911 run-eps/s)
epoch  37900  train 1.3075e-07  test med 6.8864e-07 mean 7.7393e+00 max 3.6564e+01  (122.2 eps/s x 32 = 3911 run-eps/s)
epoch  38000  train 1.3080e-07  test med 6.8775e-07 mean 7.7250e+00 max 3.6546e+01  (122.2 eps/s x 32 = 3911 run-eps/s)
epoch  38100  train 1.3082e-07  test med 6.8829e-07 mean 7.7108e+00 max 3.6530e+01  (122.2 eps/s x 32 = 3911 run-eps/s)
epoch  38200  train 1.3077e-07  test med 6.8874e-07 mean 7.6965e+00 max 3.6513e+01  (122.2 eps/s x 32 = 3911 run-eps/s)
epoch  38300  train 1.3074e-07  test med 6.8768e-07 mean 7.6821e+00 max 3.6495e+01  (122.2 eps/s x 32 = 3911 run-eps/s)
epoch  38400  train 1.3074e-07  test med 6.8821e-07 mean 7.6679e+00 max 3.6479e+01  (122.2 eps/s x 32 = 3911 run-eps/s)
epoch  38500  train 1.3078e-07  test med 6.8866e-07 mean 7.6535e+00 max 3.6463e+01  (122.2 eps/s x 32 = 3911 run-eps/s)
epoch  38600  train 1.3076e-07  test med 6.8996e-07 mean 7.6391e+00 max 3.6445e+01  (122.2 eps/s x 32 = 3911 run-eps/s)
epoch  38700  train 1.3065e-07  test med 6.8727e-07 mean 7.6245e+00 max 3.6429e+01  (122.2 eps/s x 32 = 3911 run-eps/s)
epoch  38800  train 1.3064e-07  test med 6.8829e-07 mean 7.6099e+00 max 3.6411e+01  (122.2 eps/s x 32 = 3911 run-eps/s)
epoch  38900  train 1.3069e-07  test med 6.8822e-07 mean 7.5952e+00 max 3.6394e+01  (122.2 eps/s x 32 = 3912 run-eps/s)
epoch  39000  train 1.3081e-07  test med 6.9442e-07 mean 7.5804e+00 max 3.6377e+01  (122.2 eps/s x 32 = 3912 run-eps/s)
epoch  39100  train 1.3073e-07  test med 6.9032e-07 mean 7.5656e+00 max 3.6359e+01  (122.2 eps/s x 32 = 3912 run-eps/s)
epoch  39200  train 2.8622e-05  test med 7.3203e-07 mean 7.5509e+00 max 3.6342e+01  (122.2 eps/s x 32 = 3912 run-eps/s)
epoch  39300  train 2.0387e-05  test med 7.3586e-07 mean 7.5361e+00 max 3.6325e+01  (122.2 eps/s x 32 = 3912 run-eps/s)
epoch  39400  train 2.9891e-05  test med 7.3336e-07 mean 7.5212e+00 max 3.6308e+01  (122.2 eps/s x 32 = 3912 run-eps/s)
epoch  39500  train 1.2180e-05  test med 7.4340e-07 mean 7.5064e+00 max 3.6291e+01  (122.2 eps/s x 32 = 3912 run-eps/s)
epoch  39600  train 4.5119e-06  test med 7.4037e-07 mean 7.4914e+00 max 3.6275e+01  (122.3 eps/s x 32 = 3912 run-eps/s)
epoch  39700  train 1.6877e-06  test med 7.3343e-07 mean 7.4765e+00 max 3.6259e+01  (122.3 eps/s x 32 = 3912 run-eps/s)
epoch  39800  train 6.8097e-07  test med 7.3387e-07 mean 7.4616e+00 max 3.6241e+01  (122.3 eps/s x 32 = 3912 run-eps/s)
epoch  39900  train 3.2587e-07  test med 7.4317e-07 mean 7.4465e+00 max 3.6225e+01  (122.3 eps/s x 32 = 3912 run-eps/s)
epoch  40000  train 2.0053e-07  test med 7.3850e-07 mean 7.4314e+00 max 3.6208e+01  (122.3 eps/s x 32 = 3912 run-eps/s)
epoch  40100  train 1.5591e-07  test med 7.3339e-07 mean 7.4161e+00 max 3.6191e+01  (122.3 eps/s x 32 = 3912 run-eps/s)
epoch  40200  train 1.3997e-07  test med 7.3558e-07 mean 7.4007e+00 max 3.6174e+01  (122.3 eps/s x 32 = 3912 run-eps/s)
epoch  40300  train 1.3401e-07  test med 7.3580e-07 mean 7.3853e+00 max 3.6157e+01  (122.3 eps/s x 32 = 3912 run-eps/s)
epoch  40400  train 1.3199e-07  test med 7.0122e-07 mean 7.3698e+00 max 3.6140e+01  (122.3 eps/s x 32 = 3913 run-eps/s)
epoch  40500  train 1.3077e-07  test med 6.9145e-07 mean 7.3541e+00 max 3.6123e+01  (122.3 eps/s x 32 = 3913 run-eps/s)
epoch  40600  train 1.3049e-07  test med 6.8353e-07 mean 7.3386e+00 max 3.6107e+01  (122.3 eps/s x 32 = 3913 run-eps/s)
epoch  40700  train 1.3057e-07  test med 6.6390e-07 mean 7.3229e+00 max 3.6089e+01  (122.3 eps/s x 32 = 3913 run-eps/s)
epoch  40800  train 1.3039e-07  test med 6.4656e-07 mean 7.3071e+00 max 3.6072e+01  (122.3 eps/s x 32 = 3913 run-eps/s)
epoch  40900  train 1.3056e-07  test med 6.3856e-07 mean 7.2911e+00 max 3.6055e+01  (122.3 eps/s x 32 = 3913 run-eps/s)
epoch  41000  train 1.3041e-07  test med 6.3861e-07 mean 7.2751e+00 max 3.6038e+01  (122.3 eps/s x 32 = 3913 run-eps/s)
epoch  41100  train 1.3052e-07  test med 6.3859e-07 mean 7.2591e+00 max 3.6021e+01  (122.3 eps/s x 32 = 3913 run-eps/s)
epoch  41200  train 1.3043e-07  test med 6.3861e-07 mean 7.2430e+00 max 3.6005e+01  (122.3 eps/s x 32 = 3913 run-eps/s)
epoch  41300  train 1.3038e-07  test med 6.3864e-07 mean 7.2269e+00 max 3.5987e+01  (122.3 eps/s x 32 = 3913 run-eps/s)
epoch  41400  train 1.3060e-07  test med 6.3867e-07 mean 7.2108e+00 max 3.5971e+01  (122.3 eps/s x 32 = 3913 run-eps/s)
epoch  41500  train 1.3043e-07  test med 6.3884e-07 mean 7.1947e+00 max 3.5953e+01  (122.3 eps/s x 32 = 3913 run-eps/s)
epoch  41600  train 1.3120e-07  test med 6.3881e-07 mean 7.1785e+00 max 3.5937e+01  (122.3 eps/s x 32 = 3913 run-eps/s)
epoch  41700  train 1.3066e-07  test med 6.3867e-07 mean 7.1622e+00 max 3.5920e+01  (122.3 eps/s x 32 = 3913 run-eps/s)
epoch  41800  train 1.3063e-07  test med 6.3878e-07 mean 7.1459e+00 max 3.5904e+01  (122.3 eps/s x 32 = 3913 run-eps/s)
epoch  41900  train 1.3037e-07  test med 6.3883e-07 mean 7.1295e+00 max 3.5888e+01  (122.3 eps/s x 32 = 3913 run-eps/s)
epoch  42000  train 1.3040e-07  test med 6.3882e-07 mean 7.1131e+00 max 3.5871e+01  (122.3 eps/s x 32 = 3913 run-eps/s)
epoch  42100  train 1.3040e-07  test med 6.3870e-07 mean 7.0967e+00 max 3.5855e+01  (122.3 eps/s x 32 = 3913 run-eps/s)
epoch  42200  train 1.3042e-07  test med 6.3870e-07 mean 7.0801e+00 max 3.5839e+01  (122.3 eps/s x 32 = 3914 run-eps/s)
epoch  42300  train 1.3036e-07  test med 6.3871e-07 mean 7.0634e+00 max 3.5822e+01  (122.3 eps/s x 32 = 3914 run-eps/s)
epoch  42400  train 1.3036e-07  test med 6.3882e-07 mean 7.0466e+00 max 3.5805e+01  (122.3 eps/s x 32 = 3914 run-eps/s)
epoch  42500  train 1.3028e-07  test med 6.3879e-07 mean 7.0298e+00 max 3.5789e+01  (122.3 eps/s x 32 = 3914 run-eps/s)
epoch  42600  train 1.3027e-07  test med 6.3882e-07 mean 7.0128e+00 max 3.5773e+01  (122.3 eps/s x 32 = 3914 run-eps/s)
epoch  42700  train 1.3030e-07  test med 6.3869e-07 mean 6.9958e+00 max 3.5756e+01  (122.3 eps/s x 32 = 3914 run-eps/s)
epoch  42800  train 1.3026e-07  test med 6.3866e-07 mean 6.9788e+00 max 3.5740e+01  (122.3 eps/s x 32 = 3914 run-eps/s)
epoch  42900  train 1.3033e-07  test med 6.3876e-07 mean 6.9617e+00 max 3.5723e+01  (122.3 eps/s x 32 = 3914 run-eps/s)
epoch  43000  train 1.3055e-07  test med 6.3869e-07 mean 6.9444e+00 max 3.5707e+01  (122.3 eps/s x 32 = 3914 run-eps/s)
epoch  43100  train 1.3046e-07  test med 6.3862e-07 mean 6.9270e+00 max 3.5690e+01  (122.3 eps/s x 32 = 3914 run-eps/s)
epoch  43200  train 1.3036e-07  test med 6.3854e-07 mean 6.9095e+00 max 3.5673e+01  (122.3 eps/s x 32 = 3914 run-eps/s)
epoch  43300  train 1.3028e-07  test med 6.3855e-07 mean 6.8919e+00 max 3.5656e+01  (122.3 eps/s x 32 = 3914 run-eps/s)
epoch  43400  train 1.3032e-07  test med 6.3851e-07 mean 6.8743e+00 max 3.5639e+01  (122.3 eps/s x 32 = 3914 run-eps/s)
epoch  43500  train 1.3022e-07  test med 6.3843e-07 mean 6.8565e+00 max 3.5621e+01  (122.3 eps/s x 32 = 3914 run-eps/s)
epoch  43600  train 1.3038e-07  test med 6.3850e-07 mean 6.8386e+00 max 3.5604e+01  (122.3 eps/s x 32 = 3914 run-eps/s)
epoch  43700  train 1.3018e-07  test med 6.3835e-07 mean 6.8208e+00 max 3.5588e+01  (122.3 eps/s x 32 = 3914 run-eps/s)
epoch  43800  train 1.3019e-07  test med 6.3835e-07 mean 6.8029e+00 max 3.5571e+01  (122.3 eps/s x 32 = 3914 run-eps/s)
epoch  43900  train 1.3015e-07  test med 6.3835e-07 mean 6.7848e+00 max 3.5553e+01  (122.3 eps/s x 32 = 3914 run-eps/s)
epoch  44000  train 1.3029e-07  test med 6.3855e-07 mean 6.7668e+00 max 3.5536e+01  (122.3 eps/s x 32 = 3914 run-eps/s)
epoch  44100  train 1.3013e-07  test med 6.3839e-07 mean 6.7487e+00 max 3.5520e+01  (122.3 eps/s x 32 = 3915 run-eps/s)
epoch  44200  train 1.3012e-07  test med 6.3846e-07 mean 6.7305e+00 max 3.5504e+01  (122.3 eps/s x 32 = 3915 run-eps/s)
epoch  44300  train 1.3009e-07  test med 6.3836e-07 mean 6.7124e+00 max 3.5487e+01  (122.3 eps/s x 32 = 3915 run-eps/s)
epoch  44400  train 1.3019e-07  test med 6.3830e-07 mean 6.6941e+00 max 3.5470e+01  (122.3 eps/s x 32 = 3915 run-eps/s)
epoch  44500  train 1.3008e-07  test med 6.3818e-07 mean 6.6758e+00 max 3.5454e+01  (122.3 eps/s x 32 = 3915 run-eps/s)
epoch  44600  train 1.3004e-07  test med 6.3811e-07 mean 6.6575e+00 max 3.5436e+01  (122.3 eps/s x 32 = 3915 run-eps/s)
epoch  44700  train 1.3009e-07  test med 6.3820e-07 mean 6.6391e+00 max 3.5419e+01  (122.3 eps/s x 32 = 3915 run-eps/s)
epoch  44800  train 1.3026e-07  test med 6.3800e-07 mean 6.6205e+00 max 3.5402e+01  (122.3 eps/s x 32 = 3915 run-eps/s)
epoch  44900  train 1.3019e-07  test med 6.3806e-07 mean 6.6020e+00 max 3.5384e+01  (122.3 eps/s x 32 = 3915 run-eps/s)
epoch  45000  train 1.2995e-07  test med 6.3811e-07 mean 6.5832e+00 max 3.5367e+01  (122.3 eps/s x 32 = 3915 run-eps/s)
epoch  45100  train 1.3005e-07  test med 6.3802e-07 mean 6.5641e+00 max 3.5350e+01  (122.3 eps/s x 32 = 3915 run-eps/s)
epoch  45200  train 1.3025e-07  test med 6.3791e-07 mean 6.5450e+00 max 3.5333e+01  (122.3 eps/s x 32 = 3915 run-eps/s)
epoch  45300  train 1.3005e-07  test med 6.3791e-07 mean 6.5258e+00 max 3.5316e+01  (122.3 eps/s x 32 = 3915 run-eps/s)
epoch  45400  train 1.3033e-07  test med 6.3789e-07 mean 6.5065e+00 max 3.5300e+01  (122.4 eps/s x 32 = 3915 run-eps/s)
epoch  45500  train 1.2998e-07  test med 6.3790e-07 mean 6.4873e+00 max 3.5283e+01  (122.4 eps/s x 32 = 3915 run-eps/s)
epoch  45600  train 1.3040e-07  test med 6.3795e-07 mean 6.4680e+00 max 3.5266e+01  (122.4 eps/s x 32 = 3915 run-eps/s)
epoch  45700  train 1.3008e-07  test med 6.3785e-07 mean 6.4486e+00 max 3.5249e+01  (122.4 eps/s x 32 = 3915 run-eps/s)
epoch  45800  train 1.3035e-07  test med 6.3792e-07 mean 6.4292e+00 max 3.5232e+01  (122.4 eps/s x 32 = 3915 run-eps/s)
epoch  45900  train 1.3003e-07  test med 6.3793e-07 mean 6.4095e+00 max 3.5215e+01  (122.4 eps/s x 32 = 3915 run-eps/s)
epoch  46000  train 1.2999e-07  test med 6.3804e-07 mean 6.3901e+00 max 3.5199e+01  (122.4 eps/s x 32 = 3916 run-eps/s)
epoch  46100  train 1.3017e-07  test med 6.3807e-07 mean 6.3707e+00 max 3.5183e+01  (122.4 eps/s x 32 = 3916 run-eps/s)
epoch  46200  train 1.2988e-07  test med 6.3814e-07 mean 6.3513e+00 max 3.5166e+01  (122.4 eps/s x 32 = 3916 run-eps/s)
epoch  46300  train 1.2992e-07  test med 6.3817e-07 mean 6.3318e+00 max 3.5150e+01  (122.4 eps/s x 32 = 3916 run-eps/s)
epoch  46400  train 1.2987e-07  test med 6.3822e-07 mean 6.3123e+00 max 3.5134e+01  (122.4 eps/s x 32 = 3916 run-eps/s)
epoch  46500  train 1.2988e-07  test med 6.3820e-07 mean 6.2926e+00 max 3.5118e+01  (122.4 eps/s x 32 = 3916 run-eps/s)
epoch  46600  train 1.3003e-07  test med 6.3818e-07 mean 6.2727e+00 max 3.5102e+01  (122.4 eps/s x 32 = 3916 run-eps/s)
epoch  46700  train 1.2971e-07  test med 6.3817e-07 mean 6.2528e+00 max 3.5085e+01  (122.4 eps/s x 32 = 3916 run-eps/s)
epoch  46800  train 1.2976e-07  test med 6.3827e-07 mean 6.2328e+00 max 3.5070e+01  (122.4 eps/s x 32 = 3916 run-eps/s)
epoch  46900  train 1.2983e-07  test med 6.3819e-07 mean 6.2128e+00 max 3.5054e+01  (122.4 eps/s x 32 = 3916 run-eps/s)
epoch  47000  train 1.2943e-07  test med 6.3817e-07 mean 6.1927e+00 max 3.5037e+01  (122.4 eps/s x 32 = 3916 run-eps/s)
epoch  47100  train 1.3041e-07  test med 6.3831e-07 mean 6.1726e+00 max 3.5020e+01  (122.4 eps/s x 32 = 3916 run-eps/s)
epoch  47200  train 1.2987e-07  test med 6.3841e-07 mean 6.1524e+00 max 3.5004e+01  (122.4 eps/s x 32 = 3916 run-eps/s)
epoch  47300  train 1.2973e-07  test med 6.3828e-07 mean 6.1322e+00 max 3.4987e+01  (122.4 eps/s x 32 = 3916 run-eps/s)
epoch  47400  train 1.2978e-07  test med 6.3842e-07 mean 6.1120e+00 max 3.4971e+01  (122.4 eps/s x 32 = 3916 run-eps/s)
epoch  47500  train 1.2968e-07  test med 6.3823e-07 mean 6.0918e+00 max 3.4955e+01  (122.4 eps/s x 32 = 3916 run-eps/s)
epoch  47600  train 1.2973e-07  test med 6.3844e-07 mean 6.0714e+00 max 3.4938e+01  (122.4 eps/s x 32 = 3916 run-eps/s)
epoch  47700  train 1.2967e-07  test med 6.3845e-07 mean 6.0510e+00 max 3.4922e+01  (122.4 eps/s x 32 = 3916 run-eps/s)
epoch  47800  train 1.2972e-07  test med 6.3846e-07 mean 6.0306e+00 max 3.4906e+01  (122.4 eps/s x 32 = 3916 run-eps/s)
epoch  47900  train 1.2960e-07  test med 6.3850e-07 mean 6.0100e+00 max 3.4889e+01  (122.4 eps/s x 32 = 3916 run-eps/s)
epoch  48000  train 1.2974e-07  test med 6.3854e-07 mean 5.9895e+00 max 3.4873e+01  (122.4 eps/s x 32 = 3916 run-eps/s)
epoch  48100  train 1.2990e-07  test med 6.3855e-07 mean 5.9689e+00 max 3.4857e+01  (122.4 eps/s x 32 = 3916 run-eps/s)
epoch  48200  train 1.2952e-07  test med 6.3870e-07 mean 5.9482e+00 max 3.4840e+01  (122.4 eps/s x 32 = 3917 run-eps/s)
epoch  48300  train 1.2953e-07  test med 6.3868e-07 mean 5.9274e+00 max 3.4824e+01  (122.4 eps/s x 32 = 3917 run-eps/s)
epoch  48400  train 1.2947e-07  test med 6.3877e-07 mean 5.9066e+00 max 3.4808e+01  (122.4 eps/s x 32 = 3917 run-eps/s)
epoch  48500  train 1.2940e-07  test med 6.3871e-07 mean 5.8857e+00 max 3.4792e+01  (122.4 eps/s x 32 = 3917 run-eps/s)
epoch  48600  train 1.3248e-07  test med 6.3869e-07 mean 5.8648e+00 max 3.4776e+01  (122.4 eps/s x 32 = 3917 run-eps/s)
epoch  48700  train 1.2952e-07  test med 6.3863e-07 mean 5.8439e+00 max 3.4759e+01  (122.4 eps/s x 32 = 3917 run-eps/s)
epoch  48800  train 1.2941e-07  test med 6.3873e-07 mean 5.8230e+00 max 3.4742e+01  (122.4 eps/s x 32 = 3917 run-eps/s)
epoch  48900  train 1.2982e-07  test med 6.3878e-07 mean 5.8021e+00 max 3.4726e+01  (122.4 eps/s x 32 = 3917 run-eps/s)
epoch  49000  train 1.2926e-07  test med 6.3879e-07 mean 5.7809e+00 max 3.4709e+01  (122.4 eps/s x 32 = 3917 run-eps/s)
epoch  49100  train 1.2935e-07  test med 6.3874e-07 mean 5.7599e+00 max 3.4692e+01  (122.4 eps/s x 32 = 3917 run-eps/s)
epoch  49200  train 1.2899e-07  test med 6.3880e-07 mean 5.7388e+00 max 3.4676e+01  (122.4 eps/s x 32 = 3917 run-eps/s)
epoch  49300  train 1.2921e-07  test med 6.3885e-07 mean 5.7178e+00 max 3.4659e+01  (122.4 eps/s x 32 = 3917 run-eps/s)
epoch  49400  train 1.2944e-07  test med 6.3879e-07 mean 5.6967e+00 max 3.4643e+01  (122.4 eps/s x 32 = 3917 run-eps/s)
epoch  49500  train 1.2916e-07  test med 6.3877e-07 mean 5.6758e+00 max 3.4626e+01  (122.4 eps/s x 32 = 3917 run-eps/s)
epoch  49600  train 1.2911e-07  test med 6.3881e-07 mean 5.6547e+00 max 3.4608e+01  (122.4 eps/s x 32 = 3917 run-eps/s)
epoch  49700  train 1.2913e-07  test med 6.3886e-07 mean 5.6337e+00 max 3.4592e+01  (122.4 eps/s x 32 = 3917 run-eps/s)
epoch  49800  train 1.2904e-07  test med 6.3880e-07 mean 5.6127e+00 max 3.4575e+01  (122.4 eps/s x 32 = 3917 run-eps/s)
epoch  49900  train 1.2976e-07  test med 6.3888e-07 mean 5.5918e+00 max 3.4559e+01  (122.4 eps/s x 32 = 3917 run-eps/s)
epoch  50000  train 1.2944e-07  test med 6.3885e-07 mean 5.5706e+00 max 3.4542e+01  (122.4 eps/s x 32 = 3917 run-eps/s)
done: 50000 epochs x 32 runs in 409s
RESULT w0256_wd0.1/ds15573_is135533: grok@-1  committee [14, 25, 41, 49]  acc 0.3241
RESULT w0256_wd0.1/ds15573_is479062: grok@-1  committee [8, 11, 12, 15, 32, 40, 42]  acc 0.0321
RESULT w0256_wd0.1/ds15573_is648223: grok@-1  committee [12]  acc 0.0807
RESULT w0256_wd0.1/ds15573_is871231: grok@-1  committee [37]  acc 0.0783
RESULT w0256_wd0.1/ds19870_is135533: grok@-1  committee [28, 52]  acc 0.1300
RESULT w0256_wd0.1/ds19870_is479062: grok@-1  committee [34, 35]  acc 0.0228
RESULT w0256_wd0.1/ds19870_is648223: grok@-1  committee [34, 52]  acc 0.0645
RESULT w0256_wd0.1/ds19870_is871231: grok@-1  committee [45, 52]  acc 0.4863
RESULT w0256_wd0.3/ds15573_is135533: grok@19300  committee [14, 25, 41, 49]  acc 1.0000
RESULT w0256_wd0.3/ds15573_is479062: grok@31200  committee [8, 12, 15, 40, 42]  acc 1.0000
RESULT w0256_wd0.3/ds15573_is648223: grok@31300  committee [1, 6, 12, 34, 37]  acc 1.0000
RESULT w0256_wd0.3/ds15573_is871231: grok@-1  committee [24, 37, 49]  acc 0.5040
RESULT w0256_wd0.3/ds19870_is135533: grok@21100  committee [11, 28, 52]  acc 1.0000
RESULT w0256_wd0.3/ds19870_is479062: grok@35000  committee [34, 35, 50]  acc 1.0000
RESULT w0256_wd0.3/ds19870_is648223: grok@20200  committee [34, 52, 56]  acc 1.0000
RESULT w0256_wd0.3/ds19870_is871231: grok@20800  committee [45, 52, 56]  acc 1.0000
RESULT w0256_wd1/ds15573_is135533: grok@5200  committee [14, 25, 41, 49]  acc 1.0000
RESULT w0256_wd1/ds15573_is479062: grok@10400  committee [8, 11, 15, 40, 42]  acc 1.0000
RESULT w0256_wd1/ds15573_is648223: grok@9500  committee [1, 6, 12, 18, 45]  acc 1.0000
RESULT w0256_wd1/ds15573_is871231: grok@14000  committee [36, 37, 49]  acc 1.0000
RESULT w0256_wd1/ds19870_is135533: grok@6500  committee [11, 23, 28, 52]  acc 1.0000
RESULT w0256_wd1/ds19870_is479062: grok@10200  committee [34, 35, 50]  acc 1.0000
RESULT w0256_wd1/ds19870_is648223: grok@6100  committee [34, 52, 56]  acc 1.0000
RESULT w0256_wd1/ds19870_is871231: grok@5600  committee [45, 52, 56]  acc 1.0000
RESULT w0256_wd3/ds15573_is135533: grok@1900  committee [14, 25, 41, 49]  acc 1.0000
RESULT w0256_wd3/ds15573_is479062: grok@3800  committee [8, 14, 15, 40]  acc 1.0000
RESULT w0256_wd3/ds15573_is648223: grok@3000  committee [1, 6, 12, 45]  acc 1.0000
RESULT w0256_wd3/ds15573_is871231: grok@6800  committee [24, 37, 43, 49]  acc 1.0000
RESULT w0256_wd3/ds19870_is135533: grok@2200  committee [6, 28, 52]  acc 1.0000
RESULT w0256_wd3/ds19870_is479062: grok@5300  committee [15, 34, 35]  acc 1.0000
RESULT w0256_wd3/ds19870_is648223: grok@1000  committee [34, 52, 56]  acc 1.0000
RESULT w0256_wd3/ds19870_is871231: grok@1400  committee [45, 52, 56]  acc 1.0000
width 512: batch of 32 (32/32 pending)
batch 32 on cuda:  train 3830  test 8939  4 recipe(s) (lr, wd, tilt, cvar): [(0.001, 0.1, 0.0, 0.0), (0.001, 0.3, 0.0, 0.0), (0.001, 1.0, 0.0, 0.0), (0.001, 3.0, 0.0, 0.0)]
epoch    100  train 1.2547e+00  test med 9.5531e+00 mean 9.2567e+00 max 1.0573e+01  (48.9 eps/s x 32 = 1566 run-eps/s)
epoch    200  train 2.4429e-02  test med 1.6511e+01 mean 1.6007e+01 max 1.9445e+01  (65.5 eps/s x 32 = 2095 run-eps/s)
epoch    300  train 8.6310e-03  test med 1.7358e+01 mean 1.6829e+01 max 2.1394e+01  (73.7 eps/s x 32 = 2359 run-eps/s)
epoch    400  train 3.0721e-03  test med 1.8415e+01 mean 1.7776e+01 max 2.3263e+01  (78.7 eps/s x 32 = 2518 run-eps/s)
epoch    500  train 1.1184e-03  test med 1.9495e+01 mean 1.8675e+01 max 2.5070e+01  (82.0 eps/s x 32 = 2624 run-eps/s)
epoch    600  train 4.1439e-04  test med 2.0584e+01 mean 1.9518e+01 max 2.6831e+01  (84.4 eps/s x 32 = 2700 run-eps/s)
epoch    700  train 1.5532e-04  test med 2.1674e+01 mean 2.0306e+01 max 2.8549e+01  (86.1 eps/s x 32 = 2756 run-eps/s)
epoch    800  train 5.8448e-05  test med 2.2741e+01 mean 2.1006e+01 max 3.0225e+01  (87.5 eps/s x 32 = 2801 run-eps/s)
epoch    900  train 2.2048e-05  test med 2.3763e+01 mean 2.1598e+01 max 3.1844e+01  (88.6 eps/s x 32 = 2836 run-eps/s)
epoch   1000  train 8.4491e-06  test med 2.4717e+01 mean 2.2086e+01 max 3.3371e+01  (89.5 eps/s x 32 = 2865 run-eps/s)
epoch   1100  train 3.3456e-06  test med 2.5527e+01 mean 2.2407e+01 max 3.4728e+01  (90.3 eps/s x 32 = 2889 run-eps/s)
epoch   1200  train 1.4556e-06  test med 2.6112e+01 mean 2.2616e+01 max 3.5808e+01  (90.9 eps/s x 32 = 2909 run-eps/s)
epoch   1300  train 7.4360e-07  test med 2.6412e+01 mean 2.2686e+01 max 3.6535e+01  (91.5 eps/s x 32 = 2927 run-eps/s)
epoch   1400  train 4.6356e-07  test med 2.6448e+01 mean 2.2535e+01 max 3.6918e+01  (91.9 eps/s x 32 = 2942 run-eps/s)
epoch   1500  train 3.4532e-07  test med 2.6306e+01 mean 2.2235e+01 max 3.7041e+01  (92.3 eps/s x 32 = 2955 run-eps/s)
epoch   1600  train 2.9503e-07  test med 2.6089e+01 mean 2.1923e+01 max 3.7007e+01  (92.7 eps/s x 32 = 2967 run-eps/s)
epoch   1700  train 2.7132e-07  test med 2.5852e+01 mean 2.1661e+01 max 3.6891e+01  (93.0 eps/s x 32 = 2977 run-eps/s)
epoch   1800  train 2.5711e-07  test med 2.5618e+01 mean 2.1431e+01 max 3.6742e+01  (93.3 eps/s x 32 = 2986 run-eps/s)
epoch   1900  train 2.4744e-07  test med 2.5392e+01 mean 2.1209e+01 max 3.6585e+01  (93.6 eps/s x 32 = 2995 run-eps/s)
epoch   2000  train 2.3981e-07  test med 2.5170e+01 mean 2.0983e+01 max 3.6428e+01  (93.8 eps/s x 32 = 3002 run-eps/s)
epoch   2100  train 2.3257e-07  test med 2.4953e+01 mean 2.0757e+01 max 3.6274e+01  (94.0 eps/s x 32 = 3009 run-eps/s)
epoch   2200  train 2.2620e-07  test med 2.4740e+01 mean 2.0559e+01 max 3.6125e+01  (94.2 eps/s x 32 = 3015 run-eps/s)
epoch   2300  train 2.2141e-07  test med 2.4529e+01 mean 2.0385e+01 max 3.5979e+01  (94.4 eps/s x 32 = 3021 run-eps/s)
epoch   2400  train 2.1763e-07  test med 2.4320e+01 mean 2.0218e+01 max 3.5838e+01  (94.6 eps/s x 32 = 3026 run-eps/s)
epoch   2500  train 2.1479e-07  test med 2.4111e+01 mean 2.0051e+01 max 3.5701e+01  (94.7 eps/s x 32 = 3031 run-eps/s)
epoch   2600  train 2.1279e-07  test med 2.3902e+01 mean 1.9883e+01 max 3.5567e+01  (94.9 eps/s x 32 = 3035 run-eps/s)
epoch   2700  train 2.1114e-07  test med 2.3696e+01 mean 1.9715e+01 max 3.5438e+01  (95.0 eps/s x 32 = 3039 run-eps/s)
epoch   2800  train 2.0962e-07  test med 2.3489e+01 mean 1.9545e+01 max 3.5311e+01  (95.1 eps/s x 32 = 3043 run-eps/s)
epoch   2900  train 2.0807e-07  test med 2.3281e+01 mean 1.9372e+01 max 3.5188e+01  (95.2 eps/s x 32 = 3047 run-eps/s)
epoch   3000  train 2.0649e-07  test med 2.3076e+01 mean 1.9197e+01 max 3.5067e+01  (95.3 eps/s x 32 = 3050 run-eps/s)
epoch   3100  train 2.0496e-07  test med 2.2868e+01 mean 1.9016e+01 max 3.4949e+01  (95.4 eps/s x 32 = 3053 run-eps/s)
epoch   3200  train 2.0360e-07  test med 2.2654e+01 mean 1.8830e+01 max 3.4834e+01  (95.5 eps/s x 32 = 3056 run-eps/s)
epoch   3300  train 2.0230e-07  test med 2.2440e+01 mean 1.8637e+01 max 3.4721e+01  (95.6 eps/s x 32 = 3059 run-eps/s)
epoch   3400  train 2.0100e-07  test med 2.2219e+01 mean 1.8441e+01 max 3.4611e+01  (95.7 eps/s x 32 = 3061 run-eps/s)
epoch   3500  train 1.9966e-07  test med 2.1998e+01 mean 1.8247e+01 max 3.4503e+01  (95.8 eps/s x 32 = 3064 run-eps/s)
epoch   3600  train 1.9837e-07  test med 2.1771e+01 mean 1.8063e+01 max 3.4397e+01  (95.8 eps/s x 32 = 3066 run-eps/s)
epoch   3700  train 1.9716e-07  test med 2.1542e+01 mean 1.7894e+01 max 3.4293e+01  (95.9 eps/s x 32 = 3069 run-eps/s)
epoch   3800  train 1.9608e-07  test med 2.1308e+01 mean 1.7739e+01 max 3.4191e+01  (96.0 eps/s x 32 = 3071 run-eps/s)
epoch   3900  train 1.9503e-07  test med 2.1069e+01 mean 1.7591e+01 max 3.4091e+01  (96.0 eps/s x 32 = 3073 run-eps/s)
epoch   4000  train 1.9403e-07  test med 2.0824e+01 mean 1.7445e+01 max 3.3993e+01  (96.1 eps/s x 32 = 3074 run-eps/s)
epoch   4100  train 1.9306e-07  test med 2.0570e+01 mean 1.7297e+01 max 3.3896e+01  (96.1 eps/s x 32 = 3076 run-eps/s)
epoch   4200  train 1.9207e-07  test med 2.0311e+01 mean 1.7147e+01 max 3.3801e+01  (96.2 eps/s x 32 = 3078 run-eps/s)
epoch   4300  train 1.9110e-07  test med 2.0047e+01 mean 1.6996e+01 max 3.3708e+01  (96.2 eps/s x 32 = 3080 run-eps/s)
epoch   4400  train 1.9012e-07  test med 1.9773e+01 mean 1.6843e+01 max 3.3617e+01  (96.3 eps/s x 32 = 3081 run-eps/s)
epoch   4500  train 1.8909e-07  test med 1.9491e+01 mean 1.6686e+01 max 3.3529e+01  (96.3 eps/s x 32 = 3082 run-eps/s)
epoch   4600  train 1.8812e-07  test med 1.9197e+01 mean 1.6528e+01 max 3.3443e+01  (96.4 eps/s x 32 = 3084 run-eps/s)
epoch   4700  train 1.8719e-07  test med 1.8892e+01 mean 1.6367e+01 max 3.3357e+01  (96.4 eps/s x 32 = 3085 run-eps/s)
epoch   4800  train 1.8626e-07  test med 1.8579e+01 mean 1.6202e+01 max 3.3273e+01  (96.4 eps/s x 32 = 3086 run-eps/s)
epoch   4900  train 1.8526e-07  test med 1.8254e+01 mean 1.6030e+01 max 3.3189e+01  (96.5 eps/s x 32 = 3088 run-eps/s)
epoch   5000  train 1.8426e-07  test med 1.7915e+01 mean 1.5850e+01 max 3.3108e+01  (96.5 eps/s x 32 = 3089 run-eps/s)
epoch   5100  train 1.8319e-07  test med 1.7567e+01 mean 1.5664e+01 max 3.3027e+01  (96.6 eps/s x 32 = 3090 run-eps/s)
epoch   5200  train 1.8199e-07  test med 1.7206e+01 mean 1.5472e+01 max 3.2948e+01  (96.6 eps/s x 32 = 3091 run-eps/s)
epoch   5300  train 1.8087e-07  test med 1.6832e+01 mean 1.5275e+01 max 3.2870e+01  (96.6 eps/s x 32 = 3092 run-eps/s)
epoch   5400  train 1.7959e-07  test med 1.6446e+01 mean 1.5080e+01 max 3.2794e+01  (96.7 eps/s x 32 = 3093 run-eps/s)
epoch   5500  train 1.7836e-07  test med 1.6051e+01 mean 1.4894e+01 max 3.2718e+01  (96.7 eps/s x 32 = 3094 run-eps/s)
epoch   5600  train 1.7715e-07  test med 1.5639e+01 mean 1.4719e+01 max 3.2644e+01  (96.7 eps/s x 32 = 3095 run-eps/s)
epoch   5700  train 1.7603e-07  test med 1.5210e+01 mean 1.4557e+01 max 3.2571e+01  (96.7 eps/s x 32 = 3096 run-eps/s)
epoch   5800  train 1.7487e-07  test med 1.4778e+01 mean 1.4406e+01 max 3.2500e+01  (96.8 eps/s x 32 = 3097 run-eps/s)
epoch   5900  train 1.7366e-07  test med 1.4327e+01 mean 1.4264e+01 max 3.2430e+01  (96.8 eps/s x 32 = 3098 run-eps/s)
epoch   6000  train 1.7244e-07  test med 1.3859e+01 mean 1.4127e+01 max 3.2360e+01  (96.8 eps/s x 32 = 3099 run-eps/s)
epoch   6100  train 1.7121e-07  test med 1.3380e+01 mean 1.3997e+01 max 3.2293e+01  (96.9 eps/s x 32 = 3099 run-eps/s)
epoch   6200  train 1.6988e-07  test med 1.2883e+01 mean 1.3870e+01 max 3.2226e+01  (96.9 eps/s x 32 = 3100 run-eps/s)
epoch   6300  train 1.6843e-07  test med 1.2364e+01 mean 1.3748e+01 max 3.2161e+01  (96.9 eps/s x 32 = 3101 run-eps/s)
epoch   6400  train 1.6698e-07  test med 1.1833e+01 mean 1.3630e+01 max 3.2096e+01  (96.9 eps/s x 32 = 3102 run-eps/s)
epoch   6500  train 1.6559e-07  test med 1.1302e+01 mean 1.3520e+01 max 3.2033e+01  (96.9 eps/s x 32 = 3102 run-eps/s)
epoch   6600  train 1.6424e-07  test med 1.0781e+01 mean 1.3420e+01 max 3.1970e+01  (97.0 eps/s x 32 = 3103 run-eps/s)
epoch   6700  train 1.6295e-07  test med 1.0281e+01 mean 1.3330e+01 max 3.1907e+01  (97.0 eps/s x 32 = 3104 run-eps/s)
epoch   6800  train 1.6164e-07  test med 9.8174e+00 mean 1.3248e+01 max 3.1846e+01  (97.0 eps/s x 32 = 3104 run-eps/s)
epoch   6900  train 1.6039e-07  test med 9.4123e+00 mean 1.3173e+01 max 3.1786e+01  (97.0 eps/s x 32 = 3105 run-eps/s)
epoch   7000  train 1.5922e-07  test med 9.0778e+00 mean 1.3106e+01 max 3.1727e+01  (97.0 eps/s x 32 = 3105 run-eps/s)
epoch   7100  train 1.5810e-07  test med 8.8124e+00 mean 1.3045e+01 max 3.1668e+01  (97.1 eps/s x 32 = 3106 run-eps/s)
epoch   7200  train 1.5708e-07  test med 8.6036e+00 mean 1.2989e+01 max 3.1611e+01  (97.1 eps/s x 32 = 3107 run-eps/s)
epoch   7300  train 1.5612e-07  test med 8.4351e+00 mean 1.2937e+01 max 3.1555e+01  (97.1 eps/s x 32 = 3107 run-eps/s)
epoch   7400  train 1.5527e-07  test med 8.2888e+00 mean 1.2887e+01 max 3.1499e+01  (97.1 eps/s x 32 = 3108 run-eps/s)
epoch   7500  train 1.5456e-07  test med 8.1536e+00 mean 1.2838e+01 max 3.1445e+01  (97.1 eps/s x 32 = 3108 run-eps/s)
epoch   7600  train 1.5395e-07  test med 8.0249e+00 mean 1.2790e+01 max 3.1390e+01  (97.1 eps/s x 32 = 3109 run-eps/s)
epoch   7700  train 1.5344e-07  test med 7.9000e+00 mean 1.2743e+01 max 3.1338e+01  (97.2 eps/s x 32 = 3109 run-eps/s)
epoch   7800  train 1.5301e-07  test med 7.7757e+00 mean 1.2695e+01 max 3.1285e+01  (97.2 eps/s x 32 = 3110 run-eps/s)
epoch   7900  train 1.5263e-07  test med 7.6503e+00 mean 1.2647e+01 max 3.1234e+01  (97.2 eps/s x 32 = 3110 run-eps/s)
epoch   8000  train 1.5227e-07  test med 7.5221e+00 mean 1.2600e+01 max 3.1182e+01  (97.2 eps/s x 32 = 3111 run-eps/s)
epoch   8100  train 1.5196e-07  test med 7.3901e+00 mean 1.2552e+01 max 3.1131e+01  (97.2 eps/s x 32 = 3111 run-eps/s)
epoch   8200  train 1.5165e-07  test med 7.2552e+00 mean 1.2503e+01 max 3.1081e+01  (97.2 eps/s x 32 = 3112 run-eps/s)
epoch   8300  train 1.5134e-07  test med 7.1178e+00 mean 1.2455e+01 max 3.1031e+01  (97.3 eps/s x 32 = 3112 run-eps/s)
epoch   8400  train 1.5103e-07  test med 6.9788e+00 mean 1.2406e+01 max 3.0982e+01  (97.3 eps/s x 32 = 3112 run-eps/s)
epoch   8500  train 1.5073e-07  test med 6.8373e+00 mean 1.2358e+01 max 3.0933e+01  (97.3 eps/s x 32 = 3113 run-eps/s)
epoch   8600  train 1.5044e-07  test med 6.6927e+00 mean 1.2308e+01 max 3.0884e+01  (97.3 eps/s x 32 = 3113 run-eps/s)
epoch   8700  train 1.5016e-07  test med 6.5435e+00 mean 1.2259e+01 max 3.0837e+01  (97.3 eps/s x 32 = 3114 run-eps/s)
epoch   8800  train 1.4990e-07  test med 6.3894e+00 mean 1.2209e+01 max 3.0789e+01  (97.3 eps/s x 32 = 3114 run-eps/s)
epoch   8900  train 1.4965e-07  test med 6.2288e+00 mean 1.2159e+01 max 3.0743e+01  (97.3 eps/s x 32 = 3115 run-eps/s)
epoch   9000  train 1.4942e-07  test med 6.0630e+00 mean 1.2108e+01 max 3.0697e+01  (97.3 eps/s x 32 = 3115 run-eps/s)
epoch   9100  train 1.4921e-07  test med 5.8924e+00 mean 1.2056e+01 max 3.0652e+01  (97.4 eps/s x 32 = 3115 run-eps/s)
epoch   9200  train 1.4901e-07  test med 5.7169e+00 mean 1.2004e+01 max 3.0607e+01  (97.4 eps/s x 32 = 3116 run-eps/s)
epoch   9300  train 1.4882e-07  test med 5.5355e+00 mean 1.1951e+01 max 3.0562e+01  (97.4 eps/s x 32 = 3116 run-eps/s)
epoch   9400  train 1.4864e-07  test med 5.3461e+00 mean 1.1898e+01 max 3.0518e+01  (97.4 eps/s x 32 = 3117 run-eps/s)
epoch   9500  train 1.4847e-07  test med 5.1477e+00 mean 1.1844e+01 max 3.0474e+01  (97.4 eps/s x 32 = 3117 run-eps/s)
epoch   9600  train 1.4831e-07  test med 4.9415e+00 mean 1.1789e+01 max 3.0431e+01  (97.4 eps/s x 32 = 3117 run-eps/s)
epoch   9700  train 1.4814e-07  test med 4.7270e+00 mean 1.1734e+01 max 3.0389e+01  (97.4 eps/s x 32 = 3118 run-eps/s)
epoch   9800  train 1.4797e-07  test med 4.5019e+00 mean 1.1678e+01 max 3.0346e+01  (97.4 eps/s x 32 = 3118 run-eps/s)
epoch   9900  train 1.4782e-07  test med 4.2677e+00 mean 1.1621e+01 max 3.0303e+01  (97.4 eps/s x 32 = 3118 run-eps/s)
epoch  10000  train 1.4766e-07  test med 4.0262e+00 mean 1.1564e+01 max 3.0261e+01  (97.5 eps/s x 32 = 3119 run-eps/s)
epoch  10100  train 1.4751e-07  test med 3.7775e+00 mean 1.1505e+01 max 3.0220e+01  (97.5 eps/s x 32 = 3119 run-eps/s)
epoch  10200  train 1.4736e-07  test med 3.5198e+00 mean 1.1447e+01 max 3.0178e+01  (97.5 eps/s x 32 = 3119 run-eps/s)
epoch  10300  train 1.4722e-07  test med 3.2564e+00 mean 1.1387e+01 max 3.0136e+01  (97.5 eps/s x 32 = 3120 run-eps/s)
epoch  10400  train 1.4708e-07  test med 2.9888e+00 mean 1.1328e+01 max 3.0095e+01  (97.5 eps/s x 32 = 3120 run-eps/s)
epoch  10500  train 1.4694e-07  test med 2.7198e+00 mean 1.1268e+01 max 3.0054e+01  (97.5 eps/s x 32 = 3120 run-eps/s)
epoch  10600  train 1.4679e-07  test med 2.4521e+00 mean 1.1208e+01 max 3.0014e+01  (97.5 eps/s x 32 = 3120 run-eps/s)
epoch  10700  train 1.4664e-07  test med 2.1889e+00 mean 1.1148e+01 max 2.9974e+01  (97.5 eps/s x 32 = 3121 run-eps/s)
epoch  10800  train 1.4649e-07  test med 1.9324e+00 mean 1.1089e+01 max 2.9934e+01  (97.5 eps/s x 32 = 3121 run-eps/s)
epoch  10900  train 1.4635e-07  test med 1.6847e+00 mean 1.1030e+01 max 2.9896e+01  (97.5 eps/s x 32 = 3121 run-eps/s)
epoch  11000  train 1.4622e-07  test med 1.4510e+00 mean 1.0972e+01 max 2.9857e+01  (97.5 eps/s x 32 = 3121 run-eps/s)
epoch  11100  train 1.4609e-07  test med 1.2338e+00 mean 1.0914e+01 max 2.9820e+01  (97.6 eps/s x 32 = 3122 run-eps/s)
epoch  11200  train 1.4597e-07  test med 1.0335e+00 mean 1.0858e+01 max 2.9783e+01  (97.6 eps/s x 32 = 3122 run-eps/s)
epoch  11300  train 1.4585e-07  test med 8.5560e-01 mean 1.0803e+01 max 2.9745e+01  (97.6 eps/s x 32 = 3122 run-eps/s)
epoch  11400  train 1.4573e-07  test med 6.9777e-01 mean 1.0749e+01 max 2.9708e+01  (97.6 eps/s x 32 = 3122 run-eps/s)
epoch  11500  train 1.4562e-07  test med 5.6035e-01 mean 1.0696e+01 max 2.9671e+01  (97.6 eps/s x 32 = 3123 run-eps/s)
epoch  11600  train 1.4551e-07  test med 4.4399e-01 mean 1.0644e+01 max 2.9634e+01  (97.6 eps/s x 32 = 3123 run-eps/s)
epoch  11700  train 1.4540e-07  test med 3.4639e-01 mean 1.0594e+01 max 2.9597e+01  (97.6 eps/s x 32 = 3123 run-eps/s)
epoch  11800  train 1.4529e-07  test med 2.6609e-01 mean 1.0544e+01 max 2.9561e+01  (97.6 eps/s x 32 = 3123 run-eps/s)
epoch  11900  train 1.4518e-07  test med 2.0171e-01 mean 1.0495e+01 max 2.9524e+01  (97.6 eps/s x 32 = 3124 run-eps/s)
epoch  12000  train 1.4508e-07  test med 1.5134e-01 mean 1.0447e+01 max 2.9488e+01  (97.6 eps/s x 32 = 3124 run-eps/s)
epoch  12100  train 1.4498e-07  test med 1.1233e-01 mean 1.0399e+01 max 2.9452e+01  (97.6 eps/s x 32 = 3124 run-eps/s)
epoch  12200  train 1.4487e-07  test med 8.2795e-02 mean 1.0351e+01 max 2.9416e+01  (97.6 eps/s x 32 = 3124 run-eps/s)
epoch  12300  train 1.4476e-07  test med 6.0492e-02 mean 1.0303e+01 max 2.9381e+01  (97.6 eps/s x 32 = 3124 run-eps/s)
epoch  12400  train 1.4466e-07  test med 4.3716e-02 mean 1.0256e+01 max 2.9346e+01  (97.6 eps/s x 32 = 3125 run-eps/s)
epoch  12500  train 1.4456e-07  test med 3.1173e-02 mean 1.0209e+01 max 2.9311e+01  (97.7 eps/s x 32 = 3125 run-eps/s)
epoch  12600  train 1.4446e-07  test med 2.2084e-02 mean 1.0161e+01 max 2.9277e+01  (97.7 eps/s x 32 = 3125 run-eps/s)
epoch  12700  train 1.4436e-07  test med 1.5653e-02 mean 1.0114e+01 max 2.9243e+01  (97.7 eps/s x 32 = 3125 run-eps/s)
epoch  12800  train 1.4426e-07  test med 1.1089e-02 mean 1.0067e+01 max 2.9209e+01  (97.7 eps/s x 32 = 3125 run-eps/s)
epoch  12900  train 1.4416e-07  test med 7.7894e-03 mean 1.0019e+01 max 2.9175e+01  (97.7 eps/s x 32 = 3125 run-eps/s)
epoch  13000  train 1.4406e-07  test med 5.4154e-03 mean 9.9712e+00 max 2.9141e+01  (97.7 eps/s x 32 = 3126 run-eps/s)
epoch  13100  train 1.4396e-07  test med 3.7284e-03 mean 9.9233e+00 max 2.9107e+01  (97.7 eps/s x 32 = 3126 run-eps/s)
epoch  13200  train 1.4386e-07  test med 2.5417e-03 mean 9.8753e+00 max 2.9075e+01  (97.7 eps/s x 32 = 3126 run-eps/s)
epoch  13300  train 1.4376e-07  test med 1.6965e-03 mean 9.8269e+00 max 2.9042e+01  (97.7 eps/s x 32 = 3126 run-eps/s)
epoch  13400  train 1.4366e-07  test med 1.1131e-03 mean 9.7784e+00 max 2.9009e+01  (97.7 eps/s x 32 = 3126 run-eps/s)
epoch  13500  train 1.4355e-07  test med 7.3695e-04 mean 9.7297e+00 max 2.8976e+01  (97.7 eps/s x 32 = 3126 run-eps/s)
epoch  13600  train 1.4345e-07  test med 4.9454e-04 mean 9.6811e+00 max 2.8943e+01  (97.7 eps/s x 32 = 3127 run-eps/s)
epoch  13700  train 1.4335e-07  test med 3.3245e-04 mean 9.6325e+00 max 2.8910e+01  (97.7 eps/s x 32 = 3127 run-eps/s)
epoch  13800  train 1.4325e-07  test med 2.2401e-04 mean 9.5844e+00 max 2.8877e+01  (97.7 eps/s x 32 = 3127 run-eps/s)
epoch  13900  train 1.4316e-07  test med 1.5431e-04 mean 9.5367e+00 max 2.8845e+01  (97.7 eps/s x 32 = 3127 run-eps/s)
epoch  14000  train 1.4306e-07  test med 1.1046e-04 mean 9.4893e+00 max 2.8813e+01  (97.7 eps/s x 32 = 3127 run-eps/s)
epoch  14100  train 1.4297e-07  test med 8.1713e-05 mean 9.4419e+00 max 2.8782e+01  (97.7 eps/s x 32 = 3127 run-eps/s)
epoch  14200  train 1.4288e-07  test med 6.3072e-05 mean 9.3945e+00 max 2.8751e+01  (97.7 eps/s x 32 = 3127 run-eps/s)
epoch  14300  train 1.4279e-07  test med 4.9530e-05 mean 9.3470e+00 max 2.8720e+01  (97.7 eps/s x 32 = 3128 run-eps/s)
epoch  14400  train 1.4271e-07  test med 3.9904e-05 mean 9.2993e+00 max 2.8689e+01  (97.7 eps/s x 32 = 3128 run-eps/s)
epoch  14500  train 1.4262e-07  test med 3.3093e-05 mean 9.2516e+00 max 2.8659e+01  (97.7 eps/s x 32 = 3128 run-eps/s)
epoch  14600  train 1.4253e-07  test med 2.7842e-05 mean 9.2035e+00 max 2.8628e+01  (97.7 eps/s x 32 = 3128 run-eps/s)
epoch  14700  train 1.4244e-07  test med 2.3651e-05 mean 9.1549e+00 max 2.8598e+01  (97.8 eps/s x 32 = 3128 run-eps/s)
epoch  14800  train 1.4236e-07  test med 2.0171e-05 mean 9.1057e+00 max 2.8567e+01  (97.8 eps/s x 32 = 3128 run-eps/s)
epoch  14900  train 1.4227e-07  test med 1.7395e-05 mean 9.0558e+00 max 2.8537e+01  (97.8 eps/s x 32 = 3128 run-eps/s)
epoch  15000  train 1.4218e-07  test med 1.5106e-05 mean 9.0057e+00 max 2.8506e+01  (97.8 eps/s x 32 = 3129 run-eps/s)
epoch  15100  train 1.4210e-07  test med 1.3097e-05 mean 8.9553e+00 max 2.8476e+01  (97.8 eps/s x 32 = 3129 run-eps/s)
epoch  15200  train 1.4201e-07  test med 1.1365e-05 mean 8.9041e+00 max 2.8446e+01  (97.8 eps/s x 32 = 3129 run-eps/s)
epoch  15300  train 1.4192e-07  test med 1.0102e-05 mean 8.8520e+00 max 2.8415e+01  (97.8 eps/s x 32 = 3129 run-eps/s)
epoch  15400  train 1.4182e-07  test med 9.0489e-06 mean 8.7992e+00 max 2.8384e+01  (97.8 eps/s x 32 = 3129 run-eps/s)
epoch  15500  train 1.4173e-07  test med 8.1813e-06 mean 8.7459e+00 max 2.8353e+01  (97.8 eps/s x 32 = 3129 run-eps/s)
epoch  15600  train 1.4164e-07  test med 7.3629e-06 mean 8.6922e+00 max 2.8322e+01  (97.8 eps/s x 32 = 3129 run-eps/s)
epoch  15700  train 1.4155e-07  test med 6.6356e-06 mean 8.6383e+00 max 2.8292e+01  (97.8 eps/s x 32 = 3129 run-eps/s)
epoch  15800  train 1.4145e-07  test med 5.9428e-06 mean 8.5840e+00 max 2.8262e+01  (97.8 eps/s x 32 = 3130 run-eps/s)
epoch  15900  train 1.4135e-07  test med 5.3986e-06 mean 8.5291e+00 max 2.8232e+01  (97.8 eps/s x 32 = 3130 run-eps/s)
epoch  16000  train 1.4125e-07  test med 4.9540e-06 mean 8.4740e+00 max 2.8201e+01  (97.8 eps/s x 32 = 3130 run-eps/s)
epoch  16100  train 1.4115e-07  test med 4.5920e-06 mean 8.4187e+00 max 2.8171e+01  (97.8 eps/s x 32 = 3130 run-eps/s)
epoch  16200  train 1.4105e-07  test med 4.3445e-06 mean 8.3630e+00 max 2.8141e+01  (97.8 eps/s x 32 = 3130 run-eps/s)
epoch  16300  train 1.4096e-07  test med 4.1731e-06 mean 8.3073e+00 max 2.8110e+01  (97.8 eps/s x 32 = 3130 run-eps/s)
epoch  16400  train 1.4085e-07  test med 4.0868e-06 mean 8.2516e+00 max 2.8080e+01  (97.8 eps/s x 32 = 3130 run-eps/s)
epoch  16500  train 1.4075e-07  test med 4.0474e-06 mean 8.1960e+00 max 2.8051e+01  (97.8 eps/s x 32 = 3131 run-eps/s)
epoch  16600  train 1.4067e-07  test med 3.9877e-06 mean 8.1406e+00 max 2.8021e+01  (97.8 eps/s x 32 = 3131 run-eps/s)
epoch  16700  train 1.4059e-07  test med 3.9243e-06 mean 8.0855e+00 max 2.7992e+01  (97.8 eps/s x 32 = 3131 run-eps/s)
epoch  16800  train 1.4048e-07  test med 3.8442e-06 mean 8.0312e+00 max 2.7963e+01  (97.8 eps/s x 32 = 3131 run-eps/s)
epoch  16900  train 1.4039e-07  test med 3.7145e-06 mean 7.9773e+00 max 2.7934e+01  (97.8 eps/s x 32 = 3131 run-eps/s)
epoch  17000  train 1.4035e-07  test med 3.5519e-06 mean 7.9239e+00 max 2.7905e+01  (97.8 eps/s x 32 = 3131 run-eps/s)
epoch  17100  train 1.4022e-07  test med 3.4536e-06 mean 7.8709e+00 max 2.7876e+01  (97.9 eps/s x 32 = 3131 run-eps/s)
epoch  17200  train 1.4012e-07  test med 3.3864e-06 mean 7.8181e+00 max 2.7848e+01  (97.9 eps/s x 32 = 3131 run-eps/s)
epoch  17300  train 1.4002e-07  test med 3.2100e-06 mean 7.7658e+00 max 2.7819e+01  (97.9 eps/s x 32 = 3131 run-eps/s)
epoch  17400  train 1.3993e-07  test med 3.0598e-06 mean 7.7138e+00 max 2.7791e+01  (97.9 eps/s x 32 = 3132 run-eps/s)
epoch  17500  train 1.3982e-07  test med 2.9276e-06 mean 7.6620e+00 max 2.7763e+01  (97.9 eps/s x 32 = 3132 run-eps/s)
epoch  17600  train 1.3975e-07  test med 2.8018e-06 mean 7.6102e+00 max 2.7735e+01  (97.9 eps/s x 32 = 3132 run-eps/s)
epoch  17700  train 1.3962e-07  test med 2.7044e-06 mean 7.5584e+00 max 2.7706e+01  (97.9 eps/s x 32 = 3132 run-eps/s)
epoch  17800  train 1.3951e-07  test med 2.6188e-06 mean 7.5064e+00 max 2.7678e+01  (97.9 eps/s x 32 = 3132 run-eps/s)
epoch  17900  train 1.3946e-07  test med 2.5520e-06 mean 7.4544e+00 max 2.7650e+01  (97.9 eps/s x 32 = 3132 run-eps/s)
epoch  18000  train 1.3930e-07  test med 2.4837e-06 mean 7.4020e+00 max 2.7622e+01  (97.9 eps/s x 32 = 3132 run-eps/s)
epoch  18100  train 1.3921e-07  test med 2.4164e-06 mean 7.3494e+00 max 2.7593e+01  (97.9 eps/s x 32 = 3132 run-eps/s)
epoch  18200  train 1.3909e-07  test med 2.3605e-06 mean 7.2967e+00 max 2.7565e+01  (97.9 eps/s x 32 = 3132 run-eps/s)
epoch  18300  train 1.3901e-07  test med 2.3607e-06 mean 7.2438e+00 max 2.7537e+01  (97.9 eps/s x 32 = 3132 run-eps/s)
epoch  18400  train 1.3893e-07  test med 2.3636e-06 mean 7.1906e+00 max 2.7509e+01  (97.9 eps/s x 32 = 3132 run-eps/s)
epoch  18500  train 1.3886e-07  test med 2.3652e-06 mean 7.1374e+00 max 2.7481e+01  (97.9 eps/s x 32 = 3132 run-eps/s)
epoch  18600  train 1.3875e-07  test med 2.3675e-06 mean 7.0841e+00 max 2.7454e+01  (97.9 eps/s x 32 = 3133 run-eps/s)
epoch  18700  train 1.3864e-07  test med 2.3683e-06 mean 7.0305e+00 max 2.7426e+01  (97.9 eps/s x 32 = 3133 run-eps/s)
epoch  18800  train 1.3853e-07  test med 2.3697e-06 mean 6.9769e+00 max 2.7398e+01  (97.9 eps/s x 32 = 3133 run-eps/s)
epoch  18900  train 1.3841e-07  test med 2.3678e-06 mean 6.9230e+00 max 2.7371e+01  (97.9 eps/s x 32 = 3133 run-eps/s)
epoch  19000  train 1.3831e-07  test med 2.3687e-06 mean 6.8692e+00 max 2.7343e+01  (97.9 eps/s x 32 = 3133 run-eps/s)
epoch  19100  train 1.3821e-07  test med 2.3719e-06 mean 6.8157e+00 max 2.7316e+01  (97.9 eps/s x 32 = 3133 run-eps/s)
epoch  19200  train 1.3806e-07  test med 2.3740e-06 mean 6.7627e+00 max 2.7288e+01  (97.9 eps/s x 32 = 3133 run-eps/s)
epoch  19300  train 1.3794e-07  test med 2.3721e-06 mean 6.7104e+00 max 2.7261e+01  (97.9 eps/s x 32 = 3133 run-eps/s)
epoch  19400  train 1.3786e-07  test med 2.3765e-06 mean 6.6587e+00 max 2.7233e+01  (97.9 eps/s x 32 = 3133 run-eps/s)
epoch  19500  train 1.3764e-07  test med 2.3732e-06 mean 6.6078e+00 max 2.7206e+01  (97.9 eps/s x 32 = 3133 run-eps/s)
epoch  19600  train 1.3759e-07  test med 2.3731e-06 mean 6.5579e+00 max 2.7179e+01  (97.9 eps/s x 32 = 3133 run-eps/s)
epoch  19700  train 1.3750e-07  test med 2.3735e-06 mean 6.5094e+00 max 2.7152e+01  (97.9 eps/s x 32 = 3133 run-eps/s)
epoch  19800  train 1.3743e-07  test med 2.3729e-06 mean 6.4622e+00 max 2.7124e+01  (97.9 eps/s x 32 = 3134 run-eps/s)
epoch  19900  train 1.3732e-07  test med 2.1996e-06 mean 6.4166e+00 max 2.7098e+01  (97.9 eps/s x 32 = 3134 run-eps/s)
epoch  20000  train 1.3714e-07  test med 2.0404e-06 mean 6.3726e+00 max 2.7071e+01  (97.9 eps/s x 32 = 3134 run-eps/s)
epoch  20100  train 1.3700e-07  test med 1.9093e-06 mean 6.3309e+00 max 2.7044e+01  (97.9 eps/s x 32 = 3134 run-eps/s)
epoch  20200  train 1.3688e-07  test med 1.8221e-06 mean 6.2914e+00 max 2.7017e+01  (97.9 eps/s x 32 = 3134 run-eps/s)
epoch  20300  train 1.3679e-07  test med 1.8232e-06 mean 6.2541e+00 max 2.6990e+01  (97.9 eps/s x 32 = 3134 run-eps/s)
epoch  20400  train 1.3668e-07  test med 1.8212e-06 mean 6.2190e+00 max 2.6963e+01  (97.9 eps/s x 32 = 3134 run-eps/s)
epoch  20500  train 1.3656e-07  test med 1.8217e-06 mean 6.1861e+00 max 2.6936e+01  (97.9 eps/s x 32 = 3134 run-eps/s)
epoch  20600  train 1.3647e-07  test med 1.8216e-06 mean 6.1552e+00 max 2.6909e+01  (97.9 eps/s x 32 = 3134 run-eps/s)
epoch  20700  train 1.3651e-07  test med 1.8220e-06 mean 6.1264e+00 max 2.6882e+01  (97.9 eps/s x 32 = 3134 run-eps/s)
epoch  20800  train 1.3625e-07  test med 1.8224e-06 mean 6.0996e+00 max 2.6855e+01  (97.9 eps/s x 32 = 3134 run-eps/s)
epoch  20900  train 1.3614e-07  test med 1.8217e-06 mean 6.0746e+00 max 2.6829e+01  (97.9 eps/s x 32 = 3134 run-eps/s)
epoch  21000  train 1.3607e-07  test med 1.8222e-06 mean 6.0511e+00 max 2.6802e+01  (98.0 eps/s x 32 = 3134 run-eps/s)
epoch  21100  train 1.3586e-07  test med 1.8212e-06 mean 6.0291e+00 max 2.6775e+01  (98.0 eps/s x 32 = 3135 run-eps/s)
epoch  21200  train 1.3580e-07  test med 1.8251e-06 mean 6.0085e+00 max 2.6748e+01  (98.0 eps/s x 32 = 3135 run-eps/s)
epoch  21300  train 1.3572e-07  test med 1.8245e-06 mean 5.9892e+00 max 2.6722e+01  (98.0 eps/s x 32 = 3135 run-eps/s)
epoch  21400  train 1.3550e-07  test med 1.8240e-06 mean 5.9710e+00 max 2.6696e+01  (98.0 eps/s x 32 = 3135 run-eps/s)
epoch  21500  train 1.3546e-07  test med 1.8235e-06 mean 5.9537e+00 max 2.6669e+01  (98.0 eps/s x 32 = 3135 run-eps/s)
epoch  21600  train 1.3810e-07  test med 1.8226e-06 mean 5.9374e+00 max 2.6643e+01  (98.0 eps/s x 32 = 3135 run-eps/s)
epoch  21700  train 3.8189e-05  test med 2.3758e-06 mean 5.9220e+00 max 2.6616e+01  (98.0 eps/s x 32 = 3135 run-eps/s)
epoch  21800  train 1.7591e-04  test med 2.3815e-06 mean 5.9074e+00 max 2.6590e+01  (98.0 eps/s x 32 = 3135 run-eps/s)
epoch  21900  train 7.9074e-05  test med 2.3813e-06 mean 5.8931e+00 max 2.6563e+01  (98.0 eps/s x 32 = 3135 run-eps/s)
epoch  22000  train 2.7769e-05  test med 2.3807e-06 mean 5.8794e+00 max 2.6536e+01  (98.0 eps/s x 32 = 3135 run-eps/s)
epoch  22100  train 9.2654e-06  test med 2.3810e-06 mean 5.8662e+00 max 2.6509e+01  (98.0 eps/s x 32 = 3135 run-eps/s)
epoch  22200  train 3.1785e-06  test med 2.3773e-06 mean 5.8535e+00 max 2.6482e+01  (98.0 eps/s x 32 = 3135 run-eps/s)
epoch  22300  train 1.1557e-06  test med 2.3770e-06 mean 5.8410e+00 max 2.6454e+01  (98.0 eps/s x 32 = 3135 run-eps/s)
epoch  22400  train 4.8337e-07  test med 2.3761e-06 mean 5.8288e+00 max 2.6427e+01  (98.0 eps/s x 32 = 3135 run-eps/s)
epoch  22500  train 2.5607e-07  test med 2.3720e-06 mean 5.8169e+00 max 2.6400e+01  (98.0 eps/s x 32 = 3135 run-eps/s)
epoch  22600  train 1.7795e-07  test med 2.3720e-06 mean 5.8050e+00 max 2.6372e+01  (98.0 eps/s x 32 = 3135 run-eps/s)
epoch  22700  train 1.5046e-07  test med 1.8163e-06 mean 5.7934e+00 max 2.6345e+01  (98.0 eps/s x 32 = 3136 run-eps/s)
epoch  22800  train 1.4026e-07  test med 1.8169e-06 mean 5.7818e+00 max 2.6317e+01  (98.0 eps/s x 32 = 3136 run-eps/s)
epoch  22900  train 1.3626e-07  test med 1.8157e-06 mean 5.7703e+00 max 2.6290e+01  (98.0 eps/s x 32 = 3136 run-eps/s)
epoch  23000  train 1.3477e-07  test med 1.8157e-06 mean 5.7588e+00 max 2.6262e+01  (98.0 eps/s x 32 = 3136 run-eps/s)
epoch  23100  train 1.3415e-07  test med 1.8157e-06 mean 5.7473e+00 max 2.6234e+01  (98.0 eps/s x 32 = 3136 run-eps/s)
epoch  23200  train 1.3388e-07  test med 1.8137e-06 mean 5.7359e+00 max 2.6206e+01  (98.0 eps/s x 32 = 3136 run-eps/s)
epoch  23300  train 1.3381e-07  test med 1.8132e-06 mean 5.7246e+00 max 2.6179e+01  (98.0 eps/s x 32 = 3136 run-eps/s)
epoch  23400  train 1.3383e-07  test med 1.8111e-06 mean 5.7134e+00 max 2.6151e+01  (98.0 eps/s x 32 = 3136 run-eps/s)
epoch  23500  train 1.3362e-07  test med 1.8104e-06 mean 5.7021e+00 max 2.6123e+01  (98.0 eps/s x 32 = 3136 run-eps/s)
epoch  23600  train 1.3364e-07  test med 1.8091e-06 mean 5.6908e+00 max 2.6096e+01  (98.0 eps/s x 32 = 3136 run-eps/s)
epoch  23700  train 1.3358e-07  test med 1.8075e-06 mean 5.6796e+00 max 2.6068e+01  (98.0 eps/s x 32 = 3136 run-eps/s)
epoch  23800  train 1.3367e-07  test med 1.8087e-06 mean 5.6683e+00 max 2.6040e+01  (98.0 eps/s x 32 = 3136 run-eps/s)
epoch  23900  train 1.3376e-07  test med 1.8077e-06 mean 5.6571e+00 max 2.6013e+01  (98.0 eps/s x 32 = 3136 run-eps/s)
epoch  24000  train 1.3344e-07  test med 1.8078e-06 mean 5.6458e+00 max 2.5985e+01  (98.0 eps/s x 32 = 3136 run-eps/s)
epoch  24100  train 1.3336e-07  test med 1.8074e-06 mean 5.6346e+00 max 2.5957e+01  (98.0 eps/s x 32 = 3136 run-eps/s)
epoch  24200  train 1.3324e-07  test med 1.7443e-06 mean 5.6232e+00 max 2.5929e+01  (98.0 eps/s x 32 = 3136 run-eps/s)
epoch  24300  train 1.3333e-07  test med 1.2670e-06 mean 5.6119e+00 max 2.5901e+01  (98.0 eps/s x 32 = 3136 run-eps/s)
epoch  24400  train 1.3322e-07  test med 1.2680e-06 mean 5.6006e+00 max 2.5873e+01  (98.0 eps/s x 32 = 3136 run-eps/s)
epoch  24500  train 1.3317e-07  test med 1.2720e-06 mean 5.5893e+00 max 2.5845e+01  (98.0 eps/s x 32 = 3137 run-eps/s)
epoch  24600  train 1.3310e-07  test med 1.2723e-06 mean 5.5780e+00 max 2.5817e+01  (98.0 eps/s x 32 = 3137 run-eps/s)
epoch  24700  train 1.3319e-07  test med 1.2786e-06 mean 5.5666e+00 max 2.5790e+01  (98.0 eps/s x 32 = 3137 run-eps/s)
epoch  24800  train 1.3315e-07  test med 1.2821e-06 mean 5.5552e+00 max 2.5763e+01  (98.0 eps/s x 32 = 3137 run-eps/s)
epoch  24900  train 1.3297e-07  test med 1.2659e-06 mean 5.5436e+00 max 2.5735e+01  (98.0 eps/s x 32 = 3137 run-eps/s)
epoch  25000  train 1.3291e-07  test med 1.2724e-06 mean 5.5320e+00 max 2.5707e+01  (98.0 eps/s x 32 = 3137 run-eps/s)
epoch  25100  train 1.3284e-07  test med 1.2702e-06 mean 5.5204e+00 max 2.5679e+01  (98.0 eps/s x 32 = 3136 run-eps/s)
epoch  25200  train 1.3286e-07  test med 1.2638e-06 mean 5.5088e+00 max 2.5651e+01  (98.0 eps/s x 32 = 3136 run-eps/s)
epoch  25300  train 1.3291e-07  test med 1.2736e-06 mean 5.4971e+00 max 2.5624e+01  (98.0 eps/s x 32 = 3137 run-eps/s)
epoch  25400  train 1.3270e-07  test med 1.2790e-06 mean 5.4854e+00 max 2.5595e+01  (98.0 eps/s x 32 = 3137 run-eps/s)
epoch  25500  train 1.3271e-07  test med 1.2715e-06 mean 5.4736e+00 max 2.5567e+01  (98.0 eps/s x 32 = 3137 run-eps/s)
epoch  25600  train 1.3290e-07  test med 1.2730e-06 mean 5.4618e+00 max 2.5539e+01  (98.0 eps/s x 32 = 3137 run-eps/s)
epoch  25700  train 1.3268e-07  test med 1.1658e-06 mean 5.4500e+00 max 2.5511e+01  (98.0 eps/s x 32 = 3137 run-eps/s)
epoch  25800  train 1.3268e-07  test med 1.1658e-06 mean 5.4382e+00 max 2.5484e+01  (98.0 eps/s x 32 = 3137 run-eps/s)
epoch  25900  train 1.3264e-07  test med 1.1660e-06 mean 5.4264e+00 max 2.5456e+01  (98.0 eps/s x 32 = 3137 run-eps/s)
epoch  26000  train 1.3254e-07  test med 1.1669e-06 mean 5.4145e+00 max 2.5428e+01  (98.0 eps/s x 32 = 3137 run-eps/s)
epoch  26100  train 1.3258e-07  test med 1.1648e-06 mean 5.4027e+00 max 2.5400e+01  (98.0 eps/s x 32 = 3137 run-eps/s)
epoch  26200  train 1.3253e-07  test med 1.1631e-06 mean 5.3907e+00 max 2.5372e+01  (98.0 eps/s x 32 = 3137 run-eps/s)
epoch  26300  train 1.3244e-07  test med 1.1671e-06 mean 5.3788e+00 max 2.5344e+01  (98.0 eps/s x 32 = 3137 run-eps/s)
epoch  26400  train 1.3245e-07  test med 1.1661e-06 mean 5.3668e+00 max 2.5316e+01  (98.0 eps/s x 32 = 3137 run-eps/s)
epoch  26500  train 1.3248e-07  test med 1.1637e-06 mean 5.3548e+00 max 2.5288e+01  (98.0 eps/s x 32 = 3137 run-eps/s)
epoch  26600  train 1.3249e-07  test med 1.1655e-06 mean 5.3427e+00 max 2.5260e+01  (98.0 eps/s x 32 = 3137 run-eps/s)
epoch  26700  train 1.3240e-07  test med 1.1625e-06 mean 5.3305e+00 max 2.5232e+01  (98.0 eps/s x 32 = 3137 run-eps/s)
epoch  26800  train 1.3235e-07  test med 1.0932e-06 mean 5.3182e+00 max 2.5204e+01  (98.0 eps/s x 32 = 3137 run-eps/s)
epoch  26900  train 1.3240e-07  test med 1.0658e-06 mean 5.3059e+00 max 2.5176e+01  (98.0 eps/s x 32 = 3137 run-eps/s)
epoch  27000  train 1.3233e-07  test med 1.0591e-06 mean 5.2935e+00 max 2.5149e+01  (98.0 eps/s x 32 = 3137 run-eps/s)
epoch  27100  train 1.3228e-07  test med 1.0622e-06 mean 5.2810e+00 max 2.5121e+01  (98.0 eps/s x 32 = 3137 run-eps/s)
epoch  27200  train 1.3227e-07  test med 1.0600e-06 mean 5.2684e+00 max 2.5093e+01  (98.0 eps/s x 32 = 3137 run-eps/s)
epoch  27300  train 1.3229e-07  test med 1.0617e-06 mean 5.2558e+00 max 2.5065e+01  (98.0 eps/s x 32 = 3137 run-eps/s)
epoch  27400  train 1.3215e-07  test med 1.0591e-06 mean 5.2432e+00 max 2.5037e+01  (98.0 eps/s x 32 = 3137 run-eps/s)
epoch  27500  train 1.3229e-07  test med 1.0465e-06 mean 5.2305e+00 max 2.5008e+01  (98.0 eps/s x 32 = 3137 run-eps/s)
epoch  27600  train 1.3223e-07  test med 1.0172e-06 mean 5.2178e+00 max 2.4980e+01  (98.0 eps/s x 32 = 3138 run-eps/s)
epoch  27700  train 1.3216e-07  test med 9.9761e-07 mean 5.2051e+00 max 2.4951e+01  (98.0 eps/s x 32 = 3138 run-eps/s)
epoch  27800  train 1.3228e-07  test med 9.8069e-07 mean 5.1924e+00 max 2.4923e+01  (98.1 eps/s x 32 = 3138 run-eps/s)
epoch  27900  train 1.3222e-07  test med 9.5855e-07 mean 5.1797e+00 max 2.4895e+01  (98.1 eps/s x 32 = 3138 run-eps/s)
epoch  28000  train 1.3210e-07  test med 9.3857e-07 mean 5.1669e+00 max 2.4866e+01  (98.1 eps/s x 32 = 3138 run-eps/s)
epoch  28100  train 1.3216e-07  test med 9.2593e-07 mean 5.1540e+00 max 2.4837e+01  (98.1 eps/s x 32 = 3138 run-eps/s)
epoch  28200  train 1.3213e-07  test med 9.1541e-07 mean 5.1410e+00 max 2.4808e+01  (98.1 eps/s x 32 = 3138 run-eps/s)
epoch  28300  train 1.3210e-07  test med 9.0051e-07 mean 5.1280e+00 max 2.4779e+01  (98.1 eps/s x 32 = 3138 run-eps/s)
epoch  28400  train 1.3205e-07  test med 9.0099e-07 mean 5.1150e+00 max 2.4750e+01  (98.1 eps/s x 32 = 3138 run-eps/s)
epoch  28500  train 1.3207e-07  test med 8.9994e-07 mean 5.1020e+00 max 2.4721e+01  (98.1 eps/s x 32 = 3138 run-eps/s)
epoch  28600  train 1.3208e-07  test med 8.9963e-07 mean 5.0889e+00 max 2.4693e+01  (98.1 eps/s x 32 = 3138 run-eps/s)
epoch  28700  train 1.3201e-07  test med 9.0003e-07 mean 5.0756e+00 max 2.4664e+01  (98.1 eps/s x 32 = 3138 run-eps/s)
epoch  28800  train 1.3208e-07  test med 9.0191e-07 mean 5.0624e+00 max 2.4636e+01  (98.1 eps/s x 32 = 3138 run-eps/s)
epoch  28900  train 1.3203e-07  test med 9.0120e-07 mean 5.0490e+00 max 2.4607e+01  (98.1 eps/s x 32 = 3138 run-eps/s)
epoch  29000  train 1.3193e-07  test med 9.0030e-07 mean 5.0356e+00 max 2.4579e+01  (98.1 eps/s x 32 = 3138 run-eps/s)
epoch  29100  train 1.3196e-07  test med 9.0182e-07 mean 5.0221e+00 max 2.4550e+01  (98.1 eps/s x 32 = 3138 run-eps/s)
epoch  29200  train 1.3196e-07  test med 9.0101e-07 mean 5.0085e+00 max 2.4520e+01  (98.1 eps/s x 32 = 3138 run-eps/s)
epoch  29300  train 1.3201e-07  test med 8.9793e-07 mean 4.9948e+00 max 2.4491e+01  (98.1 eps/s x 32 = 3138 run-eps/s)
epoch  29400  train 1.3190e-07  test med 9.0098e-07 mean 4.9812e+00 max 2.4461e+01  (98.1 eps/s x 32 = 3138 run-eps/s)
epoch  29500  train 1.3218e-07  test med 8.9807e-07 mean 4.9675e+00 max 2.4433e+01  (98.1 eps/s x 32 = 3138 run-eps/s)
epoch  29600  train 1.3190e-07  test med 8.9975e-07 mean 4.9537e+00 max 2.4404e+01  (98.1 eps/s x 32 = 3138 run-eps/s)
epoch  29700  train 1.3194e-07  test med 9.0034e-07 mean 4.9399e+00 max 2.4375e+01  (98.1 eps/s x 32 = 3138 run-eps/s)
epoch  29800  train 1.3180e-07  test med 9.0261e-07 mean 4.9259e+00 max 2.4346e+01  (98.1 eps/s x 32 = 3138 run-eps/s)
epoch  29900  train 1.3201e-07  test med 8.9913e-07 mean 4.9119e+00 max 2.4317e+01  (98.1 eps/s x 32 = 3138 run-eps/s)
epoch  30000  train 1.3180e-07  test med 9.0020e-07 mean 4.8978e+00 max 2.4288e+01  (98.1 eps/s x 32 = 3138 run-eps/s)
epoch  30100  train 1.3182e-07  test med 8.9844e-07 mean 4.8836e+00 max 2.4258e+01  (98.1 eps/s x 32 = 3138 run-eps/s)
epoch  30200  train 1.3186e-07  test med 9.0148e-07 mean 4.8693e+00 max 2.4228e+01  (98.1 eps/s x 32 = 3139 run-eps/s)
epoch  30300  train 1.3192e-07  test med 8.9986e-07 mean 4.8551e+00 max 2.4198e+01  (98.1 eps/s x 32 = 3139 run-eps/s)
epoch  30400  train 1.3210e-07  test med 9.2608e-07 mean 4.8408e+00 max 2.4168e+01  (98.1 eps/s x 32 = 3139 run-eps/s)
epoch  30500  train 1.3163e-07  test med 8.9804e-07 mean 4.8265e+00 max 2.4138e+01  (98.1 eps/s x 32 = 3139 run-eps/s)
epoch  30600  train 1.3175e-07  test med 8.9921e-07 mean 4.8120e+00 max 2.4108e+01  (98.1 eps/s x 32 = 3139 run-eps/s)
epoch  30700  train 1.3171e-07  test med 8.9814e-07 mean 4.7975e+00 max 2.4078e+01  (98.1 eps/s x 32 = 3139 run-eps/s)
epoch  30800  train 1.3168e-07  test med 9.0018e-07 mean 4.7829e+00 max 2.4048e+01  (98.1 eps/s x 32 = 3139 run-eps/s)
epoch  30900  train 1.3178e-07  test med 9.0125e-07 mean 4.7682e+00 max 2.4017e+01  (98.1 eps/s x 32 = 3139 run-eps/s)
epoch  31000  train 1.3167e-07  test med 9.0066e-07 mean 4.7535e+00 max 2.3987e+01  (98.1 eps/s x 32 = 3139 run-eps/s)
epoch  31100  train 1.3162e-07  test med 8.9717e-07 mean 4.7387e+00 max 2.3956e+01  (98.1 eps/s x 32 = 3139 run-eps/s)
epoch  31200  train 1.3181e-07  test med 9.0187e-07 mean 4.7239e+00 max 2.3925e+01  (98.1 eps/s x 32 = 3139 run-eps/s)
epoch  31300  train 1.3173e-07  test med 9.0252e-07 mean 4.7090e+00 max 2.3894e+01  (98.1 eps/s x 32 = 3139 run-eps/s)
epoch  31400  train 1.3165e-07  test med 9.0239e-07 mean 4.6941e+00 max 2.3863e+01  (98.1 eps/s x 32 = 3139 run-eps/s)
epoch  31500  train 1.3158e-07  test med 9.0506e-07 mean 4.6792e+00 max 2.3832e+01  (98.1 eps/s x 32 = 3139 run-eps/s)
epoch  31600  train 1.3161e-07  test med 8.9817e-07 mean 4.6643e+00 max 2.3801e+01  (98.1 eps/s x 32 = 3139 run-eps/s)
epoch  31700  train 1.3158e-07  test med 8.9758e-07 mean 4.6493e+00 max 2.3770e+01  (98.1 eps/s x 32 = 3139 run-eps/s)
epoch  31800  train 1.3163e-07  test med 8.9932e-07 mean 4.6341e+00 max 2.3738e+01  (98.1 eps/s x 32 = 3139 run-eps/s)
epoch  31900  train 1.3160e-07  test med 8.9901e-07 mean 4.6189e+00 max 2.3707e+01  (98.1 eps/s x 32 = 3139 run-eps/s)
epoch  32000  train 1.3151e-07  test med 8.9601e-07 mean 4.6037e+00 max 2.3676e+01  (98.1 eps/s x 32 = 3139 run-eps/s)
epoch  32100  train 1.3148e-07  test med 8.9939e-07 mean 4.5886e+00 max 2.3644e+01  (98.1 eps/s x 32 = 3139 run-eps/s)
epoch  32200  train 1.3162e-07  test med 9.0915e-07 mean 4.5734e+00 max 2.3613e+01  (98.1 eps/s x 32 = 3139 run-eps/s)
epoch  32300  train 1.3166e-07  test med 9.0127e-07 mean 4.5582e+00 max 2.3581e+01  (98.1 eps/s x 32 = 3139 run-eps/s)
epoch  32400  train 1.3147e-07  test med 8.9977e-07 mean 4.5430e+00 max 2.3549e+01  (98.1 eps/s x 32 = 3139 run-eps/s)
epoch  32500  train 1.3151e-07  test med 8.9828e-07 mean 4.5278e+00 max 2.3518e+01  (98.1 eps/s x 32 = 3139 run-eps/s)
epoch  32600  train 1.3163e-07  test med 8.9696e-07 mean 4.5126e+00 max 2.3486e+01  (98.1 eps/s x 32 = 3139 run-eps/s)
epoch  32700  train 1.3141e-07  test med 9.0144e-07 mean 4.4973e+00 max 2.3453e+01  (98.1 eps/s x 32 = 3139 run-eps/s)
epoch  32800  train 1.3146e-07  test med 9.0232e-07 mean 4.4820e+00 max 2.3422e+01  (98.1 eps/s x 32 = 3139 run-eps/s)
epoch  32900  train 1.3183e-07  test med 9.0158e-07 mean 4.4666e+00 max 2.3389e+01  (98.1 eps/s x 32 = 3139 run-eps/s)
epoch  33000  train 1.3141e-07  test med 9.0000e-07 mean 4.4512e+00 max 2.3357e+01  (98.1 eps/s x 32 = 3139 run-eps/s)
epoch  33100  train 1.3139e-07  test med 8.9782e-07 mean 4.4358e+00 max 2.3324e+01  (98.1 eps/s x 32 = 3139 run-eps/s)
epoch  33200  train 1.3139e-07  test med 9.0041e-07 mean 4.4204e+00 max 2.3291e+01  (98.1 eps/s x 32 = 3140 run-eps/s)
epoch  33300  train 3.1025e-04  test med 1.0620e-06 mean 4.4066e+00 max 2.3257e+01  (98.1 eps/s x 32 = 3140 run-eps/s)
epoch  33400  train 3.6901e-05  test med 1.0606e-06 mean 4.3896e+00 max 2.3224e+01  (98.1 eps/s x 32 = 3140 run-eps/s)
epoch  33500  train 7.7867e-05  test med 1.0605e-06 mean 4.3743e+00 max 2.3191e+01  (98.1 eps/s x 32 = 3140 run-eps/s)
epoch  33600  train 3.3031e-05  test med 1.0632e-06 mean 4.3589e+00 max 2.3158e+01  (98.1 eps/s x 32 = 3140 run-eps/s)
epoch  33700  train 1.1948e-05  test med 1.0631e-06 mean 4.3436e+00 max 2.3124e+01  (98.1 eps/s x 32 = 3140 run-eps/s)
epoch  33800  train 4.2676e-06  test med 1.0649e-06 mean 4.3282e+00 max 2.3090e+01  (98.1 eps/s x 32 = 3140 run-eps/s)
epoch  33900  train 1.5712e-06  test med 1.0616e-06 mean 4.3129e+00 max 2.3055e+01  (98.1 eps/s x 32 = 3140 run-eps/s)
epoch  34000  train 6.3326e-07  test med 1.0516e-06 mean 4.2977e+00 max 2.3021e+01  (98.1 eps/s x 32 = 3140 run-eps/s)
epoch  34100  train 3.0737e-07  test med 1.0412e-06 mean 4.2824e+00 max 2.2986e+01  (98.1 eps/s x 32 = 3140 run-eps/s)
epoch  34200  train 1.9376e-07  test med 1.0228e-06 mean 4.2673e+00 max 2.2952e+01  (98.1 eps/s x 32 = 3140 run-eps/s)
epoch  34300  train 1.5397e-07  test med 1.0129e-06 mean 4.2522e+00 max 2.2917e+01  (98.1 eps/s x 32 = 3140 run-eps/s)
epoch  34400  train 1.3951e-07  test med 8.9836e-07 mean 4.2371e+00 max 2.2882e+01  (98.1 eps/s x 32 = 3140 run-eps/s)
epoch  34500  train 1.3423e-07  test med 8.9848e-07 mean 4.2221e+00 max 2.2846e+01  (98.1 eps/s x 32 = 3140 run-eps/s)
epoch  34600  train 1.3226e-07  test med 8.8749e-07 mean 4.2071e+00 max 2.2810e+01  (98.1 eps/s x 32 = 3140 run-eps/s)
epoch  34700  train 1.3145e-07  test med 8.7657e-07 mean 4.1922e+00 max 2.2774e+01  (98.1 eps/s x 32 = 3140 run-eps/s)
epoch  34800  train 1.3119e-07  test med 8.6581e-07 mean 4.1775e+00 max 2.2738e+01  (98.1 eps/s x 32 = 3140 run-eps/s)
epoch  34900  train 1.3114e-07  test med 8.5518e-07 mean 4.1628e+00 max 2.2701e+01  (98.1 eps/s x 32 = 3140 run-eps/s)
epoch  35000  train 1.3117e-07  test med 8.4408e-07 mean 4.1482e+00 max 2.2664e+01  (98.1 eps/s x 32 = 3140 run-eps/s)
epoch  35100  train 1.3117e-07  test med 8.3152e-07 mean 4.1337e+00 max 2.2627e+01  (98.1 eps/s x 32 = 3140 run-eps/s)
epoch  35200  train 1.3113e-07  test med 8.1859e-07 mean 4.1193e+00 max 2.2589e+01  (98.1 eps/s x 32 = 3140 run-eps/s)
epoch  35300  train 1.3115e-07  test med 8.0751e-07 mean 4.1049e+00 max 2.2551e+01  (98.1 eps/s x 32 = 3140 run-eps/s)
epoch  35400  train 1.3121e-07  test med 7.9816e-07 mean 4.0906e+00 max 2.2514e+01  (98.1 eps/s x 32 = 3140 run-eps/s)
epoch  35500  train 1.3113e-07  test med 7.8906e-07 mean 4.0764e+00 max 2.2476e+01  (98.1 eps/s x 32 = 3140 run-eps/s)
epoch  35600  train 1.3111e-07  test med 7.8654e-07 mean 4.0624e+00 max 2.2438e+01  (98.1 eps/s x 32 = 3140 run-eps/s)
epoch  35700  train 1.3113e-07  test med 7.8651e-07 mean 4.0484e+00 max 2.2400e+01  (98.1 eps/s x 32 = 3140 run-eps/s)
epoch  35800  train 1.3117e-07  test med 7.8127e-07 mean 4.0344e+00 max 2.2361e+01  (98.1 eps/s x 32 = 3140 run-eps/s)
epoch  35900  train 1.3113e-07  test med 7.7501e-07 mean 4.0206e+00 max 2.2322e+01  (98.1 eps/s x 32 = 3140 run-eps/s)
epoch  36000  train 1.3112e-07  test med 7.7026e-07 mean 4.0068e+00 max 2.2284e+01  (98.1 eps/s x 32 = 3140 run-eps/s)
epoch  36100  train 1.3109e-07  test med 7.6615e-07 mean 3.9932e+00 max 2.2246e+01  (98.1 eps/s x 32 = 3140 run-eps/s)
epoch  36200  train 1.3107e-07  test med 7.6225e-07 mean 3.9796e+00 max 2.2207e+01  (98.1 eps/s x 32 = 3140 run-eps/s)
epoch  36300  train 1.3108e-07  test med 7.5814e-07 mean 3.9662e+00 max 2.2168e+01  (98.1 eps/s x 32 = 3140 run-eps/s)
epoch  36400  train 1.3110e-07  test med 7.5313e-07 mean 3.9529e+00 max 2.2127e+01  (98.1 eps/s x 32 = 3140 run-eps/s)
epoch  36500  train 1.3104e-07  test med 7.4876e-07 mean 3.9398e+00 max 2.2087e+01  (98.1 eps/s x 32 = 3140 run-eps/s)
epoch  36600  train 1.3119e-07  test med 7.4551e-07 mean 3.9267e+00 max 2.2047e+01  (98.1 eps/s x 32 = 3140 run-eps/s)
epoch  36700  train 1.3104e-07  test med 7.4215e-07 mean 3.9138e+00 max 2.2007e+01  (98.1 eps/s x 32 = 3141 run-eps/s)
epoch  36800  train 1.3096e-07  test med 7.4018e-07 mean 3.9010e+00 max 2.1967e+01  (98.1 eps/s x 32 = 3141 run-eps/s)
epoch  36900  train 1.3132e-07  test med 7.3706e-07 mean 3.8883e+00 max 2.1925e+01  (98.1 eps/s x 32 = 3141 run-eps/s)
epoch  37000  train 1.3121e-07  test med 7.3392e-07 mean 3.8756e+00 max 2.1884e+01  (98.1 eps/s x 32 = 3141 run-eps/s)
epoch  37100  train 1.3101e-07  test med 7.3140e-07 mean 3.8631e+00 max 2.1844e+01  (98.1 eps/s x 32 = 3141 run-eps/s)
epoch  37200  train 1.3098e-07  test med 7.3159e-07 mean 3.8506e+00 max 2.1802e+01  (98.1 eps/s x 32 = 3141 run-eps/s)
epoch  37300  train 1.3091e-07  test med 7.3127e-07 mean 3.8382e+00 max 2.1762e+01  (98.1 eps/s x 32 = 3141 run-eps/s)
epoch  37400  train 1.3103e-07  test med 7.3148e-07 mean 3.8259e+00 max 2.1720e+01  (98.1 eps/s x 32 = 3141 run-eps/s)
epoch  37500  train 1.3103e-07  test med 7.3156e-07 mean 3.8137e+00 max 2.1679e+01  (98.1 eps/s x 32 = 3141 run-eps/s)
epoch  37600  train 1.3103e-07  test med 7.3154e-07 mean 3.8015e+00 max 2.1636e+01  (98.1 eps/s x 32 = 3141 run-eps/s)
epoch  37700  train 1.3103e-07  test med 7.3171e-07 mean 3.7894e+00 max 2.1594e+01  (98.2 eps/s x 32 = 3141 run-eps/s)
epoch  37800  train 1.3099e-07  test med 7.3155e-07 mean 3.7774e+00 max 2.1552e+01  (98.2 eps/s x 32 = 3141 run-eps/s)
epoch  37900  train 1.3087e-07  test med 7.3188e-07 mean 3.7655e+00 max 2.1509e+01  (98.2 eps/s x 32 = 3141 run-eps/s)
epoch  38000  train 1.3094e-07  test med 7.3196e-07 mean 3.7535e+00 max 2.1466e+01  (98.2 eps/s x 32 = 3141 run-eps/s)
epoch  38100  train 1.3077e-07  test med 7.3202e-07 mean 3.7417e+00 max 2.1424e+01  (98.2 eps/s x 32 = 3141 run-eps/s)
epoch  38200  train 1.3094e-07  test med 7.3219e-07 mean 3.7299e+00 max 2.1381e+01  (98.2 eps/s x 32 = 3141 run-eps/s)
epoch  38300  train 1.3083e-07  test med 7.3220e-07 mean 3.7182e+00 max 2.1338e+01  (98.2 eps/s x 32 = 3141 run-eps/s)
epoch  38400  train 1.3088e-07  test med 7.3244e-07 mean 3.7064e+00 max 2.1294e+01  (98.2 eps/s x 32 = 3141 run-eps/s)
epoch  38500  train 1.3087e-07  test med 7.3237e-07 mean 3.6948e+00 max 2.1250e+01  (98.2 eps/s x 32 = 3141 run-eps/s)
epoch  38600  train 1.3084e-07  test med 7.3232e-07 mean 3.6831e+00 max 2.1206e+01  (98.2 eps/s x 32 = 3141 run-eps/s)
epoch  38700  train 1.3096e-07  test med 7.3233e-07 mean 3.6715e+00 max 2.1163e+01  (98.2 eps/s x 32 = 3141 run-eps/s)
epoch  38800  train 1.3078e-07  test med 7.3285e-07 mean 3.6599e+00 max 2.1119e+01  (98.2 eps/s x 32 = 3141 run-eps/s)
epoch  38900  train 2.9699e-04  test med 7.8600e-07 mean 3.6485e+00 max 2.1074e+01  (98.2 eps/s x 32 = 3141 run-eps/s)
epoch  39000  train 7.1536e-05  test med 7.8594e-07 mean 3.6369e+00 max 2.1030e+01  (98.2 eps/s x 32 = 3141 run-eps/s)
epoch  39100  train 1.7346e-04  test med 7.8599e-07 mean 3.6255e+00 max 2.0986e+01  (98.2 eps/s x 32 = 3141 run-eps/s)
epoch  39200  train 7.5523e-05  test med 7.8595e-07 mean 3.6138e+00 max 2.0942e+01  (98.2 eps/s x 32 = 3141 run-eps/s)
epoch  39300  train 2.7219e-05  test med 7.8588e-07 mean 3.6021e+00 max 2.0896e+01  (98.2 eps/s x 32 = 3141 run-eps/s)
epoch  39400  train 9.5910e-06  test med 7.8585e-07 mean 3.5905e+00 max 2.0851e+01  (98.2 eps/s x 32 = 3141 run-eps/s)
epoch  39500  train 3.4152e-06  test med 7.8599e-07 mean 3.5789e+00 max 2.0804e+01  (98.2 eps/s x 32 = 3141 run-eps/s)
epoch  39600  train 1.2717e-06  test med 7.8581e-07 mean 3.5674e+00 max 2.0758e+01  (98.2 eps/s x 32 = 3141 run-eps/s)
epoch  39700  train 5.2864e-07  test med 7.8605e-07 mean 3.5558e+00 max 2.0711e+01  (98.2 eps/s x 32 = 3141 run-eps/s)
epoch  39800  train 2.7041e-07  test med 7.8639e-07 mean 3.5442e+00 max 2.0664e+01  (98.2 eps/s x 32 = 3141 run-eps/s)
epoch  39900  train 1.8036e-07  test med 7.8602e-07 mean 3.5327e+00 max 2.0617e+01  (98.2 eps/s x 32 = 3141 run-eps/s)
epoch  40000  train 1.4864e-07  test med 7.8564e-07 mean 3.5211e+00 max 2.0570e+01  (98.2 eps/s x 32 = 3141 run-eps/s)
epoch  40100  train 1.3717e-07  test med 7.3303e-07 mean 3.5096e+00 max 2.0522e+01  (98.2 eps/s x 32 = 3141 run-eps/s)
epoch  40200  train 1.3302e-07  test med 7.3287e-07 mean 3.4980e+00 max 2.0473e+01  (98.2 eps/s x 32 = 3141 run-eps/s)
epoch  40300  train 1.3126e-07  test med 7.3297e-07 mean 3.4864e+00 max 2.0424e+01  (98.2 eps/s x 32 = 3141 run-eps/s)
epoch  40400  train 1.3074e-07  test med 7.3286e-07 mean 3.4749e+00 max 2.0375e+01  (98.2 eps/s x 32 = 3141 run-eps/s)
epoch  40500  train 1.3049e-07  test med 7.3284e-07 mean 3.4632e+00 max 2.0326e+01  (98.2 eps/s x 32 = 3141 run-eps/s)
epoch  40600  train 1.3043e-07  test med 7.3298e-07 mean 3.4515e+00 max 2.0277e+01  (98.2 eps/s x 32 = 3141 run-eps/s)
epoch  40700  train 1.3051e-07  test med 7.3278e-07 mean 3.4398e+00 max 2.0227e+01  (98.2 eps/s x 32 = 3141 run-eps/s)
epoch  40800  train 1.3053e-07  test med 7.3287e-07 mean 3.4281e+00 max 2.0178e+01  (98.2 eps/s x 32 = 3141 run-eps/s)
epoch  40900  train 1.3054e-07  test med 7.3287e-07 mean 3.4163e+00 max 2.0128e+01  (98.2 eps/s x 32 = 3141 run-eps/s)
epoch  41000  train 1.3056e-07  test med 7.3295e-07 mean 3.4046e+00 max 2.0079e+01  (98.2 eps/s x 32 = 3141 run-eps/s)
epoch  41100  train 1.3053e-07  test med 7.3292e-07 mean 3.3929e+00 max 2.0029e+01  (98.2 eps/s x 32 = 3141 run-eps/s)
epoch  41200  train 1.3061e-07  test med 7.3301e-07 mean 3.3812e+00 max 1.9978e+01  (98.2 eps/s x 32 = 3141 run-eps/s)
epoch  41300  train 1.3048e-07  test med 7.3321e-07 mean 3.3694e+00 max 1.9927e+01  (98.2 eps/s x 32 = 3141 run-eps/s)
epoch  41400  train 1.3050e-07  test med 7.3308e-07 mean 3.3576e+00 max 1.9876e+01  (98.2 eps/s x 32 = 3141 run-eps/s)
epoch  41500  train 1.3081e-07  test med 7.3312e-07 mean 3.3457e+00 max 1.9824e+01  (98.2 eps/s x 32 = 3141 run-eps/s)
epoch  41600  train 1.3047e-07  test med 7.3345e-07 mean 3.3337e+00 max 1.9772e+01  (98.2 eps/s x 32 = 3141 run-eps/s)
epoch  41700  train 1.3064e-07  test med 7.3336e-07 mean 3.3218e+00 max 1.9719e+01  (98.2 eps/s x 32 = 3141 run-eps/s)
epoch  41800  train 1.3045e-07  test med 7.3342e-07 mean 3.3099e+00 max 1.9667e+01  (98.2 eps/s x 32 = 3141 run-eps/s)
epoch  41900  train 1.3047e-07  test med 7.3379e-07 mean 3.2979e+00 max 1.9613e+01  (98.2 eps/s x 32 = 3141 run-eps/s)
epoch  42000  train 1.3033e-07  test med 7.3388e-07 mean 3.2859e+00 max 1.9561e+01  (98.2 eps/s x 32 = 3142 run-eps/s)
epoch  42100  train 1.3037e-07  test med 7.3373e-07 mean 3.2738e+00 max 1.9507e+01  (98.2 eps/s x 32 = 3142 run-eps/s)
epoch  42200  train 1.3028e-07  test med 7.3376e-07 mean 3.2617e+00 max 1.9453e+01  (98.2 eps/s x 32 = 3142 run-eps/s)
epoch  42300  train 1.3049e-07  test med 7.3407e-07 mean 3.2496e+00 max 1.9399e+01  (98.2 eps/s x 32 = 3142 run-eps/s)
epoch  42400  train 1.3034e-07  test med 7.3381e-07 mean 3.2374e+00 max 1.9346e+01  (98.2 eps/s x 32 = 3142 run-eps/s)
epoch  42500  train 1.3037e-07  test med 7.3359e-07 mean 3.2252e+00 max 1.9292e+01  (98.2 eps/s x 32 = 3142 run-eps/s)
epoch  42600  train 1.3044e-07  test med 7.3365e-07 mean 3.2129e+00 max 1.9237e+01  (98.2 eps/s x 32 = 3142 run-eps/s)
epoch  42700  train 1.3051e-07  test med 7.3342e-07 mean 3.2007e+00 max 1.9181e+01  (98.2 eps/s x 32 = 3142 run-eps/s)
epoch  42800  train 1.3043e-07  test med 7.3370e-07 mean 3.1883e+00 max 1.9133e+01  (98.2 eps/s x 32 = 3142 run-eps/s)
epoch  42900  train 1.3043e-07  test med 7.3361e-07 mean 3.1759e+00 max 1.9100e+01  (98.2 eps/s x 32 = 3142 run-eps/s)
epoch  43000  train 1.3086e-07  test med 7.3354e-07 mean 3.1635e+00 max 1.9066e+01  (98.2 eps/s x 32 = 3142 run-eps/s)
epoch  43100  train 1.3026e-07  test med 7.3334e-07 mean 3.1510e+00 max 1.9033e+01  (98.2 eps/s x 32 = 3142 run-eps/s)
epoch  43200  train 1.3033e-07  test med 7.3339e-07 mean 3.1384e+00 max 1.8999e+01  (98.2 eps/s x 32 = 3142 run-eps/s)
epoch  43300  train 1.1279e-04  test med 7.8551e-07 mean 3.1261e+00 max 1.8965e+01  (98.2 eps/s x 32 = 3142 run-eps/s)
epoch  43400  train 1.0824e-04  test med 7.8537e-07 mean 3.1132e+00 max 1.8931e+01  (98.2 eps/s x 32 = 3142 run-eps/s)
epoch  43500  train 1.7588e-04  test med 7.8552e-07 mean 3.1006e+00 max 1.8896e+01  (98.2 eps/s x 32 = 3142 run-eps/s)
epoch  43600  train 7.1485e-05  test med 7.8515e-07 mean 3.0877e+00 max 1.8862e+01  (98.2 eps/s x 32 = 3142 run-eps/s)
epoch  43700  train 2.5740e-05  test med 7.8511e-07 mean 3.0748e+00 max 1.8826e+01  (98.2 eps/s x 32 = 3142 run-eps/s)
epoch  43800  train 9.1283e-06  test med 7.8489e-07 mean 3.0619e+00 max 1.8791e+01  (98.2 eps/s x 32 = 3142 run-eps/s)
epoch  43900  train 3.2784e-06  test med 7.8510e-07 mean 3.0489e+00 max 1.8755e+01  (98.2 eps/s x 32 = 3142 run-eps/s)
epoch  44000  train 1.2327e-06  test med 7.8467e-07 mean 3.0359e+00 max 1.8719e+01  (98.2 eps/s x 32 = 3142 run-eps/s)
epoch  44100  train 5.1764e-07  test med 7.8451e-07 mean 3.0229e+00 max 1.8684e+01  (98.2 eps/s x 32 = 3142 run-eps/s)
epoch  44200  train 2.6738e-07  test med 7.8450e-07 mean 3.0098e+00 max 1.8648e+01  (98.2 eps/s x 32 = 3142 run-eps/s)
epoch  44300  train 1.7932e-07  test med 7.8421e-07 mean 2.9967e+00 max 1.8613e+01  (98.2 eps/s x 32 = 3142 run-eps/s)
epoch  44400  train 1.4798e-07  test med 7.8390e-07 mean 2.9835e+00 max 1.8575e+01  (98.2 eps/s x 32 = 3142 run-eps/s)
epoch  44500  train 1.3694e-07  test med 7.3220e-07 mean 2.9702e+00 max 1.8539e+01  (98.2 eps/s x 32 = 3142 run-eps/s)
epoch  44600  train 1.3263e-07  test med 7.3224e-07 mean 2.9570e+00 max 1.8502e+01  (98.2 eps/s x 32 = 3142 run-eps/s)
epoch  44700  train 1.3094e-07  test med 7.3210e-07 mean 2.9437e+00 max 1.8464e+01  (98.2 eps/s x 32 = 3142 run-eps/s)
epoch  44800  train 1.3038e-07  test med 7.3208e-07 mean 2.9304e+00 max 1.8427e+01  (98.2 eps/s x 32 = 3142 run-eps/s)
epoch  44900  train 1.2999e-07  test med 7.3226e-07 mean 2.9169e+00 max 1.8389e+01  (98.2 eps/s x 32 = 3142 run-eps/s)
epoch  45000  train 1.3016e-07  test med 7.3209e-07 mean 2.9035e+00 max 1.8350e+01  (98.2 eps/s x 32 = 3142 run-eps/s)
epoch  45100  train 1.3006e-07  test med 7.3222e-07 mean 2.8900e+00 max 1.8311e+01  (98.2 eps/s x 32 = 3142 run-eps/s)
epoch  45200  train 1.3013e-07  test med 7.3196e-07 mean 2.8764e+00 max 1.8273e+01  (98.2 eps/s x 32 = 3142 run-eps/s)
epoch  45300  train 1.3017e-07  test med 7.3182e-07 mean 2.8628e+00 max 1.8235e+01  (98.2 eps/s x 32 = 3142 run-eps/s)
epoch  45400  train 1.3008e-07  test med 7.3190e-07 mean 2.8490e+00 max 1.8196e+01  (98.2 eps/s x 32 = 3142 run-eps/s)
epoch  45500  train 1.2999e-07  test med 7.3172e-07 mean 2.8352e+00 max 1.8157e+01  (98.2 eps/s x 32 = 3142 run-eps/s)
epoch  45600  train 1.3017e-07  test med 7.3146e-07 mean 2.8213e+00 max 1.8118e+01  (98.2 eps/s x 32 = 3142 run-eps/s)
epoch  45700  train 1.3031e-07  test med 7.3142e-07 mean 2.8074e+00 max 1.8079e+01  (98.2 eps/s x 32 = 3142 run-eps/s)
epoch  45800  train 1.3008e-07  test med 7.3127e-07 mean 2.7933e+00 max 1.8040e+01  (98.2 eps/s x 32 = 3142 run-eps/s)
epoch  45900  train 1.3021e-07  test med 7.3135e-07 mean 2.7793e+00 max 1.8001e+01  (98.2 eps/s x 32 = 3142 run-eps/s)
epoch  46000  train 1.3012e-07  test med 7.3118e-07 mean 2.7652e+00 max 1.7962e+01  (98.2 eps/s x 32 = 3142 run-eps/s)
epoch  46100  train 1.3014e-07  test med 7.3103e-07 mean 2.7511e+00 max 1.7923e+01  (98.2 eps/s x 32 = 3142 run-eps/s)
epoch  46200  train 1.3035e-07  test med 7.3105e-07 mean 2.7368e+00 max 1.7884e+01  (98.2 eps/s x 32 = 3142 run-eps/s)
epoch  46300  train 1.3005e-07  test med 7.3106e-07 mean 2.7225e+00 max 1.7844e+01  (98.2 eps/s x 32 = 3142 run-eps/s)
epoch  46400  train 1.3031e-07  test med 7.3071e-07 mean 2.7081e+00 max 1.7804e+01  (98.2 eps/s x 32 = 3142 run-eps/s)
epoch  46500  train 1.3080e-07  test med 7.3085e-07 mean 2.6938e+00 max 1.7765e+01  (98.2 eps/s x 32 = 3142 run-eps/s)
epoch  46600  train 5.9870e-05  test med 7.8123e-07 mean 2.6794e+00 max 1.7725e+01  (98.2 eps/s x 32 = 3142 run-eps/s)
epoch  46700  train 1.8534e-04  test med 7.8138e-07 mean 2.6651e+00 max 1.7685e+01  (98.2 eps/s x 32 = 3142 run-eps/s)
epoch  46800  train 8.8190e-05  test med 7.8097e-07 mean 2.6504e+00 max 1.7645e+01  (98.2 eps/s x 32 = 3142 run-eps/s)
epoch  46900  train 3.2324e-05  test med 7.8086e-07 mean 2.6357e+00 max 1.7605e+01  (98.2 eps/s x 32 = 3142 run-eps/s)
epoch  47000  train 1.1520e-05  test med 7.8076e-07 mean 2.6211e+00 max 1.7565e+01  (98.2 eps/s x 32 = 3142 run-eps/s)
epoch  47100  train 4.1302e-06  test med 7.8067e-07 mean 2.6064e+00 max 1.7524e+01  (98.2 eps/s x 32 = 3142 run-eps/s)
epoch  47200  train 1.5339e-06  test med 7.8090e-07 mean 2.5917e+00 max 1.7484e+01  (98.2 eps/s x 32 = 3142 run-eps/s)
epoch  47300  train 6.2399e-07  test med 7.8052e-07 mean 2.5769e+00 max 1.7444e+01  (98.2 eps/s x 32 = 3142 run-eps/s)
epoch  47400  train 3.0508e-07  test med 7.8069e-07 mean 2.5620e+00 max 1.7404e+01  (98.2 eps/s x 32 = 3142 run-eps/s)
epoch  47500  train 1.9260e-07  test med 7.8051e-07 mean 2.5471e+00 max 1.7362e+01  (98.2 eps/s x 32 = 3142 run-eps/s)
epoch  47600  train 1.5265e-07  test med 7.8009e-07 mean 2.5321e+00 max 1.7321e+01  (98.2 eps/s x 32 = 3142 run-eps/s)
epoch  47700  train 1.3832e-07  test med 7.3057e-07 mean 2.5169e+00 max 1.7279e+01  (98.2 eps/s x 32 = 3142 run-eps/s)
epoch  47800  train 1.3282e-07  test med 7.3048e-07 mean 2.5018e+00 max 1.7238e+01  (98.2 eps/s x 32 = 3142 run-eps/s)
epoch  47900  train 1.3091e-07  test med 7.3058e-07 mean 2.4865e+00 max 1.7196e+01  (98.2 eps/s x 32 = 3142 run-eps/s)
epoch  48000  train 1.3010e-07  test med 7.3055e-07 mean 2.4712e+00 max 1.7153e+01  (98.2 eps/s x 32 = 3142 run-eps/s)
epoch  48100  train 1.2971e-07  test med 7.3054e-07 mean 2.4558e+00 max 1.7110e+01  (98.2 eps/s x 32 = 3142 run-eps/s)
epoch  48200  train 1.2986e-07  test med 7.3070e-07 mean 2.4404e+00 max 1.7066e+01  (98.2 eps/s x 32 = 3142 run-eps/s)
epoch  48300  train 1.2993e-07  test med 7.3042e-07 mean 2.4249e+00 max 1.7023e+01  (98.2 eps/s x 32 = 3142 run-eps/s)
epoch  48400  train 1.3020e-07  test med 7.3070e-07 mean 2.4094e+00 max 1.6980e+01  (98.2 eps/s x 32 = 3142 run-eps/s)
epoch  48500  train 1.2995e-07  test med 7.3063e-07 mean 2.3938e+00 max 1.6936e+01  (98.2 eps/s x 32 = 3142 run-eps/s)
epoch  48600  train 1.2990e-07  test med 7.3038e-07 mean 2.3781e+00 max 1.6892e+01  (98.2 eps/s x 32 = 3142 run-eps/s)
epoch  48700  train 1.3044e-07  test med 7.3010e-07 mean 2.3624e+00 max 1.6848e+01  (98.2 eps/s x 32 = 3142 run-eps/s)
epoch  48800  train 1.2991e-07  test med 7.3001e-07 mean 2.3467e+00 max 1.6803e+01  (98.2 eps/s x 32 = 3142 run-eps/s)
epoch  48900  train 1.3038e-07  test med 7.1607e-07 mean 2.3310e+00 max 1.6759e+01  (98.2 eps/s x 32 = 3142 run-eps/s)
epoch  49000  train 1.2989e-07  test med 6.8392e-07 mean 2.3152e+00 max 1.6715e+01  (98.2 eps/s x 32 = 3142 run-eps/s)
epoch  49100  train 1.2993e-07  test med 6.5448e-07 mean 2.2994e+00 max 1.6671e+01  (98.2 eps/s x 32 = 3142 run-eps/s)
epoch  49200  train 1.2992e-07  test med 6.2827e-07 mean 2.2835e+00 max 1.6626e+01  (98.2 eps/s x 32 = 3142 run-eps/s)
epoch  49300  train 1.2985e-07  test med 6.0534e-07 mean 2.2678e+00 max 1.6583e+01  (98.2 eps/s x 32 = 3142 run-eps/s)
epoch  49400  train 1.2982e-07  test med 5.9041e-07 mean 2.2519e+00 max 1.6538e+01  (98.2 eps/s x 32 = 3142 run-eps/s)
epoch  49500  train 1.3002e-07  test med 5.9019e-07 mean 2.2362e+00 max 1.6494e+01  (98.2 eps/s x 32 = 3143 run-eps/s)
epoch  49600  train 1.2978e-07  test med 5.9005e-07 mean 2.2204e+00 max 1.6449e+01  (98.2 eps/s x 32 = 3143 run-eps/s)
epoch  49700  train 1.3005e-07  test med 5.8992e-07 mean 2.2045e+00 max 1.6404e+01  (98.2 eps/s x 32 = 3143 run-eps/s)
epoch  49800  train 1.2977e-07  test med 5.8980e-07 mean 2.1886e+00 max 1.6359e+01  (98.2 eps/s x 32 = 3143 run-eps/s)
epoch  49900  train 1.2980e-07  test med 5.8965e-07 mean 2.1728e+00 max 1.6315e+01  (98.2 eps/s x 32 = 3143 run-eps/s)
epoch  50000  train 1.2972e-07  test med 5.8957e-07 mean 2.1569e+00 max 1.6270e+01  (98.2 eps/s x 32 = 3143 run-eps/s)
done: 50000 epochs x 32 runs in 510s
RESULT w0512_wd0.1/ds15573_is135533: grok@-1  committee [15, 26, 40, 41, 43, 49, 54]  acc 0.2129
RESULT w0512_wd0.1/ds15573_is479062: grok@-1  committee [26, 37]  acc 0.3455
RESULT w0512_wd0.1/ds15573_is648223: grok@40500  committee [6, 8, 9, 40, 53]  acc 1.0000
RESULT w0512_wd0.1/ds15573_is871231: grok@-1  committee [20]  acc 0.2954
RESULT w0512_wd0.1/ds19870_is135533: grok@-1  committee [3, 31, 32, 43, 52]  acc 0.4275
RESULT w0512_wd0.1/ds19870_is479062: grok@-1  committee [26, 33]  acc 0.2475
RESULT w0512_wd0.1/ds19870_is648223: grok@-1  committee [3, 23, 34, 40, 52, 53]  acc 0.8762
RESULT w0512_wd0.1/ds19870_is871231: grok@-1  committee [2]  acc 0.1847
RESULT w0512_wd0.3/ds15573_is135533: grok@23100  committee [4, 26, 40, 41, 49]  acc 1.0000
RESULT w0512_wd0.3/ds15573_is479062: grok@22900  committee [26, 37, 42, 51]  acc 1.0000
RESULT w0512_wd0.3/ds15573_is648223: grok@12800  committee [6, 8, 9, 40, 53]  acc 1.0000
RESULT w0512_wd0.3/ds15573_is871231: grok@22000  committee [18, 20, 24, 52]  acc 1.0000
RESULT w0512_wd0.3/ds19870_is135533: grok@19000  committee [3, 31, 32, 43]  acc 1.0000
RESULT w0512_wd0.3/ds19870_is479062: grok@22500  committee [10, 26, 33]  acc 1.0000
RESULT w0512_wd0.3/ds19870_is648223: grok@15200  committee [3, 34, 52, 53]  acc 1.0000
RESULT w0512_wd0.3/ds19870_is871231: grok@22300  committee [2, 20, 31, 52, 56]  acc 1.0000
RESULT w0512_wd1/ds15573_is135533: grok@7600  committee [26, 40, 49, 54]  acc 1.0000
RESULT w0512_wd1/ds15573_is479062: grok@7100  committee [26, 37, 45, 51]  acc 1.0000
RESULT w0512_wd1/ds15573_is648223: grok@4100  committee [6, 8, 9, 40, 53]  acc 1.0000
RESULT w0512_wd1/ds15573_is871231: grok@7500  committee [18, 20, 24, 49, 52]  acc 1.0000
RESULT w0512_wd1/ds19870_is135533: grok@6200  committee [3, 31, 32, 43]  acc 1.0000
RESULT w0512_wd1/ds19870_is479062: grok@6500  committee [10, 26, 33]  acc 1.0000
RESULT w0512_wd1/ds19870_is648223: grok@4900  committee [23, 34, 40, 52, 53]  acc 1.0000
RESULT w0512_wd1/ds19870_is871231: grok@6700  committee [2, 20, 31, 56]  acc 1.0000
RESULT w0512_wd3/ds15573_is135533: grok@1800  committee [26, 32, 41, 54]  acc 1.0000
RESULT w0512_wd3/ds15573_is479062: grok@1600  committee [26, 37, 45, 51]  acc 1.0000
RESULT w0512_wd3/ds15573_is648223: grok@1200  committee [8, 9, 40, 53]  acc 1.0000
RESULT w0512_wd3/ds15573_is871231: grok@1300  committee [20, 24, 49, 52]  acc 1.0000
RESULT w0512_wd3/ds19870_is135533: grok@1900  committee [3, 31, 32, 52]  acc 1.0000
RESULT w0512_wd3/ds19870_is479062: grok@2300  committee [10, 26, 33, 35]  acc 1.0000
RESULT w0512_wd3/ds19870_is648223: grok@1000  committee [23, 34, 52, 53]  acc 1.0000
RESULT w0512_wd3/ds19870_is871231: grok@1400  committee [2, 20, 52, 56]  acc 1.0000
width 1024: batch of 32 (32/32 pending)
batch 32 on cuda:  train 3830  test 8939  4 recipe(s) (lr, wd, tilt, cvar): [(0.001, 0.1, 0.0, 0.0), (0.001, 0.3, 0.0, 0.0), (0.001, 1.0, 0.0, 0.0), (0.001, 3.0, 0.0, 0.0)]
epoch    100  train 3.8972e-01  test med 1.1039e+01 mean 1.0539e+01 max 1.2349e+01  (42.0 eps/s x 32 = 1345 run-eps/s)
epoch    200  train 1.5862e-02  test med 1.3941e+01 mean 1.3551e+01 max 1.6772e+01  (52.9 eps/s x 32 = 1692 run-eps/s)
epoch    300  train 5.3253e-03  test med 1.4550e+01 mean 1.4087e+01 max 1.8080e+01  (57.8 eps/s x 32 = 1850 run-eps/s)
epoch    400  train 1.8497e-03  test med 1.5295e+01 mean 1.4704e+01 max 1.9414e+01  (60.7 eps/s x 32 = 1941 run-eps/s)
epoch    500  train 6.5027e-04  test med 1.6075e+01 mean 1.5285e+01 max 2.0734e+01  (62.5 eps/s x 32 = 2000 run-eps/s)
epoch    600  train 2.2909e-04  test med 1.6875e+01 mean 1.5785e+01 max 2.2033e+01  (63.8 eps/s x 32 = 2041 run-eps/s)
epoch    700  train 8.0535e-05  test med 1.7683e+01 mean 1.6248e+01 max 2.3299e+01  (64.7 eps/s x 32 = 2072 run-eps/s)
epoch    800  train 2.8935e-05  test med 1.8484e+01 mean 1.6775e+01 max 2.4526e+01  (65.5 eps/s x 32 = 2095 run-eps/s)
epoch    900  train 1.0678e-05  test med 1.9257e+01 mean 1.7292e+01 max 2.5714e+01  (66.1 eps/s x 32 = 2114 run-eps/s)
epoch   1000  train 4.1717e-06  test med 1.9967e+01 mean 1.7726e+01 max 2.6837e+01  (66.5 eps/s x 32 = 2129 run-eps/s)
epoch   1100  train 1.7957e-06  test med 2.0561e+01 mean 1.8078e+01 max 2.7828e+01  (66.9 eps/s x 32 = 2141 run-eps/s)
epoch   1200  train 8.8962e-07  test med 2.0983e+01 mean 1.8287e+01 max 2.8615e+01  (67.2 eps/s x 32 = 2152 run-eps/s)
epoch   1300  train 5.2611e-07  test med 2.1193e+01 mean 1.8328e+01 max 2.9148e+01  (67.5 eps/s x 32 = 2161 run-eps/s)
epoch   1400  train 3.8092e-07  test med 2.1208e+01 mean 1.8235e+01 max 2.9433e+01  (67.8 eps/s x 32 = 2169 run-eps/s)
epoch   1500  train 3.2375e-07  test med 2.1101e+01 mean 1.8056e+01 max 2.9532e+01  (68.0 eps/s x 32 = 2176 run-eps/s)
epoch   1600  train 2.9670e-07  test med 2.0953e+01 mean 1.7859e+01 max 2.9518e+01  (68.2 eps/s x 32 = 2182 run-eps/s)
epoch   1700  train 2.7962e-07  test med 2.0818e+01 mean 1.7654e+01 max 2.9447e+01  (68.3 eps/s x 32 = 2187 run-eps/s)
epoch   1800  train 2.6604e-07  test med 2.0682e+01 mean 1.7452e+01 max 2.9353e+01  (68.5 eps/s x 32 = 2192 run-eps/s)
epoch   1900  train 2.5671e-07  test med 2.0549e+01 mean 1.7269e+01 max 2.9252e+01  (68.6 eps/s x 32 = 2196 run-eps/s)
epoch   2000  train 2.5046e-07  test med 2.0418e+01 mean 1.7097e+01 max 2.9152e+01  (68.7 eps/s x 32 = 2200 run-eps/s)
epoch   2100  train 2.4533e-07  test med 2.0289e+01 mean 1.6922e+01 max 2.9053e+01  (68.8 eps/s x 32 = 2203 run-eps/s)
epoch   2200  train 2.4105e-07  test med 2.0161e+01 mean 1.6741e+01 max 2.8955e+01  (68.9 eps/s x 32 = 2206 run-eps/s)
epoch   2300  train 2.3757e-07  test med 2.0036e+01 mean 1.6553e+01 max 2.8860e+01  (69.0 eps/s x 32 = 2209 run-eps/s)
epoch   2400  train 2.3449e-07  test med 1.9912e+01 mean 1.6360e+01 max 2.8767e+01  (69.1 eps/s x 32 = 2212 run-eps/s)
epoch   2500  train 2.3158e-07  test med 1.9789e+01 mean 1.6164e+01 max 2.8675e+01  (69.2 eps/s x 32 = 2214 run-eps/s)
epoch   2600  train 2.2883e-07  test med 1.9668e+01 mean 1.5972e+01 max 2.8586e+01  (69.3 eps/s x 32 = 2216 run-eps/s)
epoch   2700  train 2.2628e-07  test med 1.9548e+01 mean 1.5788e+01 max 2.8499e+01  (69.3 eps/s x 32 = 2218 run-eps/s)
epoch   2800  train 2.2395e-07  test med 1.9428e+01 mean 1.5613e+01 max 2.8412e+01  (69.4 eps/s x 32 = 2220 run-eps/s)
epoch   2900  train 2.2183e-07  test med 1.9308e+01 mean 1.5443e+01 max 2.8327e+01  (69.4 eps/s x 32 = 2222 run-eps/s)
epoch   3000  train 2.1981e-07  test med 1.9189e+01 mean 1.5274e+01 max 2.8244e+01  (69.5 eps/s x 32 = 2224 run-eps/s)
epoch   3100  train 2.1766e-07  test med 1.9070e+01 mean 1.5103e+01 max 2.8162e+01  (69.5 eps/s x 32 = 2226 run-eps/s)
epoch   3200  train 2.1546e-07  test med 1.8951e+01 mean 1.4931e+01 max 2.8081e+01  (69.6 eps/s x 32 = 2227 run-eps/s)
epoch   3300  train 2.1310e-07  test med 1.8831e+01 mean 1.4757e+01 max 2.8001e+01  (69.6 eps/s x 32 = 2228 run-eps/s)
epoch   3400  train 2.1047e-07  test med 1.8709e+01 mean 1.4581e+01 max 2.7922e+01  (69.7 eps/s x 32 = 2230 run-eps/s)
epoch   3500  train 2.0747e-07  test med 1.8588e+01 mean 1.4403e+01 max 2.7845e+01  (69.7 eps/s x 32 = 2231 run-eps/s)
epoch   3600  train 2.0392e-07  test med 1.8468e+01 mean 1.4229e+01 max 2.7768e+01  (69.8 eps/s x 32 = 2232 run-eps/s)
epoch   3700  train 1.9918e-07  test med 1.8347e+01 mean 1.4066e+01 max 2.7693e+01  (69.8 eps/s x 32 = 2233 run-eps/s)
epoch   3800  train 1.9409e-07  test med 1.8226e+01 mean 1.3932e+01 max 2.7619e+01  (69.8 eps/s x 32 = 2234 run-eps/s)
epoch   3900  train 1.9019e-07  test med 1.8105e+01 mean 1.3824e+01 max 2.7545e+01  (69.9 eps/s x 32 = 2235 run-eps/s)
epoch   4000  train 1.8701e-07  test med 1.7983e+01 mean 1.3725e+01 max 2.7473e+01  (69.9 eps/s x 32 = 2236 run-eps/s)
epoch   4100  train 1.8445e-07  test med 1.7858e+01 mean 1.3629e+01 max 2.7401e+01  (69.9 eps/s x 32 = 2237 run-eps/s)
epoch   4200  train 1.8233e-07  test med 1.7734e+01 mean 1.3534e+01 max 2.7331e+01  (69.9 eps/s x 32 = 2238 run-eps/s)
epoch   4300  train 1.8059e-07  test med 1.7610e+01 mean 1.3439e+01 max 2.7262e+01  (70.0 eps/s x 32 = 2239 run-eps/s)
epoch   4400  train 1.7905e-07  test med 1.7486e+01 mean 1.3345e+01 max 2.7193e+01  (70.0 eps/s x 32 = 2239 run-eps/s)
epoch   4500  train 1.7765e-07  test med 1.7361e+01 mean 1.3251e+01 max 2.7126e+01  (70.0 eps/s x 32 = 2240 run-eps/s)
epoch   4600  train 1.7645e-07  test med 1.7236e+01 mean 1.3157e+01 max 2.7060e+01  (70.0 eps/s x 32 = 2241 run-eps/s)
epoch   4700  train 1.7548e-07  test med 1.7111e+01 mean 1.3062e+01 max 2.6994e+01  (70.0 eps/s x 32 = 2242 run-eps/s)
epoch   4800  train 1.7465e-07  test med 1.6985e+01 mean 1.2965e+01 max 2.6929e+01  (70.1 eps/s x 32 = 2242 run-eps/s)
epoch   4900  train 1.7387e-07  test med 1.6858e+01 mean 1.2867e+01 max 2.6865e+01  (70.1 eps/s x 32 = 2243 run-eps/s)
epoch   5000  train 1.7306e-07  test med 1.6727e+01 mean 1.2767e+01 max 2.6802e+01  (70.1 eps/s x 32 = 2243 run-eps/s)
epoch   5100  train 1.7224e-07  test med 1.6596e+01 mean 1.2666e+01 max 2.6741e+01  (70.1 eps/s x 32 = 2244 run-eps/s)
epoch   5200  train 1.7140e-07  test med 1.6463e+01 mean 1.2562e+01 max 2.6680e+01  (70.1 eps/s x 32 = 2244 run-eps/s)
epoch   5300  train 1.7053e-07  test med 1.6330e+01 mean 1.2457e+01 max 2.6620e+01  (70.2 eps/s x 32 = 2245 run-eps/s)
epoch   5400  train 1.6963e-07  test med 1.6195e+01 mean 1.2351e+01 max 2.6560e+01  (70.2 eps/s x 32 = 2245 run-eps/s)
epoch   5500  train 1.6871e-07  test med 1.6057e+01 mean 1.2244e+01 max 2.6501e+01  (70.2 eps/s x 32 = 2246 run-eps/s)
epoch   5600  train 1.6781e-07  test med 1.5917e+01 mean 1.2134e+01 max 2.6443e+01  (70.2 eps/s x 32 = 2246 run-eps/s)
epoch   5700  train 1.6689e-07  test med 1.5774e+01 mean 1.2023e+01 max 2.6385e+01  (70.2 eps/s x 32 = 2247 run-eps/s)
epoch   5800  train 1.6595e-07  test med 1.5630e+01 mean 1.1912e+01 max 2.6329e+01  (70.2 eps/s x 32 = 2247 run-eps/s)
epoch   5900  train 1.6496e-07  test med 1.5482e+01 mean 1.1802e+01 max 2.6273e+01  (70.2 eps/s x 32 = 2247 run-eps/s)
epoch   6000  train 1.6395e-07  test med 1.5334e+01 mean 1.1695e+01 max 2.6217e+01  (70.2 eps/s x 32 = 2248 run-eps/s)
epoch   6100  train 1.6292e-07  test med 1.5183e+01 mean 1.1590e+01 max 2.6162e+01  (70.3 eps/s x 32 = 2248 run-eps/s)
epoch   6200  train 1.6191e-07  test med 1.5027e+01 mean 1.1489e+01 max 2.6108e+01  (70.3 eps/s x 32 = 2249 run-eps/s)
epoch   6300  train 1.6093e-07  test med 1.4868e+01 mean 1.1391e+01 max 2.6055e+01  (70.3 eps/s x 32 = 2249 run-eps/s)
epoch   6400  train 1.5993e-07  test med 1.4704e+01 mean 1.1299e+01 max 2.6002e+01  (70.3 eps/s x 32 = 2249 run-eps/s)
epoch   6500  train 1.5894e-07  test med 1.4534e+01 mean 1.1216e+01 max 2.5951e+01  (70.3 eps/s x 32 = 2250 run-eps/s)
epoch   6600  train 1.5796e-07  test med 1.4360e+01 mean 1.1143e+01 max 2.5900e+01  (70.3 eps/s x 32 = 2250 run-eps/s)
epoch   6700  train 1.5704e-07  test med 1.4184e+01 mean 1.1078e+01 max 2.5849e+01  (70.3 eps/s x 32 = 2250 run-eps/s)
epoch   6800  train 1.5626e-07  test med 1.4001e+01 mean 1.1020e+01 max 2.5800e+01  (70.3 eps/s x 32 = 2251 run-eps/s)
epoch   6900  train 1.5558e-07  test med 1.3796e+01 mean 1.0966e+01 max 2.5751e+01  (70.3 eps/s x 32 = 2251 run-eps/s)
epoch   7000  train 1.5497e-07  test med 1.3577e+01 mean 1.0914e+01 max 2.5703e+01  (70.4 eps/s x 32 = 2251 run-eps/s)
epoch   7100  train 1.5445e-07  test med 1.3350e+01 mean 1.0863e+01 max 2.5655e+01  (70.4 eps/s x 32 = 2252 run-eps/s)
epoch   7200  train 1.5399e-07  test med 1.3116e+01 mean 1.0813e+01 max 2.5609e+01  (70.4 eps/s x 32 = 2252 run-eps/s)
epoch   7300  train 1.5357e-07  test med 1.2878e+01 mean 1.0762e+01 max 2.5562e+01  (70.4 eps/s x 32 = 2252 run-eps/s)
epoch   7400  train 1.5318e-07  test med 1.2632e+01 mean 1.0711e+01 max 2.5515e+01  (70.4 eps/s x 32 = 2252 run-eps/s)
epoch   7500  train 1.5283e-07  test med 1.2378e+01 mean 1.0659e+01 max 2.5469e+01  (70.4 eps/s x 32 = 2253 run-eps/s)
epoch   7600  train 1.5247e-07  test med 1.2118e+01 mean 1.0606e+01 max 2.5424e+01  (70.4 eps/s x 32 = 2253 run-eps/s)
epoch   7700  train 1.5213e-07  test med 1.1849e+01 mean 1.0553e+01 max 2.5380e+01  (70.4 eps/s x 32 = 2253 run-eps/s)
epoch   7800  train 1.5183e-07  test med 1.1571e+01 mean 1.0499e+01 max 2.5336e+01  (70.4 eps/s x 32 = 2253 run-eps/s)
epoch   7900  train 1.5152e-07  test med 1.1281e+01 mean 1.0445e+01 max 2.5292e+01  (70.4 eps/s x 32 = 2254 run-eps/s)
epoch   8000  train 1.5123e-07  test med 1.0980e+01 mean 1.0389e+01 max 2.5249e+01  (70.4 eps/s x 32 = 2254 run-eps/s)
epoch   8100  train 1.5094e-07  test med 1.0671e+01 mean 1.0332e+01 max 2.5206e+01  (70.4 eps/s x 32 = 2254 run-eps/s)
epoch   8200  train 1.5067e-07  test med 1.0349e+01 mean 1.0275e+01 max 2.5164e+01  (70.4 eps/s x 32 = 2254 run-eps/s)
epoch   8300  train 1.5039e-07  test med 1.0017e+01 mean 1.0217e+01 max 2.5122e+01  (70.5 eps/s x 32 = 2255 run-eps/s)
epoch   8400  train 1.5011e-07  test med 9.6698e+00 mean 1.0157e+01 max 2.5081e+01  (70.5 eps/s x 32 = 2255 run-eps/s)
epoch   8500  train 1.4984e-07  test med 9.3109e+00 mean 1.0097e+01 max 2.5040e+01  (70.5 eps/s x 32 = 2255 run-eps/s)
epoch   8600  train 1.4958e-07  test med 8.9378e+00 mean 1.0036e+01 max 2.4999e+01  (70.5 eps/s x 32 = 2255 run-eps/s)
epoch   8700  train 1.4932e-07  test med 8.5466e+00 mean 9.9727e+00 max 2.4959e+01  (70.5 eps/s x 32 = 2255 run-eps/s)
epoch   8800  train 1.4907e-07  test med 8.1391e+00 mean 9.9086e+00 max 2.4919e+01  (70.5 eps/s x 32 = 2256 run-eps/s)
epoch   8900  train 1.4880e-07  test med 7.7126e+00 mean 9.8431e+00 max 2.4880e+01  (70.5 eps/s x 32 = 2256 run-eps/s)
epoch   9000  train 1.4854e-07  test med 7.2669e+00 mean 9.7762e+00 max 2.4841e+01  (70.5 eps/s x 32 = 2256 run-eps/s)
epoch   9100  train 1.4827e-07  test med 6.7940e+00 mean 9.7074e+00 max 2.4802e+01  (70.5 eps/s x 32 = 2256 run-eps/s)
epoch   9200  train 1.4800e-07  test med 6.2986e+00 mean 9.6372e+00 max 2.4764e+01  (70.5 eps/s x 32 = 2256 run-eps/s)
epoch   9300  train 1.4772e-07  test med 5.7750e+00 mean 9.5651e+00 max 2.4726e+01  (70.5 eps/s x 32 = 2256 run-eps/s)
epoch   9400  train 1.4743e-07  test med 5.2288e+00 mean 9.4916e+00 max 2.4688e+01  (70.5 eps/s x 32 = 2257 run-eps/s)
epoch   9500  train 1.4712e-07  test med 4.6568e+00 mean 9.4163e+00 max 2.4650e+01  (70.5 eps/s x 32 = 2257 run-eps/s)
epoch   9600  train 1.4677e-07  test med 4.0607e+00 mean 9.3393e+00 max 2.4614e+01  (70.5 eps/s x 32 = 2257 run-eps/s)
epoch   9700  train 1.4640e-07  test med 3.4487e+00 mean 9.2611e+00 max 2.4580e+01  (70.5 eps/s x 32 = 2257 run-eps/s)
epoch   9800  train 1.4601e-07  test med 2.8498e+00 mean 9.1839e+00 max 2.4545e+01  (70.5 eps/s x 32 = 2257 run-eps/s)
epoch   9900  train 1.4561e-07  test med 2.2906e+00 mean 9.1091e+00 max 2.4511e+01  (70.5 eps/s x 32 = 2257 run-eps/s)
epoch  10000  train 1.4517e-07  test med 1.7891e+00 mean 9.0379e+00 max 2.4478e+01  (70.6 eps/s x 32 = 2258 run-eps/s)
epoch  10100  train 1.4475e-07  test med 1.3652e+00 mean 8.9717e+00 max 2.4445e+01  (70.6 eps/s x 32 = 2258 run-eps/s)
epoch  10200  train 1.4436e-07  test med 1.0376e+00 mean 8.9115e+00 max 2.4413e+01  (70.6 eps/s x 32 = 2258 run-eps/s)
epoch  10300  train 1.4401e-07  test med 7.9360e-01 mean 8.8566e+00 max 2.4380e+01  (70.6 eps/s x 32 = 2258 run-eps/s)
epoch  10400  train 1.4369e-07  test med 6.0933e-01 mean 8.8054e+00 max 2.4348e+01  (70.6 eps/s x 32 = 2258 run-eps/s)
epoch  10500  train 1.4341e-07  test med 4.6833e-01 mean 8.7569e+00 max 2.4316e+01  (70.6 eps/s x 32 = 2258 run-eps/s)
epoch  10600  train 1.4314e-07  test med 3.5847e-01 mean 8.7103e+00 max 2.4284e+01  (70.6 eps/s x 32 = 2258 run-eps/s)
epoch  10700  train 1.4289e-07  test med 2.7241e-01 mean 8.6653e+00 max 2.4253e+01  (70.6 eps/s x 32 = 2259 run-eps/s)
epoch  10800  train 1.4264e-07  test med 2.0615e-01 mean 8.6215e+00 max 2.4222e+01  (70.6 eps/s x 32 = 2259 run-eps/s)
epoch  10900  train 1.4241e-07  test med 1.5497e-01 mean 8.5786e+00 max 2.4191e+01  (70.6 eps/s x 32 = 2259 run-eps/s)
epoch  11000  train 1.4219e-07  test med 1.1507e-01 mean 8.5365e+00 max 2.4162e+01  (70.6 eps/s x 32 = 2259 run-eps/s)
epoch  11100  train 1.4197e-07  test med 8.4684e-02 mean 8.4948e+00 max 2.4132e+01  (70.6 eps/s x 32 = 2259 run-eps/s)
epoch  11200  train 1.4175e-07  test med 6.1823e-02 mean 8.4536e+00 max 2.4103e+01  (70.6 eps/s x 32 = 2259 run-eps/s)
epoch  11300  train 1.4154e-07  test med 4.4724e-02 mean 8.4129e+00 max 2.4073e+01  (70.6 eps/s x 32 = 2259 run-eps/s)
epoch  11400  train 1.4132e-07  test med 3.2149e-02 mean 8.3724e+00 max 2.4043e+01  (70.6 eps/s x 32 = 2260 run-eps/s)
epoch  11500  train 1.4113e-07  test med 2.3154e-02 mean 8.3324e+00 max 2.4014e+01  (70.6 eps/s x 32 = 2260 run-eps/s)
epoch  11600  train 1.4088e-07  test med 1.6722e-02 mean 8.2926e+00 max 2.3985e+01  (70.6 eps/s x 32 = 2260 run-eps/s)
epoch  11700  train 1.4068e-07  test med 1.2119e-02 mean 8.2529e+00 max 2.3956e+01  (70.6 eps/s x 32 = 2260 run-eps/s)
epoch  11800  train 1.4046e-07  test med 8.7442e-03 mean 8.2135e+00 max 2.3927e+01  (70.6 eps/s x 32 = 2260 run-eps/s)
epoch  11900  train 1.4027e-07  test med 6.2333e-03 mean 8.1743e+00 max 2.3898e+01  (70.6 eps/s x 32 = 2260 run-eps/s)
epoch  12000  train 1.4008e-07  test med 4.3651e-03 mean 8.1353e+00 max 2.3870e+01  (70.6 eps/s x 32 = 2260 run-eps/s)
epoch  12100  train 1.3988e-07  test med 3.0642e-03 mean 8.0966e+00 max 2.3842e+01  (70.6 eps/s x 32 = 2260 run-eps/s)
epoch  12200  train 1.3972e-07  test med 2.1487e-03 mean 8.0583e+00 max 2.3814e+01  (70.6 eps/s x 32 = 2260 run-eps/s)
epoch  12300  train 1.3953e-07  test med 1.5269e-03 mean 8.0205e+00 max 2.3786e+01  (70.6 eps/s x 32 = 2261 run-eps/s)
epoch  12400  train 1.3939e-07  test med 1.0987e-03 mean 7.9833e+00 max 2.3759e+01  (70.6 eps/s x 32 = 2261 run-eps/s)
epoch  12500  train 1.3923e-07  test med 8.0939e-04 mean 7.9468e+00 max 2.3732e+01  (70.6 eps/s x 32 = 2261 run-eps/s)
epoch  12600  train 1.3910e-07  test med 6.0466e-04 mean 7.9107e+00 max 2.3705e+01  (70.7 eps/s x 32 = 2261 run-eps/s)
epoch  12700  train 1.3895e-07  test med 4.4914e-04 mean 7.8754e+00 max 2.3678e+01  (70.7 eps/s x 32 = 2261 run-eps/s)
epoch  12800  train 1.3882e-07  test med 3.2119e-04 mean 7.8406e+00 max 2.3652e+01  (70.7 eps/s x 32 = 2261 run-eps/s)
epoch  12900  train 1.3869e-07  test med 2.2030e-04 mean 7.8065e+00 max 2.3626e+01  (70.7 eps/s x 32 = 2261 run-eps/s)
epoch  13000  train 1.3857e-07  test med 1.5100e-04 mean 7.7729e+00 max 2.3600e+01  (70.7 eps/s x 32 = 2261 run-eps/s)
epoch  13100  train 1.3847e-07  test med 1.1165e-04 mean 7.7401e+00 max 2.3574e+01  (70.7 eps/s x 32 = 2261 run-eps/s)
epoch  13200  train 1.3834e-07  test med 9.1816e-05 mean 7.7078e+00 max 2.3549e+01  (70.7 eps/s x 32 = 2261 run-eps/s)
epoch  13300  train 1.3824e-07  test med 8.2120e-05 mean 7.6760e+00 max 2.3523e+01  (70.7 eps/s x 32 = 2262 run-eps/s)
epoch  13400  train 1.3814e-07  test med 7.6879e-05 mean 7.6449e+00 max 2.3498e+01  (70.7 eps/s x 32 = 2262 run-eps/s)
epoch  13500  train 1.3803e-07  test med 7.4129e-05 mean 7.6141e+00 max 2.3473e+01  (70.7 eps/s x 32 = 2262 run-eps/s)
epoch  13600  train 1.3795e-07  test med 7.2139e-05 mean 7.5841e+00 max 2.3449e+01  (70.7 eps/s x 32 = 2262 run-eps/s)
epoch  13700  train 1.3781e-07  test med 7.1052e-05 mean 7.5545e+00 max 2.3424e+01  (70.7 eps/s x 32 = 2262 run-eps/s)
epoch  13800  train 1.3772e-07  test med 7.0693e-05 mean 7.5255e+00 max 2.3400e+01  (70.7 eps/s x 32 = 2262 run-eps/s)
epoch  13900  train 1.3760e-07  test med 7.0216e-05 mean 7.4968e+00 max 2.3376e+01  (70.7 eps/s x 32 = 2262 run-eps/s)
epoch  14000  train 1.3750e-07  test med 7.0124e-05 mean 7.4687e+00 max 2.3352e+01  (70.7 eps/s x 32 = 2262 run-eps/s)
epoch  14100  train 1.3739e-07  test med 6.9990e-05 mean 7.4409e+00 max 2.3329e+01  (70.7 eps/s x 32 = 2262 run-eps/s)
epoch  14200  train 1.3730e-07  test med 6.9821e-05 mean 7.4135e+00 max 2.3306e+01  (70.7 eps/s x 32 = 2262 run-eps/s)
epoch  14300  train 1.3720e-07  test med 6.9632e-05 mean 7.3864e+00 max 2.3282e+01  (70.7 eps/s x 32 = 2262 run-eps/s)
epoch  14400  train 1.3710e-07  test med 6.9440e-05 mean 7.3597e+00 max 2.3260e+01  (70.7 eps/s x 32 = 2262 run-eps/s)
epoch  14500  train 1.3701e-07  test med 6.9105e-05 mean 7.3334e+00 max 2.3237e+01  (70.7 eps/s x 32 = 2263 run-eps/s)
epoch  14600  train 1.3690e-07  test med 6.8858e-05 mean 7.3073e+00 max 2.3214e+01  (70.7 eps/s x 32 = 2263 run-eps/s)
epoch  14700  train 1.3681e-07  test med 6.8661e-05 mean 7.2814e+00 max 2.3191e+01  (70.7 eps/s x 32 = 2263 run-eps/s)
epoch  14800  train 1.3672e-07  test med 6.8449e-05 mean 7.2557e+00 max 2.3167e+01  (70.7 eps/s x 32 = 2263 run-eps/s)
epoch  14900  train 1.3663e-07  test med 6.8049e-05 mean 7.2301e+00 max 2.3144e+01  (70.7 eps/s x 32 = 2263 run-eps/s)
epoch  15000  train 1.3657e-07  test med 6.8039e-05 mean 7.2046e+00 max 2.3121e+01  (70.7 eps/s x 32 = 2263 run-eps/s)
epoch  15100  train 1.3645e-07  test med 6.7749e-05 mean 7.1790e+00 max 2.3098e+01  (70.7 eps/s x 32 = 2263 run-eps/s)
epoch  15200  train 1.3637e-07  test med 6.7591e-05 mean 7.1535e+00 max 2.3075e+01  (70.7 eps/s x 32 = 2263 run-eps/s)
epoch  15300  train 1.3626e-07  test med 6.7541e-05 mean 7.1278e+00 max 2.3052e+01  (70.7 eps/s x 32 = 2263 run-eps/s)
epoch  15400  train 1.3617e-07  test med 6.7525e-05 mean 7.1021e+00 max 2.3029e+01  (70.7 eps/s x 32 = 2263 run-eps/s)
epoch  15500  train 1.3610e-07  test med 6.7041e-05 mean 7.0764e+00 max 2.3007e+01  (70.7 eps/s x 32 = 2263 run-eps/s)
epoch  15600  train 1.3600e-07  test med 6.7101e-05 mean 7.0505e+00 max 2.2984e+01  (70.7 eps/s x 32 = 2263 run-eps/s)
epoch  15700  train 1.3591e-07  test med 6.6554e-05 mean 7.0246e+00 max 2.2962e+01  (70.7 eps/s x 32 = 2263 run-eps/s)
epoch  15800  train 1.3583e-07  test med 6.6109e-05 mean 6.9986e+00 max 2.2940e+01  (70.7 eps/s x 32 = 2263 run-eps/s)
epoch  15900  train 1.3574e-07  test med 6.6172e-05 mean 6.9727e+00 max 2.2918e+01  (70.7 eps/s x 32 = 2263 run-eps/s)
epoch  16000  train 1.3565e-07  test med 6.3537e-05 mean 6.9469e+00 max 2.2896e+01  (70.7 eps/s x 32 = 2264 run-eps/s)
epoch  16100  train 1.3557e-07  test med 4.5160e-05 mean 6.9211e+00 max 2.2874e+01  (70.7 eps/s x 32 = 2264 run-eps/s)
epoch  16200  train 1.3548e-07  test med 3.1760e-05 mean 6.8954e+00 max 2.2852e+01  (70.7 eps/s x 32 = 2264 run-eps/s)
epoch  16300  train 1.3542e-07  test med 2.2102e-05 mean 6.8699e+00 max 2.2830e+01  (70.7 eps/s x 32 = 2264 run-eps/s)
epoch  16400  train 1.3532e-07  test med 1.5896e-05 mean 6.8445e+00 max 2.2808e+01  (70.7 eps/s x 32 = 2264 run-eps/s)
epoch  16500  train 1.3525e-07  test med 1.1693e-05 mean 6.8190e+00 max 2.2786e+01  (70.7 eps/s x 32 = 2264 run-eps/s)
epoch  16600  train 1.3518e-07  test med 8.9618e-06 mean 6.7936e+00 max 2.2764e+01  (70.7 eps/s x 32 = 2264 run-eps/s)
epoch  16700  train 1.3510e-07  test med 6.9844e-06 mean 6.7681e+00 max 2.2743e+01  (70.7 eps/s x 32 = 2264 run-eps/s)
epoch  16800  train 1.3503e-07  test med 5.5664e-06 mean 6.7426e+00 max 2.2722e+01  (70.8 eps/s x 32 = 2264 run-eps/s)
epoch  16900  train 1.3498e-07  test med 4.5340e-06 mean 6.7170e+00 max 2.2700e+01  (70.8 eps/s x 32 = 2264 run-eps/s)
epoch  17000  train 1.3489e-07  test med 3.8052e-06 mean 6.6912e+00 max 2.2679e+01  (70.8 eps/s x 32 = 2264 run-eps/s)
epoch  17100  train 1.3482e-07  test med 3.2624e-06 mean 6.6651e+00 max 2.2658e+01  (70.8 eps/s x 32 = 2264 run-eps/s)
epoch  17200  train 1.3476e-07  test med 2.9794e-06 mean 6.6387e+00 max 2.2636e+01  (70.8 eps/s x 32 = 2264 run-eps/s)
epoch  17300  train 1.3470e-07  test med 2.8258e-06 mean 6.6121e+00 max 2.2615e+01  (70.8 eps/s x 32 = 2264 run-eps/s)
epoch  17400  train 1.3464e-07  test med 2.8261e-06 mean 6.5852e+00 max 2.2593e+01  (70.8 eps/s x 32 = 2264 run-eps/s)
epoch  17500  train 1.3457e-07  test med 2.8271e-06 mean 6.5579e+00 max 2.2572e+01  (70.8 eps/s x 32 = 2264 run-eps/s)
epoch  17600  train 1.3451e-07  test med 2.8209e-06 mean 6.5303e+00 max 2.2550e+01  (70.8 eps/s x 32 = 2264 run-eps/s)
epoch  17700  train 1.3444e-07  test med 2.8103e-06 mean 6.5024e+00 max 2.2529e+01  (70.8 eps/s x 32 = 2264 run-eps/s)
epoch  17800  train 1.3438e-07  test med 2.8033e-06 mean 6.4741e+00 max 2.2508e+01  (70.8 eps/s x 32 = 2264 run-eps/s)
epoch  17900  train 1.3435e-07  test med 2.7973e-06 mean 6.4453e+00 max 2.2487e+01  (70.8 eps/s x 32 = 2264 run-eps/s)
epoch  18000  train 1.3425e-07  test med 2.7932e-06 mean 6.4161e+00 max 2.2466e+01  (70.8 eps/s x 32 = 2265 run-eps/s)
epoch  18100  train 1.3422e-07  test med 2.7869e-06 mean 6.3865e+00 max 2.2445e+01  (70.8 eps/s x 32 = 2265 run-eps/s)
epoch  18200  train 1.3414e-07  test med 2.7798e-06 mean 6.3565e+00 max 2.2423e+01  (70.8 eps/s x 32 = 2265 run-eps/s)
epoch  18300  train 1.3409e-07  test med 2.7788e-06 mean 6.3259e+00 max 2.2401e+01  (70.8 eps/s x 32 = 2265 run-eps/s)
epoch  18400  train 1.3400e-07  test med 2.7810e-06 mean 6.2950e+00 max 2.2380e+01  (70.8 eps/s x 32 = 2265 run-eps/s)
epoch  18500  train 1.3394e-07  test med 2.7841e-06 mean 6.2636e+00 max 2.2359e+01  (70.8 eps/s x 32 = 2265 run-eps/s)
epoch  18600  train 1.3386e-07  test med 2.7849e-06 mean 6.2318e+00 max 2.2337e+01  (70.8 eps/s x 32 = 2265 run-eps/s)
epoch  18700  train 1.3380e-07  test med 2.7834e-06 mean 6.1993e+00 max 2.2316e+01  (70.8 eps/s x 32 = 2265 run-eps/s)
epoch  18800  train 1.3371e-07  test med 2.7864e-06 mean 6.1662e+00 max 2.2295e+01  (70.8 eps/s x 32 = 2265 run-eps/s)
epoch  18900  train 1.3365e-07  test med 2.7877e-06 mean 6.1327e+00 max 2.2275e+01  (70.8 eps/s x 32 = 2265 run-eps/s)
epoch  19000  train 1.3356e-07  test med 2.7890e-06 mean 6.0985e+00 max 2.2254e+01  (70.8 eps/s x 32 = 2265 run-eps/s)
epoch  19100  train 1.3349e-07  test med 2.7915e-06 mean 6.0639e+00 max 2.2233e+01  (70.8 eps/s x 32 = 2265 run-eps/s)
epoch  19200  train 1.3343e-07  test med 2.7936e-06 mean 6.0288e+00 max 2.2213e+01  (70.8 eps/s x 32 = 2265 run-eps/s)
epoch  19300  train 1.3339e-07  test med 2.7939e-06 mean 5.9933e+00 max 2.2192e+01  (70.8 eps/s x 32 = 2265 run-eps/s)
epoch  19400  train 1.3328e-07  test med 2.7961e-06 mean 5.9575e+00 max 2.2171e+01  (70.8 eps/s x 32 = 2265 run-eps/s)
epoch  19500  train 1.3319e-07  test med 2.7962e-06 mean 5.9213e+00 max 2.2151e+01  (70.8 eps/s x 32 = 2265 run-eps/s)
epoch  19600  train 1.3314e-07  test med 2.7983e-06 mean 5.8847e+00 max 2.2130e+01  (70.8 eps/s x 32 = 2265 run-eps/s)
epoch  19700  train 1.3311e-07  test med 2.7962e-06 mean 5.8476e+00 max 2.2109e+01  (70.8 eps/s x 32 = 2265 run-eps/s)
epoch  19800  train 1.3300e-07  test med 2.7963e-06 mean 5.8102e+00 max 2.2089e+01  (70.8 eps/s x 32 = 2265 run-eps/s)
epoch  19900  train 1.3295e-07  test med 2.7981e-06 mean 5.7724e+00 max 2.2068e+01  (70.8 eps/s x 32 = 2265 run-eps/s)
epoch  20000  train 1.3290e-07  test med 2.7960e-06 mean 5.7345e+00 max 2.2048e+01  (70.8 eps/s x 32 = 2265 run-eps/s)
epoch  20100  train 1.3280e-07  test med 2.4549e-06 mean 5.6965e+00 max 2.2028e+01  (70.8 eps/s x 32 = 2265 run-eps/s)
epoch  20200  train 1.3272e-07  test med 2.3293e-06 mean 5.6583e+00 max 2.2007e+01  (70.8 eps/s x 32 = 2265 run-eps/s)
epoch  20300  train 1.3265e-07  test med 2.2160e-06 mean 5.6201e+00 max 2.1987e+01  (70.8 eps/s x 32 = 2265 run-eps/s)
epoch  20400  train 1.3255e-07  test med 2.1321e-06 mean 5.5820e+00 max 2.1966e+01  (70.8 eps/s x 32 = 2265 run-eps/s)
epoch  20500  train 1.3246e-07  test med 2.0255e-06 mean 5.5441e+00 max 2.1946e+01  (70.8 eps/s x 32 = 2265 run-eps/s)
epoch  20600  train 1.3238e-07  test med 1.9194e-06 mean 5.5067e+00 max 2.1925e+01  (70.8 eps/s x 32 = 2265 run-eps/s)
epoch  20700  train 1.3233e-07  test med 1.8704e-06 mean 5.4697e+00 max 2.1905e+01  (70.8 eps/s x 32 = 2265 run-eps/s)
epoch  20800  train 1.3222e-07  test med 1.8378e-06 mean 5.4334e+00 max 2.1884e+01  (70.8 eps/s x 32 = 2266 run-eps/s)
epoch  20900  train 1.3215e-07  test med 1.8144e-06 mean 5.3976e+00 max 2.1864e+01  (70.8 eps/s x 32 = 2266 run-eps/s)
epoch  21000  train 1.3206e-07  test med 1.8048e-06 mean 5.3626e+00 max 2.1843e+01  (70.8 eps/s x 32 = 2266 run-eps/s)
epoch  21100  train 1.3197e-07  test med 1.8048e-06 mean 5.3285e+00 max 2.1822e+01  (70.8 eps/s x 32 = 2266 run-eps/s)
epoch  21200  train 1.3189e-07  test med 1.7999e-06 mean 5.2952e+00 max 2.1801e+01  (70.8 eps/s x 32 = 2266 run-eps/s)
epoch  21300  train 1.3181e-07  test med 1.7964e-06 mean 5.2629e+00 max 2.1781e+01  (70.8 eps/s x 32 = 2266 run-eps/s)
epoch  21400  train 1.3170e-07  test med 1.7941e-06 mean 5.2318e+00 max 2.1760e+01  (70.8 eps/s x 32 = 2266 run-eps/s)
epoch  21500  train 1.3163e-07  test med 1.7853e-06 mean 5.2018e+00 max 2.1740e+01  (70.8 eps/s x 32 = 2266 run-eps/s)
epoch  21600  train 1.3151e-07  test med 1.7803e-06 mean 5.1731e+00 max 2.1719e+01  (70.8 eps/s x 32 = 2266 run-eps/s)
epoch  21700  train 1.3144e-07  test med 1.7819e-06 mean 5.1456e+00 max 2.1698e+01  (70.8 eps/s x 32 = 2266 run-eps/s)
epoch  21800  train 1.3136e-07  test med 1.7780e-06 mean 5.1193e+00 max 2.1677e+01  (70.8 eps/s x 32 = 2266 run-eps/s)
epoch  21900  train 1.3129e-07  test med 1.7749e-06 mean 5.0943e+00 max 2.1661e+01  (70.8 eps/s x 32 = 2266 run-eps/s)
epoch  22000  train 1.3123e-07  test med 1.7687e-06 mean 5.0704e+00 max 2.1648e+01  (70.8 eps/s x 32 = 2266 run-eps/s)
epoch  22100  train 1.3111e-07  test med 1.7601e-06 mean 5.0477e+00 max 2.1636e+01  (70.8 eps/s x 32 = 2266 run-eps/s)
epoch  22200  train 1.3102e-07  test med 1.7489e-06 mean 5.0260e+00 max 2.1623e+01  (70.8 eps/s x 32 = 2266 run-eps/s)
epoch  22300  train 1.3093e-07  test med 1.7431e-06 mean 5.0051e+00 max 2.1610e+01  (70.8 eps/s x 32 = 2266 run-eps/s)
epoch  22400  train 1.3088e-07  test med 1.7358e-06 mean 4.9850e+00 max 2.1597e+01  (70.8 eps/s x 32 = 2266 run-eps/s)
epoch  22500  train 1.3079e-07  test med 1.7328e-06 mean 4.9655e+00 max 2.1585e+01  (70.8 eps/s x 32 = 2266 run-eps/s)
epoch  22600  train 1.3076e-07  test med 1.7299e-06 mean 4.9466e+00 max 2.1572e+01  (70.8 eps/s x 32 = 2266 run-eps/s)
epoch  22700  train 1.3064e-07  test med 1.7276e-06 mean 4.9280e+00 max 2.1559e+01  (70.8 eps/s x 32 = 2266 run-eps/s)
epoch  22800  train 1.3057e-07  test med 1.7261e-06 mean 4.9097e+00 max 2.1546e+01  (70.8 eps/s x 32 = 2266 run-eps/s)
epoch  22900  train 1.3054e-07  test med 1.7212e-06 mean 4.8916e+00 max 2.1533e+01  (70.8 eps/s x 32 = 2266 run-eps/s)
epoch  23000  train 1.3042e-07  test med 1.7217e-06 mean 4.8738e+00 max 2.1520e+01  (70.8 eps/s x 32 = 2266 run-eps/s)
epoch  23100  train 1.3035e-07  test med 1.7184e-06 mean 4.8559e+00 max 2.1507e+01  (70.8 eps/s x 32 = 2266 run-eps/s)
epoch  23200  train 1.3045e-07  test med 1.7150e-06 mean 4.8382e+00 max 2.1495e+01  (70.8 eps/s x 32 = 2266 run-eps/s)
epoch  23300  train 1.3024e-07  test med 1.7125e-06 mean 4.8204e+00 max 2.1483e+01  (70.8 eps/s x 32 = 2266 run-eps/s)
epoch  23400  train 1.3018e-07  test med 1.7167e-06 mean 4.8024e+00 max 2.1470e+01  (70.8 eps/s x 32 = 2266 run-eps/s)
epoch  23500  train 1.3012e-07  test med 1.7226e-06 mean 4.7843e+00 max 2.1458e+01  (70.8 eps/s x 32 = 2266 run-eps/s)
epoch  23600  train 1.3006e-07  test med 1.7252e-06 mean 4.7659e+00 max 2.1445e+01  (70.8 eps/s x 32 = 2266 run-eps/s)
epoch  23700  train 1.3001e-07  test med 1.7243e-06 mean 4.7472e+00 max 2.1433e+01  (70.8 eps/s x 32 = 2266 run-eps/s)
epoch  23800  train 1.2994e-07  test med 1.7230e-06 mean 4.7284e+00 max 2.1421e+01  (70.8 eps/s x 32 = 2266 run-eps/s)
epoch  23900  train 1.2986e-07  test med 1.7224e-06 mean 4.7091e+00 max 2.1408e+01  (70.8 eps/s x 32 = 2266 run-eps/s)
epoch  24000  train 1.2983e-07  test med 1.7196e-06 mean 4.6896e+00 max 2.1396e+01  (70.8 eps/s x 32 = 2266 run-eps/s)
epoch  24100  train 1.2981e-07  test med 1.7203e-06 mean 4.6699e+00 max 2.1383e+01  (70.8 eps/s x 32 = 2266 run-eps/s)
epoch  24200  train 1.2973e-07  test med 1.7219e-06 mean 4.6498e+00 max 2.1371e+01  (70.8 eps/s x 32 = 2266 run-eps/s)
epoch  24300  train 1.2968e-07  test med 1.7199e-06 mean 4.6293e+00 max 2.1359e+01  (70.8 eps/s x 32 = 2266 run-eps/s)
epoch  24400  train 1.2963e-07  test med 1.7208e-06 mean 4.6086e+00 max 2.1346e+01  (70.8 eps/s x 32 = 2266 run-eps/s)
epoch  24500  train 1.2960e-07  test med 1.7206e-06 mean 4.5874e+00 max 2.1334e+01  (70.8 eps/s x 32 = 2266 run-eps/s)
epoch  24600  train 1.2950e-07  test med 1.7209e-06 mean 4.5657e+00 max 2.1322e+01  (70.8 eps/s x 32 = 2266 run-eps/s)
epoch  24700  train 1.2946e-07  test med 1.7198e-06 mean 4.5437e+00 max 2.1310e+01  (70.8 eps/s x 32 = 2266 run-eps/s)
epoch  24800  train 1.2941e-07  test med 1.7214e-06 mean 4.5213e+00 max 2.1298e+01  (70.8 eps/s x 32 = 2266 run-eps/s)
epoch  24900  train 1.2935e-07  test med 1.7178e-06 mean 4.4987e+00 max 2.1285e+01  (70.8 eps/s x 32 = 2266 run-eps/s)
epoch  25000  train 1.2935e-07  test med 1.7165e-06 mean 4.4757e+00 max 2.1273e+01  (70.8 eps/s x 32 = 2267 run-eps/s)
epoch  25100  train 1.2932e-07  test med 1.7279e-06 mean 4.4525e+00 max 2.1261e+01  (70.8 eps/s x 32 = 2266 run-eps/s)
epoch  25200  train 1.2925e-07  test med 1.7218e-06 mean 4.4291e+00 max 2.1249e+01  (70.8 eps/s x 32 = 2266 run-eps/s)
epoch  25300  train 1.2917e-07  test med 1.7120e-06 mean 4.4053e+00 max 2.1236e+01  (70.8 eps/s x 32 = 2266 run-eps/s)
epoch  25400  train 1.2908e-07  test med 1.7163e-06 mean 4.3815e+00 max 2.1224e+01  (70.8 eps/s x 32 = 2266 run-eps/s)
epoch  25500  train 1.2906e-07  test med 1.7121e-06 mean 4.3575e+00 max 2.1212e+01  (70.8 eps/s x 32 = 2266 run-eps/s)
epoch  25600  train 1.2900e-07  test med 1.7134e-06 mean 4.3334e+00 max 2.1199e+01  (70.8 eps/s x 32 = 2266 run-eps/s)
epoch  25700  train 1.2897e-07  test med 1.7117e-06 mean 4.3093e+00 max 2.1187e+01  (70.8 eps/s x 32 = 2266 run-eps/s)
epoch  25800  train 1.2889e-07  test med 1.7106e-06 mean 4.2855e+00 max 2.1175e+01  (70.8 eps/s x 32 = 2267 run-eps/s)
epoch  25900  train 1.2887e-07  test med 1.6996e-06 mean 4.2618e+00 max 2.1162e+01  (70.8 eps/s x 32 = 2267 run-eps/s)
epoch  26000  train 1.2880e-07  test med 1.6980e-06 mean 4.2385e+00 max 2.1150e+01  (70.8 eps/s x 32 = 2267 run-eps/s)
epoch  26100  train 1.2880e-07  test med 1.6979e-06 mean 4.2155e+00 max 2.1138e+01  (70.8 eps/s x 32 = 2267 run-eps/s)
epoch  26200  train 1.2869e-07  test med 1.6945e-06 mean 4.1931e+00 max 2.1125e+01  (70.8 eps/s x 32 = 2267 run-eps/s)
epoch  26300  train 1.2868e-07  test med 1.6947e-06 mean 4.1713e+00 max 2.1112e+01  (70.8 eps/s x 32 = 2267 run-eps/s)
epoch  26400  train 1.2861e-07  test med 1.6933e-06 mean 4.1501e+00 max 2.1100e+01  (70.8 eps/s x 32 = 2267 run-eps/s)
epoch  26500  train 1.2856e-07  test med 1.6969e-06 mean 4.1297e+00 max 2.1087e+01  (70.8 eps/s x 32 = 2267 run-eps/s)
epoch  26600  train 1.2850e-07  test med 1.6989e-06 mean 4.1100e+00 max 2.1075e+01  (70.8 eps/s x 32 = 2267 run-eps/s)
epoch  26700  train 1.2846e-07  test med 1.6913e-06 mean 4.0910e+00 max 2.1063e+01  (70.8 eps/s x 32 = 2267 run-eps/s)
epoch  26800  train 1.2840e-07  test med 1.6886e-06 mean 4.0727e+00 max 2.1051e+01  (70.8 eps/s x 32 = 2267 run-eps/s)
epoch  26900  train 1.2836e-07  test med 1.6861e-06 mean 4.0551e+00 max 2.1039e+01  (70.8 eps/s x 32 = 2267 run-eps/s)
epoch  27000  train 1.2832e-07  test med 1.6813e-06 mean 4.0379e+00 max 2.1027e+01  (70.8 eps/s x 32 = 2267 run-eps/s)
epoch  27100  train 1.2830e-07  test med 1.6843e-06 mean 4.0213e+00 max 2.1016e+01  (70.8 eps/s x 32 = 2267 run-eps/s)
epoch  27200  train 1.2824e-07  test med 1.5473e-06 mean 4.0051e+00 max 2.1004e+01  (70.8 eps/s x 32 = 2267 run-eps/s)
epoch  27300  train 1.2820e-07  test med 1.4083e-06 mean 3.9891e+00 max 2.0993e+01  (70.8 eps/s x 32 = 2267 run-eps/s)
epoch  27400  train 1.2819e-07  test med 1.2898e-06 mean 3.9735e+00 max 2.0981e+01  (70.8 eps/s x 32 = 2267 run-eps/s)
epoch  27500  train 1.2814e-07  test med 1.1922e-06 mean 3.9581e+00 max 2.0969e+01  (70.8 eps/s x 32 = 2267 run-eps/s)
epoch  27600  train 1.2811e-07  test med 1.1098e-06 mean 3.9429e+00 max 2.0957e+01  (70.8 eps/s x 32 = 2267 run-eps/s)
epoch  27700  train 1.2808e-07  test med 1.0401e-06 mean 3.9278e+00 max 2.0945e+01  (70.8 eps/s x 32 = 2267 run-eps/s)
epoch  27800  train 1.2802e-07  test med 1.0149e-06 mean 3.9128e+00 max 2.0934e+01  (70.8 eps/s x 32 = 2267 run-eps/s)
epoch  27900  train 1.2803e-07  test med 1.0084e-06 mean 3.8980e+00 max 2.0923e+01  (70.8 eps/s x 32 = 2267 run-eps/s)
epoch  28000  train 1.2794e-07  test med 1.0189e-06 mean 3.8832e+00 max 2.0912e+01  (70.8 eps/s x 32 = 2267 run-eps/s)
epoch  28100  train 1.2791e-07  test med 1.0195e-06 mean 3.8685e+00 max 2.0900e+01  (70.8 eps/s x 32 = 2267 run-eps/s)
epoch  28200  train 1.2789e-07  test med 1.0138e-06 mean 3.8539e+00 max 2.0889e+01  (70.8 eps/s x 32 = 2267 run-eps/s)
epoch  28300  train 1.2783e-07  test med 1.0156e-06 mean 3.8393e+00 max 2.0878e+01  (70.8 eps/s x 32 = 2267 run-eps/s)
epoch  28400  train 1.2781e-07  test med 1.0129e-06 mean 3.8248e+00 max 2.0867e+01  (70.8 eps/s x 32 = 2267 run-eps/s)
epoch  28500  train 1.2780e-07  test med 1.0223e-06 mean 3.8103e+00 max 2.0855e+01  (70.8 eps/s x 32 = 2267 run-eps/s)
epoch  28600  train 1.2776e-07  test med 1.0097e-06 mean 3.7958e+00 max 2.0845e+01  (70.8 eps/s x 32 = 2267 run-eps/s)
epoch  28700  train 1.2774e-07  test med 1.0114e-06 mean 3.7812e+00 max 2.0833e+01  (70.8 eps/s x 32 = 2267 run-eps/s)
epoch  28800  train 1.2790e-07  test med 1.0077e-06 mean 3.7667e+00 max 2.0822e+01  (70.8 eps/s x 32 = 2267 run-eps/s)
epoch  28900  train 1.2769e-07  test med 1.0124e-06 mean 3.7522e+00 max 2.0811e+01  (70.8 eps/s x 32 = 2267 run-eps/s)
epoch  29000  train 1.2770e-07  test med 1.0114e-06 mean 3.7377e+00 max 2.0800e+01  (70.8 eps/s x 32 = 2267 run-eps/s)
epoch  29100  train 1.2759e-07  test med 1.0138e-06 mean 3.7232e+00 max 2.0789e+01  (70.8 eps/s x 32 = 2267 run-eps/s)
epoch  29200  train 1.2759e-07  test med 1.0164e-06 mean 3.7087e+00 max 2.0778e+01  (70.8 eps/s x 32 = 2267 run-eps/s)
epoch  29300  train 1.2758e-07  test med 1.0219e-06 mean 3.6942e+00 max 2.0767e+01  (70.8 eps/s x 32 = 2267 run-eps/s)
epoch  29400  train 1.2753e-07  test med 1.0205e-06 mean 3.6796e+00 max 2.0756e+01  (70.8 eps/s x 32 = 2267 run-eps/s)
epoch  29500  train 1.2753e-07  test med 1.0095e-06 mean 3.6651e+00 max 2.0745e+01  (70.8 eps/s x 32 = 2267 run-eps/s)
epoch  29600  train 1.2748e-07  test med 1.0192e-06 mean 3.6506e+00 max 2.0734e+01  (70.8 eps/s x 32 = 2267 run-eps/s)
epoch  29700  train 1.2750e-07  test med 1.0147e-06 mean 3.6362e+00 max 2.0723e+01  (70.8 eps/s x 32 = 2267 run-eps/s)
epoch  29800  train 1.2742e-07  test med 1.0167e-06 mean 3.6217e+00 max 2.0712e+01  (70.8 eps/s x 32 = 2267 run-eps/s)
epoch  29900  train 1.2739e-07  test med 1.0199e-06 mean 3.6072e+00 max 2.0701e+01  (70.8 eps/s x 32 = 2267 run-eps/s)
epoch  30000  train 1.2737e-07  test med 1.0219e-06 mean 3.5928e+00 max 2.0690e+01  (70.8 eps/s x 32 = 2267 run-eps/s)
epoch  30100  train 1.2733e-07  test med 1.0224e-06 mean 3.5783e+00 max 2.0678e+01  (70.8 eps/s x 32 = 2267 run-eps/s)
epoch  30200  train 1.2748e-07  test med 1.0400e-06 mean 3.5638e+00 max 2.0667e+01  (70.8 eps/s x 32 = 2267 run-eps/s)
epoch  30300  train 1.2727e-07  test med 1.0107e-06 mean 3.5494e+00 max 2.0656e+01  (70.8 eps/s x 32 = 2267 run-eps/s)
epoch  30400  train 1.2729e-07  test med 1.0198e-06 mean 3.5349e+00 max 2.0645e+01  (70.9 eps/s x 32 = 2267 run-eps/s)
epoch  30500  train 1.2725e-07  test med 1.0084e-06 mean 3.5204e+00 max 2.0633e+01  (70.9 eps/s x 32 = 2267 run-eps/s)
epoch  30600  train 1.2730e-07  test med 1.0386e-06 mean 3.5060e+00 max 2.0622e+01  (70.9 eps/s x 32 = 2267 run-eps/s)
epoch  30700  train 1.2721e-07  test med 1.0052e-06 mean 3.4916e+00 max 2.0611e+01  (70.9 eps/s x 32 = 2267 run-eps/s)
epoch  30800  train 1.2717e-07  test med 1.0165e-06 mean 3.4772e+00 max 2.0599e+01  (70.9 eps/s x 32 = 2267 run-eps/s)
epoch  30900  train 1.2714e-07  test med 1.0095e-06 mean 3.4629e+00 max 2.0588e+01  (70.9 eps/s x 32 = 2267 run-eps/s)
epoch  31000  train 1.2712e-07  test med 1.0192e-06 mean 3.4487e+00 max 2.0577e+01  (70.9 eps/s x 32 = 2267 run-eps/s)
epoch  31100  train 1.2709e-07  test med 1.0099e-06 mean 3.4345e+00 max 2.0565e+01  (70.9 eps/s x 32 = 2267 run-eps/s)
epoch  31200  train 1.2710e-07  test med 1.0104e-06 mean 3.4203e+00 max 2.0554e+01  (70.9 eps/s x 32 = 2267 run-eps/s)
epoch  31300  train 1.2706e-07  test med 1.0104e-06 mean 3.4062e+00 max 2.0544e+01  (70.9 eps/s x 32 = 2267 run-eps/s)
epoch  31400  train 1.2704e-07  test med 1.0129e-06 mean 3.3922e+00 max 2.0533e+01  (70.9 eps/s x 32 = 2267 run-eps/s)
epoch  31500  train 1.2705e-07  test med 1.0138e-06 mean 3.3783e+00 max 2.0522e+01  (70.9 eps/s x 32 = 2267 run-eps/s)
epoch  31600  train 1.2702e-07  test med 1.0094e-06 mean 3.3644e+00 max 2.0511e+01  (70.9 eps/s x 32 = 2267 run-eps/s)
epoch  31700  train 1.2697e-07  test med 1.0217e-06 mean 3.3506e+00 max 2.0501e+01  (70.9 eps/s x 32 = 2267 run-eps/s)
epoch  31800  train 1.2698e-07  test med 1.0103e-06 mean 3.3369e+00 max 2.0490e+01  (70.9 eps/s x 32 = 2267 run-eps/s)
epoch  31900  train 1.2695e-07  test med 1.0149e-06 mean 3.3232e+00 max 2.0479e+01  (70.9 eps/s x 32 = 2267 run-eps/s)
epoch  32000  train 1.2694e-07  test med 1.0139e-06 mean 3.3097e+00 max 2.0468e+01  (70.9 eps/s x 32 = 2267 run-eps/s)
epoch  32100  train 1.2705e-07  test med 1.0225e-06 mean 3.2963e+00 max 2.0457e+01  (70.9 eps/s x 32 = 2267 run-eps/s)
epoch  32200  train 1.2690e-07  test med 1.0093e-06 mean 3.2830e+00 max 2.0446e+01  (70.9 eps/s x 32 = 2267 run-eps/s)
epoch  32300  train 1.2688e-07  test med 1.0099e-06 mean 3.2698e+00 max 2.0435e+01  (70.9 eps/s x 32 = 2268 run-eps/s)
epoch  32400  train 1.2685e-07  test med 1.0154e-06 mean 3.2567e+00 max 2.0424e+01  (70.9 eps/s x 32 = 2268 run-eps/s)
epoch  32500  train 1.2687e-07  test med 1.0291e-06 mean 3.2437e+00 max 2.0413e+01  (70.9 eps/s x 32 = 2268 run-eps/s)
epoch  32600  train 1.2685e-07  test med 1.0175e-06 mean 3.2308e+00 max 2.0402e+01  (70.9 eps/s x 32 = 2268 run-eps/s)
epoch  32700  train 1.2678e-07  test med 1.0208e-06 mean 3.2181e+00 max 2.0391e+01  (70.9 eps/s x 32 = 2268 run-eps/s)
epoch  32800  train 1.2676e-07  test med 1.0116e-06 mean 3.2054e+00 max 2.0379e+01  (70.9 eps/s x 32 = 2268 run-eps/s)
epoch  32900  train 1.2675e-07  test med 1.0195e-06 mean 3.1928e+00 max 2.0368e+01  (70.9 eps/s x 32 = 2268 run-eps/s)
epoch  33000  train 1.2676e-07  test med 1.0114e-06 mean 3.1804e+00 max 2.0357e+01  (70.9 eps/s x 32 = 2268 run-eps/s)
epoch  33100  train 1.2671e-07  test med 1.0168e-06 mean 3.1681e+00 max 2.0345e+01  (70.9 eps/s x 32 = 2268 run-eps/s)
epoch  33200  train 1.2676e-07  test med 1.0122e-06 mean 3.1558e+00 max 2.0334e+01  (70.9 eps/s x 32 = 2268 run-eps/s)
epoch  33300  train 1.2673e-07  test med 1.0219e-06 mean 3.1438e+00 max 2.0323e+01  (70.9 eps/s x 32 = 2268 run-eps/s)
epoch  33400  train 1.2670e-07  test med 1.0166e-06 mean 3.1318e+00 max 2.0312e+01  (70.9 eps/s x 32 = 2268 run-eps/s)
epoch  33500  train 1.2664e-07  test med 1.0231e-06 mean 3.1199e+00 max 2.0302e+01  (70.9 eps/s x 32 = 2268 run-eps/s)
epoch  33600  train 1.2662e-07  test med 1.0116e-06 mean 3.1082e+00 max 2.0291e+01  (70.9 eps/s x 32 = 2268 run-eps/s)
epoch  33700  train 1.2662e-07  test med 1.0102e-06 mean 3.0965e+00 max 2.0280e+01  (70.9 eps/s x 32 = 2268 run-eps/s)
epoch  33800  train 1.2667e-07  test med 1.0160e-06 mean 3.0849e+00 max 2.0269e+01  (70.9 eps/s x 32 = 2268 run-eps/s)
epoch  33900  train 1.2656e-07  test med 9.6328e-07 mean 3.0734e+00 max 2.0259e+01  (70.9 eps/s x 32 = 2268 run-eps/s)
epoch  34000  train 1.2657e-07  test med 9.1863e-07 mean 3.0619e+00 max 2.0248e+01  (70.9 eps/s x 32 = 2268 run-eps/s)
epoch  34100  train 1.2655e-07  test med 8.9309e-07 mean 3.0504e+00 max 2.0237e+01  (70.9 eps/s x 32 = 2268 run-eps/s)
epoch  34200  train 1.2650e-07  test med 8.5527e-07 mean 3.0390e+00 max 2.0226e+01  (70.9 eps/s x 32 = 2268 run-eps/s)
epoch  34300  train 1.2659e-07  test med 8.6706e-07 mean 3.0276e+00 max 2.0215e+01  (70.9 eps/s x 32 = 2268 run-eps/s)
epoch  34400  train 1.2648e-07  test med 8.6337e-07 mean 3.0163e+00 max 2.0204e+01  (70.9 eps/s x 32 = 2268 run-eps/s)
epoch  34500  train 1.2650e-07  test med 8.6281e-07 mean 3.0051e+00 max 2.0193e+01  (70.9 eps/s x 32 = 2268 run-eps/s)
epoch  34600  train 1.2655e-07  test med 8.6444e-07 mean 2.9939e+00 max 2.0182e+01  (70.9 eps/s x 32 = 2268 run-eps/s)
epoch  34700  train 1.2648e-07  test med 8.5950e-07 mean 2.9827e+00 max 2.0171e+01  (70.9 eps/s x 32 = 2268 run-eps/s)
epoch  34800  train 1.2644e-07  test med 8.7093e-07 mean 2.9716e+00 max 2.0160e+01  (70.9 eps/s x 32 = 2268 run-eps/s)
epoch  34900  train 1.2645e-07  test med 8.6058e-07 mean 2.9605e+00 max 2.0150e+01  (70.9 eps/s x 32 = 2268 run-eps/s)
epoch  35000  train 1.2643e-07  test med 8.5960e-07 mean 2.9494e+00 max 2.0139e+01  (70.9 eps/s x 32 = 2268 run-eps/s)
epoch  35100  train 1.2644e-07  test med 8.6970e-07 mean 2.9383e+00 max 2.0127e+01  (70.9 eps/s x 32 = 2268 run-eps/s)
epoch  35200  train 1.2637e-07  test med 8.6259e-07 mean 2.9273e+00 max 2.0117e+01  (70.9 eps/s x 32 = 2268 run-eps/s)
epoch  35300  train 1.2639e-07  test med 8.5584e-07 mean 2.9163e+00 max 2.0106e+01  (70.9 eps/s x 32 = 2268 run-eps/s)
epoch  35400  train 1.2641e-07  test med 8.5871e-07 mean 2.9055e+00 max 2.0096e+01  (70.9 eps/s x 32 = 2268 run-eps/s)
epoch  35500  train 1.2640e-07  test med 8.6153e-07 mean 2.8946e+00 max 2.0085e+01  (70.9 eps/s x 32 = 2268 run-eps/s)
epoch  35600  train 1.2642e-07  test med 8.6457e-07 mean 2.8837e+00 max 2.0075e+01  (70.9 eps/s x 32 = 2268 run-eps/s)
epoch  35700  train 1.2645e-07  test med 8.6421e-07 mean 2.8729e+00 max 2.0064e+01  (70.9 eps/s x 32 = 2268 run-eps/s)
epoch  35800  train 1.2633e-07  test med 8.2832e-07 mean 2.8621e+00 max 2.0053e+01  (70.9 eps/s x 32 = 2268 run-eps/s)
epoch  35900  train 1.2644e-07  test med 7.9790e-07 mean 2.8514e+00 max 2.0043e+01  (70.9 eps/s x 32 = 2268 run-eps/s)
epoch  36000  train 1.2635e-07  test med 7.7078e-07 mean 2.8407e+00 max 2.0032e+01  (70.9 eps/s x 32 = 2268 run-eps/s)
epoch  36100  train 1.2638e-07  test med 7.4967e-07 mean 2.8300e+00 max 2.0022e+01  (70.9 eps/s x 32 = 2268 run-eps/s)
epoch  36200  train 1.2628e-07  test med 7.4963e-07 mean 2.8194e+00 max 2.0011e+01  (70.9 eps/s x 32 = 2268 run-eps/s)
epoch  36300  train 1.2633e-07  test med 7.4972e-07 mean 2.8088e+00 max 2.0001e+01  (70.9 eps/s x 32 = 2268 run-eps/s)
epoch  36400  train 1.2626e-07  test med 7.4984e-07 mean 2.7982e+00 max 1.9990e+01  (70.9 eps/s x 32 = 2268 run-eps/s)
epoch  36500  train 1.2627e-07  test med 7.4997e-07 mean 2.7877e+00 max 1.9979e+01  (70.9 eps/s x 32 = 2268 run-eps/s)
epoch  36600  train 1.2628e-07  test med 7.4999e-07 mean 2.7772e+00 max 1.9969e+01  (70.9 eps/s x 32 = 2268 run-eps/s)
epoch  36700  train 1.2619e-07  test med 7.4999e-07 mean 2.7668e+00 max 1.9959e+01  (70.9 eps/s x 32 = 2268 run-eps/s)
epoch  36800  train 1.2621e-07  test med 7.4989e-07 mean 2.7563e+00 max 1.9948e+01  (70.9 eps/s x 32 = 2268 run-eps/s)
epoch  36900  train 1.2628e-07  test med 7.5005e-07 mean 2.7459e+00 max 1.9937e+01  (70.9 eps/s x 32 = 2268 run-eps/s)
epoch  37000  train 1.2622e-07  test med 7.5020e-07 mean 2.7356e+00 max 1.9927e+01  (70.9 eps/s x 32 = 2268 run-eps/s)
epoch  37100  train 1.2616e-07  test med 7.5026e-07 mean 2.7253e+00 max 1.9916e+01  (70.9 eps/s x 32 = 2268 run-eps/s)
epoch  37200  train 1.2616e-07  test med 7.5045e-07 mean 2.7151e+00 max 1.9905e+01  (70.9 eps/s x 32 = 2268 run-eps/s)
epoch  37300  train 1.2633e-07  test med 7.5055e-07 mean 2.7049e+00 max 1.9895e+01  (70.9 eps/s x 32 = 2268 run-eps/s)
epoch  37400  train 1.2619e-07  test med 7.5043e-07 mean 2.6948e+00 max 1.9884e+01  (70.9 eps/s x 32 = 2268 run-eps/s)
epoch  37500  train 1.2606e-07  test med 7.5058e-07 mean 2.6848e+00 max 1.9873e+01  (70.9 eps/s x 32 = 2268 run-eps/s)
epoch  37600  train 1.2610e-07  test med 7.5052e-07 mean 2.6748e+00 max 1.9862e+01  (70.9 eps/s x 32 = 2268 run-eps/s)
epoch  37700  train 1.2614e-07  test med 7.5050e-07 mean 2.6650e+00 max 1.9852e+01  (70.9 eps/s x 32 = 2268 run-eps/s)
epoch  37800  train 1.2605e-07  test med 7.5049e-07 mean 2.6552e+00 max 1.9841e+01  (70.9 eps/s x 32 = 2268 run-eps/s)
epoch  37900  train 1.2623e-07  test med 7.5041e-07 mean 2.6454e+00 max 1.9830e+01  (70.9 eps/s x 32 = 2268 run-eps/s)
epoch  38000  train 1.2611e-07  test med 7.5024e-07 mean 2.6358e+00 max 1.9819e+01  (70.9 eps/s x 32 = 2268 run-eps/s)
epoch  38100  train 1.2611e-07  test med 7.5002e-07 mean 2.6262e+00 max 1.9808e+01  (70.9 eps/s x 32 = 2268 run-eps/s)
epoch  38200  train 1.2599e-07  test med 7.4990e-07 mean 2.6168e+00 max 1.9797e+01  (70.9 eps/s x 32 = 2268 run-eps/s)
epoch  38300  train 1.2626e-07  test med 7.4994e-07 mean 2.6074e+00 max 1.9786e+01  (70.9 eps/s x 32 = 2268 run-eps/s)
epoch  38400  train 1.2602e-07  test med 7.4991e-07 mean 2.5982e+00 max 1.9775e+01  (70.9 eps/s x 32 = 2268 run-eps/s)
epoch  38500  train 1.2595e-07  test med 7.4998e-07 mean 2.5889e+00 max 1.9765e+01  (70.9 eps/s x 32 = 2268 run-eps/s)
epoch  38600  train 1.2593e-07  test med 7.4990e-07 mean 2.5798e+00 max 1.9754e+01  (70.9 eps/s x 32 = 2268 run-eps/s)
epoch  38700  train 1.2596e-07  test med 7.5005e-07 mean 2.5708e+00 max 1.9744e+01  (70.9 eps/s x 32 = 2268 run-eps/s)
epoch  38800  train 1.2608e-07  test med 7.4913e-07 mean 2.5618e+00 max 1.9732e+01  (70.9 eps/s x 32 = 2268 run-eps/s)
epoch  38900  train 1.2602e-07  test med 7.4485e-07 mean 2.5529e+00 max 1.9721e+01  (70.9 eps/s x 32 = 2268 run-eps/s)
epoch  39000  train 1.2609e-07  test med 7.4004e-07 mean 2.5441e+00 max 1.9710e+01  (70.9 eps/s x 32 = 2268 run-eps/s)
epoch  39100  train 1.2588e-07  test med 7.3536e-07 mean 2.5354e+00 max 1.9699e+01  (70.9 eps/s x 32 = 2268 run-eps/s)
epoch  39200  train 1.2587e-07  test med 7.3035e-07 mean 2.5267e+00 max 1.9688e+01  (70.9 eps/s x 32 = 2268 run-eps/s)
epoch  39300  train 1.2597e-07  test med 7.2521e-07 mean 2.5182e+00 max 1.9677e+01  (70.9 eps/s x 32 = 2268 run-eps/s)
epoch  39400  train 1.2602e-07  test med 7.2010e-07 mean 2.5097e+00 max 1.9666e+01  (70.9 eps/s x 32 = 2268 run-eps/s)
epoch  39500  train 1.2583e-07  test med 7.1452e-07 mean 2.5014e+00 max 1.9655e+01  (70.9 eps/s x 32 = 2268 run-eps/s)
epoch  39600  train 1.2701e-07  test med 7.0835e-07 mean 2.4931e+00 max 1.9644e+01  (70.9 eps/s x 32 = 2268 run-eps/s)
epoch  39700  train 1.2590e-07  test med 7.0241e-07 mean 2.4849e+00 max 1.9633e+01  (70.9 eps/s x 32 = 2268 run-eps/s)
epoch  39800  train 1.2576e-07  test med 6.9608e-07 mean 2.4769e+00 max 1.9623e+01  (70.9 eps/s x 32 = 2268 run-eps/s)
epoch  39900  train 1.2585e-07  test med 6.8949e-07 mean 2.4689e+00 max 1.9612e+01  (70.9 eps/s x 32 = 2268 run-eps/s)
epoch  40000  train 1.2587e-07  test med 6.8223e-07 mean 2.4610e+00 max 1.9601e+01  (70.9 eps/s x 32 = 2268 run-eps/s)
epoch  40100  train 1.2575e-07  test med 6.7558e-07 mean 2.4531e+00 max 1.9590e+01  (70.9 eps/s x 32 = 2268 run-eps/s)
epoch  40200  train 1.2575e-07  test med 6.7498e-07 mean 2.4454e+00 max 1.9579e+01  (70.9 eps/s x 32 = 2268 run-eps/s)
epoch  40300  train 1.2575e-07  test med 6.7392e-07 mean 2.4378e+00 max 1.9568e+01  (70.9 eps/s x 32 = 2268 run-eps/s)
epoch  40400  train 1.2579e-07  test med 6.7354e-07 mean 2.4303e+00 max 1.9557e+01  (70.9 eps/s x 32 = 2268 run-eps/s)
epoch  40500  train 1.2579e-07  test med 6.7432e-07 mean 2.4228e+00 max 1.9546e+01  (70.9 eps/s x 32 = 2268 run-eps/s)
epoch  40600  train 1.2581e-07  test med 6.7487e-07 mean 2.4154e+00 max 1.9535e+01  (70.9 eps/s x 32 = 2268 run-eps/s)
epoch  40700  train 1.2572e-07  test med 6.7429e-07 mean 2.4081e+00 max 1.9524e+01  (70.9 eps/s x 32 = 2268 run-eps/s)
epoch  40800  train 1.2568e-07  test med 6.7375e-07 mean 2.4009e+00 max 1.9513e+01  (70.9 eps/s x 32 = 2268 run-eps/s)
epoch  40900  train 1.2572e-07  test med 6.7681e-07 mean 2.3937e+00 max 1.9502e+01  (70.9 eps/s x 32 = 2268 run-eps/s)
epoch  41000  train 1.2571e-07  test med 6.8271e-07 mean 2.3865e+00 max 1.9491e+01  (70.9 eps/s x 32 = 2268 run-eps/s)
epoch  41100  train 1.2573e-07  test med 6.8127e-07 mean 2.3795e+00 max 1.9480e+01  (70.9 eps/s x 32 = 2268 run-eps/s)
epoch  41200  train 1.2561e-07  test med 6.7431e-07 mean 2.3725e+00 max 1.9470e+01  (70.9 eps/s x 32 = 2268 run-eps/s)
epoch  41300  train 1.2559e-07  test med 6.7334e-07 mean 2.3656e+00 max 1.9459e+01  (70.9 eps/s x 32 = 2268 run-eps/s)
epoch  41400  train 1.2559e-07  test med 6.8029e-07 mean 2.3588e+00 max 1.9448e+01  (70.9 eps/s x 32 = 2268 run-eps/s)
epoch  41500  train 1.2558e-07  test med 6.7556e-07 mean 2.3520e+00 max 1.9437e+01  (70.9 eps/s x 32 = 2268 run-eps/s)
epoch  41600  train 1.2552e-07  test med 6.7592e-07 mean 2.3453e+00 max 1.9426e+01  (70.9 eps/s x 32 = 2269 run-eps/s)
epoch  41700  train 1.2588e-07  test med 6.7862e-07 mean 2.3386e+00 max 1.9415e+01  (70.9 eps/s x 32 = 2269 run-eps/s)
epoch  41800  train 1.2558e-07  test med 6.7439e-07 mean 2.3320e+00 max 1.9404e+01  (70.9 eps/s x 32 = 2269 run-eps/s)
epoch  41900  train 1.2551e-07  test med 6.7587e-07 mean 2.3254e+00 max 1.9393e+01  (70.9 eps/s x 32 = 2269 run-eps/s)
epoch  42000  train 1.2554e-07  test med 6.7740e-07 mean 2.3189e+00 max 1.9382e+01  (70.9 eps/s x 32 = 2269 run-eps/s)
epoch  42100  train 1.2550e-07  test med 6.7570e-07 mean 2.3124e+00 max 1.9370e+01  (70.9 eps/s x 32 = 2269 run-eps/s)
epoch  42200  train 1.2558e-07  test med 6.7540e-07 mean 2.3060e+00 max 1.9359e+01  (70.9 eps/s x 32 = 2269 run-eps/s)
epoch  42300  train 1.2550e-07  test med 6.7505e-07 mean 2.2996e+00 max 1.9348e+01  (70.9 eps/s x 32 = 2269 run-eps/s)
epoch  42400  train 1.2576e-07  test med 6.7462e-07 mean 2.2933e+00 max 1.9336e+01  (70.9 eps/s x 32 = 2269 run-eps/s)
epoch  42500  train 1.2558e-07  test med 6.8222e-07 mean 2.2870e+00 max 1.9325e+01  (70.9 eps/s x 32 = 2269 run-eps/s)
epoch  42600  train 1.2552e-07  test med 6.7821e-07 mean 2.2808e+00 max 1.9314e+01  (70.9 eps/s x 32 = 2269 run-eps/s)
epoch  42700  train 1.2536e-07  test med 6.7408e-07 mean 2.2745e+00 max 1.9302e+01  (70.9 eps/s x 32 = 2269 run-eps/s)
epoch  42800  train 1.2548e-07  test med 6.7766e-07 mean 2.2683e+00 max 1.9291e+01  (70.9 eps/s x 32 = 2269 run-eps/s)
epoch  42900  train 1.2538e-07  test med 6.7810e-07 mean 2.2621e+00 max 1.9279e+01  (70.9 eps/s x 32 = 2269 run-eps/s)
epoch  43000  train 1.2548e-07  test med 6.7631e-07 mean 2.2560e+00 max 1.9267e+01  (70.9 eps/s x 32 = 2269 run-eps/s)
epoch  43100  train 1.2539e-07  test med 6.7597e-07 mean 2.2499e+00 max 1.9255e+01  (70.9 eps/s x 32 = 2269 run-eps/s)
epoch  43200  train 1.2535e-07  test med 6.6032e-07 mean 2.2439e+00 max 1.9244e+01  (70.9 eps/s x 32 = 2269 run-eps/s)
epoch  43300  train 1.2538e-07  test med 6.5610e-07 mean 2.2379e+00 max 1.9232e+01  (70.9 eps/s x 32 = 2269 run-eps/s)
epoch  43400  train 1.2562e-07  test med 6.5697e-07 mean 2.2319e+00 max 1.9221e+01  (70.9 eps/s x 32 = 2269 run-eps/s)
epoch  43500  train 1.2544e-07  test med 6.5843e-07 mean 2.2259e+00 max 1.9209e+01  (70.9 eps/s x 32 = 2269 run-eps/s)
epoch  43600  train 1.2543e-07  test med 6.5717e-07 mean 2.2200e+00 max 1.9198e+01  (70.9 eps/s x 32 = 2269 run-eps/s)
epoch  43700  train 1.2535e-07  test med 6.5657e-07 mean 2.2141e+00 max 1.9186e+01  (70.9 eps/s x 32 = 2269 run-eps/s)
epoch  43800  train 1.2545e-07  test med 6.5894e-07 mean 2.2082e+00 max 1.9174e+01  (70.9 eps/s x 32 = 2269 run-eps/s)
epoch  43900  train 1.2529e-07  test med 6.5681e-07 mean 2.2024e+00 max 1.9163e+01  (70.9 eps/s x 32 = 2269 run-eps/s)
epoch  44000  train 1.2535e-07  test med 6.5975e-07 mean 2.1965e+00 max 1.9151e+01  (70.9 eps/s x 32 = 2269 run-eps/s)
epoch  44100  train 1.2536e-07  test med 6.6188e-07 mean 2.1907e+00 max 1.9139e+01  (70.9 eps/s x 32 = 2269 run-eps/s)
epoch  44200  train 1.2558e-07  test med 6.6443e-07 mean 2.1849e+00 max 1.9127e+01  (70.9 eps/s x 32 = 2269 run-eps/s)
epoch  44300  train 1.2527e-07  test med 6.5690e-07 mean 2.1791e+00 max 1.9116e+01  (70.9 eps/s x 32 = 2269 run-eps/s)
epoch  44400  train 1.2528e-07  test med 6.5504e-07 mean 2.1733e+00 max 1.9104e+01  (70.9 eps/s x 32 = 2269 run-eps/s)
epoch  44500  train 1.2530e-07  test med 6.5645e-07 mean 2.1676e+00 max 1.9092e+01  (70.9 eps/s x 32 = 2269 run-eps/s)
epoch  44600  train 1.2522e-07  test med 6.5743e-07 mean 2.1618e+00 max 1.9080e+01  (70.9 eps/s x 32 = 2269 run-eps/s)
epoch  44700  train 1.2526e-07  test med 6.5816e-07 mean 2.1560e+00 max 1.9068e+01  (70.9 eps/s x 32 = 2269 run-eps/s)
epoch  44800  train 1.2528e-07  test med 6.5612e-07 mean 2.1503e+00 max 1.9055e+01  (70.9 eps/s x 32 = 2269 run-eps/s)
epoch  44900  train 1.2615e-07  test med 6.6116e-07 mean 2.1446e+00 max 1.9043e+01  (70.9 eps/s x 32 = 2269 run-eps/s)
epoch  45000  train 1.2546e-07  test med 6.5584e-07 mean 2.1389e+00 max 1.9031e+01  (70.9 eps/s x 32 = 2269 run-eps/s)
epoch  45100  train 1.2520e-07  test med 6.5727e-07 mean 2.1331e+00 max 1.9018e+01  (70.9 eps/s x 32 = 2269 run-eps/s)
epoch  45200  train 1.2550e-07  test med 6.5589e-07 mean 2.1274e+00 max 1.9006e+01  (70.9 eps/s x 32 = 2269 run-eps/s)
epoch  45300  train 1.2519e-07  test med 6.5826e-07 mean 2.1216e+00 max 1.8993e+01  (70.9 eps/s x 32 = 2269 run-eps/s)
epoch  45400  train 1.2535e-07  test med 6.5880e-07 mean 2.1159e+00 max 1.8981e+01  (70.9 eps/s x 32 = 2269 run-eps/s)
epoch  45500  train 1.2512e-07  test med 6.5738e-07 mean 2.1102e+00 max 1.8969e+01  (70.9 eps/s x 32 = 2269 run-eps/s)
epoch  45600  train 1.2510e-07  test med 6.5628e-07 mean 2.1045e+00 max 1.8956e+01  (70.9 eps/s x 32 = 2269 run-eps/s)
epoch  45700  train 1.2674e-07  test med 6.7187e-07 mean 2.0988e+00 max 1.8943e+01  (70.9 eps/s x 32 = 2269 run-eps/s)
epoch  45800  train 1.2528e-07  test med 6.6027e-07 mean 2.0931e+00 max 1.8931e+01  (70.9 eps/s x 32 = 2269 run-eps/s)
epoch  45900  train 1.2504e-07  test med 6.5605e-07 mean 2.0873e+00 max 1.8918e+01  (70.9 eps/s x 32 = 2269 run-eps/s)
epoch  46000  train 1.2522e-07  test med 6.5965e-07 mean 2.0816e+00 max 1.8906e+01  (70.9 eps/s x 32 = 2269 run-eps/s)
epoch  46100  train 1.2509e-07  test med 6.5878e-07 mean 2.0759e+00 max 1.8894e+01  (70.9 eps/s x 32 = 2269 run-eps/s)
epoch  46200  train 1.2539e-07  test med 6.6162e-07 mean 2.0702e+00 max 1.8881e+01  (70.9 eps/s x 32 = 2269 run-eps/s)
epoch  46300  train 1.2517e-07  test med 6.5778e-07 mean 2.0645e+00 max 1.8869e+01  (70.9 eps/s x 32 = 2269 run-eps/s)
epoch  46400  train 1.2500e-07  test med 6.5644e-07 mean 2.0587e+00 max 1.8856e+01  (70.9 eps/s x 32 = 2269 run-eps/s)
epoch  46500  train 1.2515e-07  test med 6.5707e-07 mean 2.0530e+00 max 1.8844e+01  (70.9 eps/s x 32 = 2269 run-eps/s)
epoch  46600  train 1.2502e-07  test med 6.5591e-07 mean 2.0473e+00 max 1.8832e+01  (70.9 eps/s x 32 = 2269 run-eps/s)
epoch  46700  train 1.2508e-07  test med 6.5728e-07 mean 2.0416e+00 max 1.8819e+01  (70.9 eps/s x 32 = 2269 run-eps/s)
epoch  46800  train 1.2506e-07  test med 6.5805e-07 mean 2.0358e+00 max 1.8806e+01  (70.9 eps/s x 32 = 2269 run-eps/s)
epoch  46900  train 1.2508e-07  test med 6.5708e-07 mean 2.0301e+00 max 1.8794e+01  (70.9 eps/s x 32 = 2269 run-eps/s)
epoch  47000  train 1.2500e-07  test med 6.5782e-07 mean 2.0243e+00 max 1.8781e+01  (70.9 eps/s x 32 = 2269 run-eps/s)
epoch  47100  train 1.2499e-07  test med 6.5704e-07 mean 2.0186e+00 max 1.8769e+01  (70.9 eps/s x 32 = 2269 run-eps/s)
epoch  47200  train 1.2539e-07  test med 6.6957e-07 mean 2.0128e+00 max 1.8756e+01  (70.9 eps/s x 32 = 2269 run-eps/s)
epoch  47300  train 1.2508e-07  test med 6.6232e-07 mean 2.0070e+00 max 1.8742e+01  (70.9 eps/s x 32 = 2269 run-eps/s)
epoch  47400  train 1.2496e-07  test med 6.5696e-07 mean 2.0012e+00 max 1.8730e+01  (70.9 eps/s x 32 = 2269 run-eps/s)
epoch  47500  train 1.2499e-07  test med 6.5806e-07 mean 1.9954e+00 max 1.8717e+01  (70.9 eps/s x 32 = 2269 run-eps/s)
epoch  47600  train 1.2494e-07  test med 6.5759e-07 mean 1.9896e+00 max 1.8704e+01  (70.9 eps/s x 32 = 2269 run-eps/s)
epoch  47700  train 1.2493e-07  test med 6.5635e-07 mean 1.9838e+00 max 1.8691e+01  (70.9 eps/s x 32 = 2269 run-eps/s)
epoch  47800  train 1.2507e-07  test med 6.5848e-07 mean 1.9779e+00 max 1.8677e+01  (70.9 eps/s x 32 = 2269 run-eps/s)
epoch  47900  train 1.2486e-07  test med 6.5779e-07 mean 1.9721e+00 max 1.8664e+01  (70.9 eps/s x 32 = 2269 run-eps/s)
epoch  48000  train 1.2534e-07  test med 6.6488e-07 mean 1.9662e+00 max 1.8651e+01  (70.9 eps/s x 32 = 2269 run-eps/s)
epoch  48100  train 1.2505e-07  test med 6.5797e-07 mean 1.9604e+00 max 1.8638e+01  (70.9 eps/s x 32 = 2269 run-eps/s)
epoch  48200  train 1.2493e-07  test med 6.5681e-07 mean 1.9545e+00 max 1.8624e+01  (70.9 eps/s x 32 = 2269 run-eps/s)
epoch  48300  train 1.2496e-07  test med 6.5926e-07 mean 1.9486e+00 max 1.8611e+01  (70.9 eps/s x 32 = 2269 run-eps/s)
epoch  48400  train 1.2495e-07  test med 6.5789e-07 mean 1.9428e+00 max 1.8598e+01  (70.9 eps/s x 32 = 2269 run-eps/s)
epoch  48500  train 1.2495e-07  test med 6.5814e-07 mean 1.9369e+00 max 1.8585e+01  (70.9 eps/s x 32 = 2269 run-eps/s)
epoch  48600  train 1.2503e-07  test med 6.5854e-07 mean 1.9310e+00 max 1.8572e+01  (70.9 eps/s x 32 = 2269 run-eps/s)
epoch  48700  train 1.2493e-07  test med 6.5983e-07 mean 1.9250e+00 max 1.8558e+01  (70.9 eps/s x 32 = 2269 run-eps/s)
epoch  48800  train 1.2495e-07  test med 6.6087e-07 mean 1.9190e+00 max 1.8545e+01  (70.9 eps/s x 32 = 2269 run-eps/s)
epoch  48900  train 1.2488e-07  test med 6.5850e-07 mean 1.9131e+00 max 1.8531e+01  (70.9 eps/s x 32 = 2269 run-eps/s)
epoch  49000  train 1.2519e-07  test med 6.6745e-07 mean 1.9071e+00 max 1.8518e+01  (70.9 eps/s x 32 = 2269 run-eps/s)
epoch  49100  train 1.2491e-07  test med 6.5842e-07 mean 1.9011e+00 max 1.8504e+01  (70.9 eps/s x 32 = 2269 run-eps/s)
epoch  49200  train 1.2504e-07  test med 6.5928e-07 mean 1.8950e+00 max 1.8490e+01  (70.9 eps/s x 32 = 2269 run-eps/s)
epoch  49300  train 1.2490e-07  test med 6.5852e-07 mean 1.8890e+00 max 1.8477e+01  (70.9 eps/s x 32 = 2269 run-eps/s)
epoch  49400  train 1.2485e-07  test med 6.5791e-07 mean 1.8830e+00 max 1.8463e+01  (70.9 eps/s x 32 = 2269 run-eps/s)
epoch  49500  train 1.2492e-07  test med 6.6076e-07 mean 1.8770e+00 max 1.8450e+01  (70.9 eps/s x 32 = 2269 run-eps/s)
epoch  49600  train 1.2497e-07  test med 6.5924e-07 mean 1.8709e+00 max 1.8436e+01  (70.9 eps/s x 32 = 2269 run-eps/s)
epoch  49700  train 1.2508e-07  test med 6.6478e-07 mean 1.8648e+00 max 1.8422e+01  (70.9 eps/s x 32 = 2269 run-eps/s)
epoch  49800  train 1.2494e-07  test med 6.5886e-07 mean 1.8586e+00 max 1.8409e+01  (70.9 eps/s x 32 = 2269 run-eps/s)
epoch  49900  train 1.2490e-07  test med 6.6001e-07 mean 1.8525e+00 max 1.8395e+01  (70.9 eps/s x 32 = 2269 run-eps/s)
epoch  50000  train 1.2489e-07  test med 6.6067e-07 mean 1.8463e+00 max 1.8381e+01  (70.9 eps/s x 32 = 2269 run-eps/s)
done: 50000 epochs x 32 runs in 707s
RESULT w1024_wd0.1/ds15573_is135533: grok@-1  committee [16, 20, 41, 49]  acc 0.7277
RESULT w1024_wd0.1/ds15573_is479062: grok@-1  committee [42]  acc 0.2688
RESULT w1024_wd0.1/ds15573_is648223: grok@42800  committee [6, 8, 40, 49]  acc 1.0000
RESULT w1024_wd0.1/ds15573_is871231: grok@-1  committee [11, 15, 26, 49, 52]  acc 0.2784
RESULT w1024_wd0.1/ds19870_is135533: grok@45300  committee [3, 16, 31, 32, 49]  acc 1.0000
RESULT w1024_wd0.1/ds19870_is479062: grok@36200  committee [26, 31, 33, 34]  acc 1.0000
RESULT w1024_wd0.1/ds19870_is648223: grok@-1  committee [5]  acc 0.2094
RESULT w1024_wd0.1/ds19870_is871231: grok@-1  committee [13, 52]  acc 0.2384
RESULT w1024_wd0.3/ds15573_is135533: grok@17800  committee [16, 20, 41, 49]  acc 1.0000
RESULT w1024_wd0.3/ds15573_is479062: grok@22800  committee [14, 25, 41, 42]  acc 1.0000
RESULT w1024_wd0.3/ds15573_is648223: grok@14100  committee [6, 8, 40, 49]  acc 1.0000
RESULT w1024_wd0.3/ds15573_is871231: grok@23300  committee [15, 26, 32, 39, 49]  acc 1.0000
RESULT w1024_wd0.3/ds19870_is135533: grok@15100  committee [3, 31, 32, 49]  acc 1.0000
RESULT w1024_wd0.3/ds19870_is479062: grok@11700  committee [26, 31, 33, 34]  acc 1.0000
RESULT w1024_wd0.3/ds19870_is648223: grok@28700  committee [5, 20, 30, 52, 53]  acc 1.0000
RESULT w1024_wd0.3/ds19870_is871231: grok@23700  committee [13, 15, 25, 54]  acc 1.0000
RESULT w1024_wd1/ds15573_is135533: grok@5700  committee [3, 16, 41, 49]  acc 1.0000
RESULT w1024_wd1/ds15573_is479062: grok@6400  committee [14, 37, 41, 42]  acc 1.0000
RESULT w1024_wd1/ds15573_is648223: grok@4200  committee [6, 8, 40, 49]  acc 1.0000
RESULT w1024_wd1/ds15573_is871231: grok@7100  committee [15, 26, 36, 49, 52]  acc 1.0000
RESULT w1024_wd1/ds19870_is135533: grok@4100  committee [3, 31, 32, 49]  acc 1.0000
RESULT w1024_wd1/ds19870_is479062: grok@3100  committee [26, 31, 33, 34]  acc 1.0000
RESULT w1024_wd1/ds19870_is648223: grok@10700  committee [5, 20, 30, 52, 53]  acc 1.0000
RESULT w1024_wd1/ds19870_is871231: grok@7200  committee [13, 15, 25, 52, 54]  acc 1.0000
RESULT w1024_wd3/ds15573_is135533: grok@1800  committee [4, 16, 24, 49]  acc 1.0000
RESULT w1024_wd3/ds15573_is479062: grok@1500  committee [8, 14, 41, 42]  acc 1.0000
RESULT w1024_wd3/ds15573_is648223: grok@1200  committee [39, 40, 49, 53]  acc 1.0000
RESULT w1024_wd3/ds15573_is871231: grok@1700  committee [11, 40, 49, 52]  acc 1.0000
RESULT w1024_wd3/ds19870_is135533: grok@900  committee [3, 31, 32]  acc 1.0000
RESULT w1024_wd3/ds19870_is479062: grok@800  committee [26, 31, 33, 34]  acc 1.0000
RESULT w1024_wd3/ds19870_is648223: grok@4000  committee [5, 20, 30, 52, 53]  acc 1.0000
RESULT w1024_wd3/ds19870_is871231: grok@2000  committee [13, 15, 25, 52]  acc 1.0000
width 2048: batch of 32 (32/32 pending)
batch 32 on cuda:  train 3830  test 8939  4 recipe(s) (lr, wd, tilt, cvar): [(0.001, 0.1, 0.0, 0.0), (0.001, 0.3, 0.0, 0.0), (0.001, 1.0, 0.0, 0.0), (0.001, 3.0, 0.0, 0.0)]
epoch    100  train 7.7234e-02  test med 1.1603e+01 mean 1.1086e+01 max 1.2815e+01  (28.8 eps/s x 32 = 922 run-eps/s)
epoch    200  train 1.0783e-02  test med 1.2108e+01 mean 1.1709e+01 max 1.4753e+01  (35.4 eps/s x 32 = 1132 run-eps/s)
epoch    300  train 3.6241e-03  test med 1.2580e+01 mean 1.2084e+01 max 1.5676e+01  (38.3 eps/s x 32 = 1224 run-eps/s)
epoch    400  train 1.2327e-03  test med 1.3190e+01 mean 1.2532e+01 max 1.6703e+01  (39.9 eps/s x 32 = 1276 run-eps/s)
epoch    500  train 4.2130e-04  test med 1.3845e+01 mean 1.2924e+01 max 1.7746e+01  (40.9 eps/s x 32 = 1309 run-eps/s)
epoch    600  train 1.4142e-04  test med 1.4525e+01 mean 1.3177e+01 max 1.8779e+01  (41.6 eps/s x 32 = 1332 run-eps/s)
epoch    700  train 4.7001e-05  test med 1.5216e+01 mean 1.3395e+01 max 1.9800e+01  (42.2 eps/s x 32 = 1350 run-eps/s)
epoch    800  train 1.5888e-05  test med 1.5905e+01 mean 1.3719e+01 max 2.0800e+01  (42.6 eps/s x 32 = 1362 run-eps/s)
epoch    900  train 5.7939e-06  test med 1.6577e+01 mean 1.4166e+01 max 2.1771e+01  (42.9 eps/s x 32 = 1373 run-eps/s)
epoch   1000  train 2.3069e-06  test med 1.7208e+01 mean 1.4567e+01 max 2.2690e+01  (43.2 eps/s x 32 = 1381 run-eps/s)
epoch   1100  train 1.0378e-06  test med 1.7755e+01 mean 1.4859e+01 max 2.3519e+01  (43.4 eps/s x 32 = 1388 run-eps/s)
epoch   1200  train 5.5035e-07  test med 1.8163e+01 mean 1.5034e+01 max 2.4194e+01  (43.6 eps/s x 32 = 1394 run-eps/s)
epoch   1300  train 3.5944e-07  test med 1.8391e+01 mean 1.5107e+01 max 2.4662e+01  (43.7 eps/s x 32 = 1399 run-eps/s)
epoch   1400  train 2.8622e-07  test med 1.8451e+01 mean 1.5059e+01 max 2.4922e+01  (43.8 eps/s x 32 = 1403 run-eps/s)
epoch   1500  train 2.5886e-07  test med 1.8405e+01 mean 1.4928e+01 max 2.5026e+01  (44.0 eps/s x 32 = 1406 run-eps/s)
epoch   1600  train 2.4699e-07  test med 1.8316e+01 mean 1.4766e+01 max 2.5036e+01  (44.1 eps/s x 32 = 1410 run-eps/s)
epoch   1700  train 2.3858e-07  test med 1.8213e+01 mean 1.4586e+01 max 2.4998e+01  (44.1 eps/s x 32 = 1412 run-eps/s)
epoch   1800  train 2.2953e-07  test med 1.8107e+01 mean 1.4401e+01 max 2.4940e+01  (44.2 eps/s x 32 = 1415 run-eps/s)
epoch   1900  train 2.2063e-07  test med 1.7999e+01 mean 1.4248e+01 max 2.4877e+01  (44.3 eps/s x 32 = 1417 run-eps/s)
epoch   2000  train 2.1506e-07  test med 1.7891e+01 mean 1.4118e+01 max 2.4812e+01  (44.4 eps/s x 32 = 1419 run-eps/s)
epoch   2100  train 2.1124e-07  test med 1.7781e+01 mean 1.3985e+01 max 2.4749e+01  (44.4 eps/s x 32 = 1421 run-eps/s)
epoch   2200  train 2.0794e-07  test med 1.7668e+01 mean 1.3845e+01 max 2.4687e+01  (44.5 eps/s x 32 = 1423 run-eps/s)
epoch   2300  train 2.0483e-07  test med 1.7552e+01 mean 1.3696e+01 max 2.4625e+01  (44.5 eps/s x 32 = 1424 run-eps/s)
epoch   2400  train 2.0224e-07  test med 1.7431e+01 mean 1.3537e+01 max 2.4565e+01  (44.6 eps/s x 32 = 1426 run-eps/s)
epoch   2500  train 2.0002e-07  test med 1.7308e+01 mean 1.3367e+01 max 2.4506e+01  (44.6 eps/s x 32 = 1427 run-eps/s)
epoch   2600  train 1.9793e-07  test med 1.7181e+01 mean 1.3187e+01 max 2.4447e+01  (44.6 eps/s x 32 = 1428 run-eps/s)
epoch   2700  train 1.9577e-07  test med 1.7050e+01 mean 1.2998e+01 max 2.4389e+01  (44.7 eps/s x 32 = 1429 run-eps/s)
epoch   2800  train 1.9360e-07  test med 1.6916e+01 mean 1.2805e+01 max 2.4332e+01  (44.7 eps/s x 32 = 1430 run-eps/s)
epoch   2900  train 1.9154e-07  test med 1.6777e+01 mean 1.2615e+01 max 2.4276e+01  (44.7 eps/s x 32 = 1431 run-eps/s)
epoch   3000  train 1.8956e-07  test med 1.6629e+01 mean 1.2427e+01 max 2.4221e+01  (44.8 eps/s x 32 = 1432 run-eps/s)
epoch   3100  train 1.8754e-07  test med 1.6475e+01 mean 1.2241e+01 max 2.4165e+01  (44.8 eps/s x 32 = 1433 run-eps/s)
epoch   3200  train 1.8539e-07  test med 1.6314e+01 mean 1.2059e+01 max 2.4111e+01  (44.8 eps/s x 32 = 1434 run-eps/s)
epoch   3300  train 1.8316e-07  test med 1.6144e+01 mean 1.1889e+01 max 2.4058e+01  (44.8 eps/s x 32 = 1435 run-eps/s)
epoch   3400  train 1.8100e-07  test med 1.5965e+01 mean 1.1742e+01 max 2.4005e+01  (44.9 eps/s x 32 = 1435 run-eps/s)
epoch   3500  train 1.7905e-07  test med 1.5778e+01 mean 1.1623e+01 max 2.3953e+01  (44.9 eps/s x 32 = 1436 run-eps/s)
epoch   3600  train 1.7725e-07  test med 1.5581e+01 mean 1.1526e+01 max 2.3901e+01  (44.9 eps/s x 32 = 1437 run-eps/s)
epoch   3700  train 1.7561e-07  test med 1.5382e+01 mean 1.1445e+01 max 2.3850e+01  (44.9 eps/s x 32 = 1437 run-eps/s)
epoch   3800  train 1.7404e-07  test med 1.5245e+01 mean 1.1371e+01 max 2.3800e+01  (44.9 eps/s x 32 = 1438 run-eps/s)
epoch   3900  train 1.7248e-07  test med 1.5103e+01 mean 1.1301e+01 max 2.3750e+01  (44.9 eps/s x 32 = 1438 run-eps/s)
epoch   4000  train 1.7099e-07  test med 1.4955e+01 mean 1.1231e+01 max 2.3701e+01  (45.0 eps/s x 32 = 1439 run-eps/s)
epoch   4100  train 1.6959e-07  test med 1.4801e+01 mean 1.1160e+01 max 2.3652e+01  (45.0 eps/s x 32 = 1439 run-eps/s)
epoch   4200  train 1.6822e-07  test med 1.4640e+01 mean 1.1086e+01 max 2.3603e+01  (45.0 eps/s x 32 = 1440 run-eps/s)
epoch   4300  train 1.6697e-07  test med 1.4475e+01 mean 1.1011e+01 max 2.3556e+01  (45.0 eps/s x 32 = 1440 run-eps/s)
epoch   4400  train 1.6591e-07  test med 1.4303e+01 mean 1.0933e+01 max 2.3508e+01  (45.0 eps/s x 32 = 1441 run-eps/s)
epoch   4500  train 1.6496e-07  test med 1.4123e+01 mean 1.0852e+01 max 2.3461e+01  (45.0 eps/s x 32 = 1441 run-eps/s)
epoch   4600  train 1.6408e-07  test med 1.3935e+01 mean 1.0769e+01 max 2.3415e+01  (45.0 eps/s x 32 = 1441 run-eps/s)
epoch   4700  train 1.6319e-07  test med 1.3739e+01 mean 1.0682e+01 max 2.3368e+01  (45.1 eps/s x 32 = 1442 run-eps/s)
epoch   4800  train 1.6231e-07  test med 1.3532e+01 mean 1.0594e+01 max 2.3323e+01  (45.1 eps/s x 32 = 1442 run-eps/s)
epoch   4900  train 1.6139e-07  test med 1.3316e+01 mean 1.0503e+01 max 2.3278e+01  (45.1 eps/s x 32 = 1443 run-eps/s)
epoch   5000  train 1.6040e-07  test med 1.3089e+01 mean 1.0411e+01 max 2.3234e+01  (45.1 eps/s x 32 = 1443 run-eps/s)
epoch   5100  train 1.5929e-07  test med 1.2851e+01 mean 1.0319e+01 max 2.3191e+01  (45.1 eps/s x 32 = 1443 run-eps/s)
epoch   5200  train 1.5817e-07  test med 1.2600e+01 mean 1.0228e+01 max 2.3147e+01  (45.1 eps/s x 32 = 1444 run-eps/s)
epoch   5300  train 1.5718e-07  test med 1.2334e+01 mean 1.0139e+01 max 2.3104e+01  (45.1 eps/s x 32 = 1444 run-eps/s)
epoch   5400  train 1.5633e-07  test med 1.2052e+01 mean 1.0053e+01 max 2.3061e+01  (45.1 eps/s x 32 = 1444 run-eps/s)
epoch   5500  train 1.5553e-07  test med 1.1752e+01 mean 9.9724e+00 max 2.3019e+01  (45.1 eps/s x 32 = 1444 run-eps/s)
epoch   5600  train 1.5478e-07  test med 1.1433e+01 mean 9.8959e+00 max 2.2977e+01  (45.1 eps/s x 32 = 1445 run-eps/s)
epoch   5700  train 1.5411e-07  test med 1.1091e+01 mean 9.8232e+00 max 2.2936e+01  (45.2 eps/s x 32 = 1445 run-eps/s)
epoch   5800  train 1.5349e-07  test med 1.0731e+01 mean 9.7545e+00 max 2.2896e+01  (45.2 eps/s x 32 = 1445 run-eps/s)
epoch   5900  train 1.5293e-07  test med 1.0351e+01 mean 9.6891e+00 max 2.2856e+01  (45.2 eps/s x 32 = 1446 run-eps/s)
epoch   6000  train 1.5236e-07  test med 9.9533e+00 mean 9.6263e+00 max 2.2817e+01  (45.2 eps/s x 32 = 1446 run-eps/s)
epoch   6100  train 1.5181e-07  test med 9.5410e+00 mean 9.5652e+00 max 2.2778e+01  (45.2 eps/s x 32 = 1446 run-eps/s)
epoch   6200  train 1.5128e-07  test med 9.1202e+00 mean 9.5052e+00 max 2.2740e+01  (45.2 eps/s x 32 = 1446 run-eps/s)
epoch   6300  train 1.5073e-07  test med 8.6971e+00 mean 9.4461e+00 max 2.2702e+01  (45.2 eps/s x 32 = 1447 run-eps/s)
epoch   6400  train 1.5016e-07  test med 8.2817e+00 mean 9.3881e+00 max 2.2665e+01  (45.2 eps/s x 32 = 1447 run-eps/s)
epoch   6500  train 1.4956e-07  test med 7.8830e+00 mean 9.3316e+00 max 2.2628e+01  (45.2 eps/s x 32 = 1447 run-eps/s)
epoch   6600  train 1.4892e-07  test med 7.5021e+00 mean 9.2774e+00 max 2.2592e+01  (45.2 eps/s x 32 = 1447 run-eps/s)
epoch   6700  train 1.4825e-07  test med 7.1689e+00 mean 9.2261e+00 max 2.2555e+01  (45.2 eps/s x 32 = 1447 run-eps/s)
epoch   6800  train 1.4753e-07  test med 6.8946e+00 mean 9.1784e+00 max 2.2519e+01  (45.2 eps/s x 32 = 1448 run-eps/s)
epoch   6900  train 1.4684e-07  test med 6.6924e+00 mean 9.1352e+00 max 2.2484e+01  (45.2 eps/s x 32 = 1448 run-eps/s)
epoch   7000  train 1.4618e-07  test med 6.5503e+00 mean 9.0956e+00 max 2.2448e+01  (45.2 eps/s x 32 = 1448 run-eps/s)
epoch   7100  train 1.4562e-07  test med 6.4447e+00 mean 9.0581e+00 max 2.2413e+01  (45.3 eps/s x 32 = 1448 run-eps/s)
epoch   7200  train 1.4522e-07  test med 6.3539e+00 mean 9.0215e+00 max 2.2379e+01  (45.3 eps/s x 32 = 1448 run-eps/s)
epoch   7300  train 1.4491e-07  test med 6.2664e+00 mean 8.9848e+00 max 2.2345e+01  (45.3 eps/s x 32 = 1449 run-eps/s)
epoch   7400  train 1.4466e-07  test med 6.1788e+00 mean 8.9478e+00 max 2.2312e+01  (45.3 eps/s x 32 = 1449 run-eps/s)
epoch   7500  train 1.4442e-07  test med 6.0905e+00 mean 8.9105e+00 max 2.2278e+01  (45.3 eps/s x 32 = 1449 run-eps/s)
epoch   7600  train 1.4420e-07  test med 6.0011e+00 mean 8.8729e+00 max 2.2245e+01  (45.3 eps/s x 32 = 1449 run-eps/s)
epoch   7700  train 1.4398e-07  test med 5.9107e+00 mean 8.8349e+00 max 2.2212e+01  (45.3 eps/s x 32 = 1449 run-eps/s)
epoch   7800  train 1.4376e-07  test med 5.8189e+00 mean 8.7964e+00 max 2.2180e+01  (45.3 eps/s x 32 = 1449 run-eps/s)
epoch   7900  train 1.4354e-07  test med 5.7265e+00 mean 8.7575e+00 max 2.2149e+01  (45.3 eps/s x 32 = 1449 run-eps/s)
epoch   8000  train 1.4332e-07  test med 5.6331e+00 mean 8.7182e+00 max 2.2117e+01  (45.3 eps/s x 32 = 1450 run-eps/s)
epoch   8100  train 1.4310e-07  test med 5.5384e+00 mean 8.6785e+00 max 2.2086e+01  (45.3 eps/s x 32 = 1450 run-eps/s)
epoch   8200  train 1.4289e-07  test med 5.4417e+00 mean 8.6383e+00 max 2.2056e+01  (45.3 eps/s x 32 = 1450 run-eps/s)
epoch   8300  train 1.4268e-07  test med 5.3436e+00 mean 8.5975e+00 max 2.2026e+01  (45.3 eps/s x 32 = 1450 run-eps/s)
epoch   8400  train 1.4247e-07  test med 5.2437e+00 mean 8.5561e+00 max 2.1995e+01  (45.3 eps/s x 32 = 1450 run-eps/s)
epoch   8500  train 1.4227e-07  test med 5.1425e+00 mean 8.5140e+00 max 2.1966e+01  (45.3 eps/s x 32 = 1450 run-eps/s)
epoch   8600  train 1.4207e-07  test med 5.0399e+00 mean 8.4713e+00 max 2.1936e+01  (45.3 eps/s x 32 = 1450 run-eps/s)
epoch   8700  train 1.4188e-07  test med 4.9370e+00 mean 8.4279e+00 max 2.1907e+01  (45.3 eps/s x 32 = 1451 run-eps/s)
epoch   8800  train 1.4170e-07  test med 4.8329e+00 mean 8.3839e+00 max 2.1877e+01  (45.3 eps/s x 32 = 1451 run-eps/s)
epoch   8900  train 1.4152e-07  test med 4.7277e+00 mean 8.3392e+00 max 2.1848e+01  (45.3 eps/s x 32 = 1451 run-eps/s)
epoch   9000  train 1.4135e-07  test med 4.6212e+00 mean 8.2936e+00 max 2.1820e+01  (45.3 eps/s x 32 = 1451 run-eps/s)
epoch   9100  train 1.4119e-07  test med 4.5122e+00 mean 8.2471e+00 max 2.1792e+01  (45.3 eps/s x 32 = 1449 run-eps/s)
epoch   9200  train 1.4104e-07  test med 4.4016e+00 mean 8.1996e+00 max 2.1764e+01  (45.3 eps/s x 32 = 1450 run-eps/s)
epoch   9300  train 1.4089e-07  test med 4.2891e+00 mean 8.1511e+00 max 2.1736e+01  (45.3 eps/s x 32 = 1450 run-eps/s)
epoch   9400  train 1.4074e-07  test med 4.1752e+00 mean 8.1014e+00 max 2.1710e+01  (45.3 eps/s x 32 = 1450 run-eps/s)
epoch   9500  train 1.4060e-07  test med 4.0600e+00 mean 8.0508e+00 max 2.1683e+01  (45.3 eps/s x 32 = 1450 run-eps/s)
epoch   9600  train 1.4045e-07  test med 3.9043e+00 mean 7.9992e+00 max 2.1656e+01  (45.3 eps/s x 32 = 1450 run-eps/s)
epoch   9700  train 1.4030e-07  test med 3.7224e+00 mean 7.9464e+00 max 2.1630e+01  (45.3 eps/s x 32 = 1450 run-eps/s)
epoch   9800  train 1.4014e-07  test med 3.5333e+00 mean 7.8925e+00 max 2.1604e+01  (45.3 eps/s x 32 = 1450 run-eps/s)
epoch   9900  train 1.3998e-07  test med 3.3382e+00 mean 7.8375e+00 max 2.1578e+01  (45.3 eps/s x 32 = 1450 run-eps/s)
epoch  10000  train 1.3982e-07  test med 3.1376e+00 mean 7.7812e+00 max 2.1552e+01  (45.3 eps/s x 32 = 1450 run-eps/s)
epoch  10100  train 1.3966e-07  test med 2.9316e+00 mean 7.7238e+00 max 2.1527e+01  (45.3 eps/s x 32 = 1450 run-eps/s)
epoch  10200  train 1.3950e-07  test med 2.7210e+00 mean 7.6652e+00 max 2.1503e+01  (45.3 eps/s x 32 = 1451 run-eps/s)
epoch  10300  train 1.3935e-07  test med 2.5067e+00 mean 7.6055e+00 max 2.1478e+01  (45.3 eps/s x 32 = 1451 run-eps/s)
epoch  10400  train 1.3919e-07  test med 2.2913e+00 mean 7.5447e+00 max 2.1454e+01  (45.3 eps/s x 32 = 1451 run-eps/s)
epoch  10500  train 1.3904e-07  test med 2.0755e+00 mean 7.4830e+00 max 2.1430e+01  (45.3 eps/s x 32 = 1451 run-eps/s)
epoch  10600  train 1.3889e-07  test med 1.8608e+00 mean 7.4205e+00 max 2.1406e+01  (45.3 eps/s x 32 = 1451 run-eps/s)
epoch  10700  train 1.3874e-07  test med 1.6499e+00 mean 7.3572e+00 max 2.1383e+01  (45.3 eps/s x 32 = 1451 run-eps/s)
epoch  10800  train 1.3858e-07  test med 1.4453e+00 mean 7.2934e+00 max 2.1359e+01  (45.3 eps/s x 32 = 1451 run-eps/s)
epoch  10900  train 1.3842e-07  test med 1.2500e+00 mean 7.2292e+00 max 2.1337e+01  (45.4 eps/s x 32 = 1451 run-eps/s)
epoch  11000  train 1.3825e-07  test med 1.0668e+00 mean 7.1648e+00 max 2.1314e+01  (45.4 eps/s x 32 = 1451 run-eps/s)
epoch  11100  train 1.3807e-07  test med 8.9765e-01 mean 7.1003e+00 max 2.1291e+01  (45.4 eps/s x 32 = 1451 run-eps/s)
epoch  11200  train 1.3789e-07  test med 7.4494e-01 mean 7.0360e+00 max 2.1269e+01  (45.4 eps/s x 32 = 1451 run-eps/s)
epoch  11300  train 1.3770e-07  test med 6.0978e-01 mean 6.9719e+00 max 2.1246e+01  (45.4 eps/s x 32 = 1451 run-eps/s)
epoch  11400  train 1.3751e-07  test med 4.9364e-01 mean 6.9084e+00 max 2.1225e+01  (45.4 eps/s x 32 = 1452 run-eps/s)
epoch  11500  train 1.3731e-07  test med 3.9593e-01 mean 6.8457e+00 max 2.1203e+01  (45.4 eps/s x 32 = 1452 run-eps/s)
epoch  11600  train 1.3711e-07  test med 3.1540e-01 mean 6.7838e+00 max 2.1181e+01  (45.4 eps/s x 32 = 1452 run-eps/s)
epoch  11700  train 1.3692e-07  test med 2.5002e-01 mean 6.7227e+00 max 2.1160e+01  (45.4 eps/s x 32 = 1452 run-eps/s)
epoch  11800  train 1.3673e-07  test med 1.9719e-01 mean 6.6626e+00 max 2.1139e+01  (45.4 eps/s x 32 = 1452 run-eps/s)
epoch  11900  train 1.3654e-07  test med 1.5488e-01 mean 6.6037e+00 max 2.1118e+01  (45.4 eps/s x 32 = 1452 run-eps/s)
epoch  12000  train 1.3635e-07  test med 1.2130e-01 mean 6.5462e+00 max 2.1097e+01  (45.4 eps/s x 32 = 1452 run-eps/s)
epoch  12100  train 1.3616e-07  test med 9.4924e-02 mean 6.4903e+00 max 2.1077e+01  (45.4 eps/s x 32 = 1452 run-eps/s)
epoch  12200  train 1.3598e-07  test med 7.4333e-02 mean 6.4365e+00 max 2.1056e+01  (45.4 eps/s x 32 = 1452 run-eps/s)
epoch  12300  train 1.3580e-07  test med 5.8406e-02 mean 6.3851e+00 max 2.1036e+01  (45.4 eps/s x 32 = 1452 run-eps/s)
epoch  12400  train 1.3563e-07  test med 4.6186e-02 mean 6.3364e+00 max 2.1016e+01  (45.4 eps/s x 32 = 1452 run-eps/s)
epoch  12500  train 1.3545e-07  test med 3.6794e-02 mean 6.2904e+00 max 2.0996e+01  (45.4 eps/s x 32 = 1452 run-eps/s)
epoch  12600  train 1.3528e-07  test med 2.9513e-02 mean 6.2471e+00 max 2.0977e+01  (45.4 eps/s x 32 = 1452 run-eps/s)
epoch  12700  train 1.3511e-07  test med 2.3705e-02 mean 6.2066e+00 max 2.0957e+01  (45.4 eps/s x 32 = 1452 run-eps/s)
epoch  12800  train 1.3495e-07  test med 1.9067e-02 mean 6.1688e+00 max 2.0938e+01  (45.4 eps/s x 32 = 1452 run-eps/s)
epoch  12900  train 1.3479e-07  test med 1.5393e-02 mean 6.1338e+00 max 2.0919e+01  (45.4 eps/s x 32 = 1452 run-eps/s)
epoch  13000  train 1.3464e-07  test med 1.2495e-02 mean 6.1013e+00 max 2.0900e+01  (45.4 eps/s x 32 = 1452 run-eps/s)
epoch  13100  train 1.3449e-07  test med 1.0250e-02 mean 6.0709e+00 max 2.0881e+01  (45.4 eps/s x 32 = 1453 run-eps/s)
epoch  13200  train 1.3435e-07  test med 8.4442e-03 mean 6.0425e+00 max 2.0862e+01  (45.4 eps/s x 32 = 1453 run-eps/s)
epoch  13300  train 1.3420e-07  test med 6.9993e-03 mean 6.0156e+00 max 2.0844e+01  (45.4 eps/s x 32 = 1453 run-eps/s)
epoch  13400  train 1.3407e-07  test med 5.8158e-03 mean 5.9901e+00 max 2.0826e+01  (45.4 eps/s x 32 = 1453 run-eps/s)
epoch  13500  train 1.3394e-07  test med 4.8453e-03 mean 5.9658e+00 max 2.0808e+01  (45.4 eps/s x 32 = 1453 run-eps/s)
epoch  13600  train 1.3381e-07  test med 4.0656e-03 mean 5.9423e+00 max 2.0790e+01  (45.4 eps/s x 32 = 1453 run-eps/s)
epoch  13700  train 1.3370e-07  test med 3.4401e-03 mean 5.9195e+00 max 2.0773e+01  (45.4 eps/s x 32 = 1453 run-eps/s)
epoch  13800  train 1.3357e-07  test med 2.9411e-03 mean 5.8973e+00 max 2.0755e+01  (45.4 eps/s x 32 = 1453 run-eps/s)
epoch  13900  train 1.3346e-07  test med 2.5184e-03 mean 5.8754e+00 max 2.0737e+01  (45.4 eps/s x 32 = 1453 run-eps/s)
epoch  14000  train 1.3335e-07  test med 2.1675e-03 mean 5.8537e+00 max 2.0720e+01  (45.4 eps/s x 32 = 1453 run-eps/s)
epoch  14100  train 1.3323e-07  test med 1.8757e-03 mean 5.8321e+00 max 2.0702e+01  (45.4 eps/s x 32 = 1453 run-eps/s)
epoch  14200  train 1.3313e-07  test med 1.6317e-03 mean 5.8106e+00 max 2.0685e+01  (45.4 eps/s x 32 = 1453 run-eps/s)
epoch  14300  train 1.3302e-07  test med 1.4441e-03 mean 5.7890e+00 max 2.0668e+01  (45.4 eps/s x 32 = 1453 run-eps/s)
epoch  14400  train 1.3292e-07  test med 1.3021e-03 mean 5.7673e+00 max 2.0651e+01  (45.4 eps/s x 32 = 1453 run-eps/s)
epoch  14500  train 1.3282e-07  test med 1.2041e-03 mean 5.7455e+00 max 2.0634e+01  (45.4 eps/s x 32 = 1453 run-eps/s)
epoch  14600  train 1.3272e-07  test med 1.1379e-03 mean 5.7235e+00 max 2.0617e+01  (45.4 eps/s x 32 = 1453 run-eps/s)
epoch  14700  train 1.3263e-07  test med 1.0913e-03 mean 5.7013e+00 max 2.0600e+01  (45.4 eps/s x 32 = 1453 run-eps/s)
epoch  14800  train 1.3253e-07  test med 1.0590e-03 mean 5.6790e+00 max 2.0583e+01  (45.4 eps/s x 32 = 1453 run-eps/s)
epoch  14900  train 1.3243e-07  test med 9.8880e-04 mean 5.6563e+00 max 2.0567e+01  (45.4 eps/s x 32 = 1453 run-eps/s)
epoch  15000  train 1.3234e-07  test med 7.8898e-04 mean 5.6334e+00 max 2.0551e+01  (45.4 eps/s x 32 = 1453 run-eps/s)
epoch  15100  train 1.3225e-07  test med 6.2684e-04 mean 5.6101e+00 max 2.0534e+01  (45.4 eps/s x 32 = 1453 run-eps/s)
epoch  15200  train 1.3216e-07  test med 4.9458e-04 mean 5.5865e+00 max 2.0518e+01  (45.4 eps/s x 32 = 1453 run-eps/s)
epoch  15300  train 1.3207e-07  test med 3.8989e-04 mean 5.5626e+00 max 2.0501e+01  (45.4 eps/s x 32 = 1453 run-eps/s)
epoch  15400  train 1.3198e-07  test med 3.0004e-04 mean 5.5384e+00 max 2.0485e+01  (45.4 eps/s x 32 = 1453 run-eps/s)
epoch  15500  train 1.3189e-07  test med 2.2104e-04 mean 5.5139e+00 max 2.0469e+01  (45.4 eps/s x 32 = 1453 run-eps/s)
epoch  15600  train 1.3180e-07  test med 1.6532e-04 mean 5.4891e+00 max 2.0453e+01  (45.4 eps/s x 32 = 1453 run-eps/s)
epoch  15700  train 1.3172e-07  test med 1.2248e-04 mean 5.4639e+00 max 2.0437e+01  (45.4 eps/s x 32 = 1453 run-eps/s)
epoch  15800  train 1.3164e-07  test med 9.1745e-05 mean 5.4384e+00 max 2.0421e+01  (45.4 eps/s x 32 = 1453 run-eps/s)
epoch  15900  train 1.3155e-07  test med 6.9714e-05 mean 5.4126e+00 max 2.0405e+01  (45.4 eps/s x 32 = 1453 run-eps/s)
epoch  16000  train 1.3147e-07  test med 5.4383e-05 mean 5.3865e+00 max 2.0389e+01  (45.4 eps/s x 32 = 1454 run-eps/s)
epoch  16100  train 1.3139e-07  test med 4.3798e-05 mean 5.3601e+00 max 2.0374e+01  (45.4 eps/s x 32 = 1454 run-eps/s)
epoch  16200  train 1.3130e-07  test med 3.6528e-05 mean 5.3333e+00 max 2.0358e+01  (45.4 eps/s x 32 = 1454 run-eps/s)
epoch  16300  train 1.3122e-07  test med 3.1402e-05 mean 5.3062e+00 max 2.0343e+01  (45.4 eps/s x 32 = 1454 run-eps/s)
epoch  16400  train 1.3113e-07  test med 3.0034e-05 mean 5.2788e+00 max 2.0327e+01  (45.4 eps/s x 32 = 1454 run-eps/s)
epoch  16500  train 1.3105e-07  test med 3.0656e-05 mean 5.2511e+00 max 2.0312e+01  (45.4 eps/s x 32 = 1454 run-eps/s)
epoch  16600  train 1.3096e-07  test med 3.1300e-05 mean 5.2231e+00 max 2.0296e+01  (45.4 eps/s x 32 = 1454 run-eps/s)
epoch  16700  train 1.3087e-07  test med 3.1895e-05 mean 5.1949e+00 max 2.0281e+01  (45.4 eps/s x 32 = 1454 run-eps/s)
epoch  16800  train 1.3077e-07  test med 3.2018e-05 mean 5.1665e+00 max 2.0266e+01  (45.4 eps/s x 32 = 1454 run-eps/s)
epoch  16900  train 1.3068e-07  test med 3.1755e-05 mean 5.1378e+00 max 2.0250e+01  (45.4 eps/s x 32 = 1454 run-eps/s)
epoch  17000  train 1.3056e-07  test med 3.1750e-05 mean 5.1089e+00 max 2.0235e+01  (45.4 eps/s x 32 = 1454 run-eps/s)
epoch  17100  train 1.3045e-07  test med 3.1723e-05 mean 5.0799e+00 max 2.0220e+01  (45.4 eps/s x 32 = 1454 run-eps/s)
epoch  17200  train 1.3037e-07  test med 3.1682e-05 mean 5.0508e+00 max 2.0205e+01  (45.4 eps/s x 32 = 1454 run-eps/s)
epoch  17300  train 1.3032e-07  test med 3.1726e-05 mean 5.0217e+00 max 2.0190e+01  (45.4 eps/s x 32 = 1454 run-eps/s)
epoch  17400  train 1.3024e-07  test med 3.1126e-05 mean 4.9926e+00 max 2.0175e+01  (45.4 eps/s x 32 = 1454 run-eps/s)
epoch  17500  train 1.3017e-07  test med 3.0676e-05 mean 4.9636e+00 max 2.0160e+01  (45.4 eps/s x 32 = 1454 run-eps/s)
epoch  17600  train 1.3018e-07  test med 2.8857e-05 mean 4.9349e+00 max 2.0145e+01  (45.4 eps/s x 32 = 1454 run-eps/s)
epoch  17700  train 1.2999e-07  test med 2.3231e-05 mean 4.9066e+00 max 2.0130e+01  (45.4 eps/s x 32 = 1454 run-eps/s)
epoch  17800  train 1.2994e-07  test med 1.7826e-05 mean 4.8787e+00 max 2.0115e+01  (45.4 eps/s x 32 = 1454 run-eps/s)
epoch  17900  train 1.2979e-07  test med 1.4322e-05 mean 4.8513e+00 max 2.0100e+01  (45.4 eps/s x 32 = 1454 run-eps/s)
epoch  18000  train 1.2976e-07  test med 1.0903e-05 mean 4.8246e+00 max 2.0085e+01  (45.4 eps/s x 32 = 1454 run-eps/s)
epoch  18100  train 1.2964e-07  test med 7.4806e-06 mean 4.7984e+00 max 2.0070e+01  (45.4 eps/s x 32 = 1454 run-eps/s)
epoch  18200  train 1.2955e-07  test med 5.1861e-06 mean 4.7730e+00 max 2.0055e+01  (45.4 eps/s x 32 = 1454 run-eps/s)
epoch  18300  train 1.2945e-07  test med 3.7136e-06 mean 4.7483e+00 max 2.0040e+01  (45.4 eps/s x 32 = 1454 run-eps/s)
epoch  18400  train 1.2950e-07  test med 2.8483e-06 mean 4.7246e+00 max 2.0025e+01  (45.4 eps/s x 32 = 1454 run-eps/s)
epoch  18500  train 1.2937e-07  test med 2.5554e-06 mean 4.7018e+00 max 2.0011e+01  (45.4 eps/s x 32 = 1454 run-eps/s)
epoch  18600  train 1.2928e-07  test med 2.5382e-06 mean 4.6799e+00 max 1.9996e+01  (45.4 eps/s x 32 = 1454 run-eps/s)
epoch  18700  train 1.2910e-07  test med 2.5206e-06 mean 4.6589e+00 max 1.9981e+01  (45.4 eps/s x 32 = 1454 run-eps/s)
epoch  18800  train 1.2906e-07  test med 2.5334e-06 mean 4.6387e+00 max 1.9966e+01  (45.4 eps/s x 32 = 1454 run-eps/s)
epoch  18900  train 1.2900e-07  test med 2.5391e-06 mean 4.6191e+00 max 1.9951e+01  (45.4 eps/s x 32 = 1454 run-eps/s)
epoch  19000  train 1.2890e-07  test med 2.5416e-06 mean 4.6003e+00 max 1.9936e+01  (45.4 eps/s x 32 = 1454 run-eps/s)
epoch  19100  train 1.3019e-07  test med 2.5327e-06 mean 4.5820e+00 max 1.9921e+01  (45.4 eps/s x 32 = 1454 run-eps/s)
epoch  19200  train 1.2906e-07  test med 2.5194e-06 mean 4.5642e+00 max 1.9906e+01  (45.4 eps/s x 32 = 1454 run-eps/s)
epoch  19300  train 1.2875e-07  test med 2.4975e-06 mean 4.5468e+00 max 1.9891e+01  (45.4 eps/s x 32 = 1454 run-eps/s)
epoch  19400  train 1.2886e-07  test med 2.3699e-06 mean 4.5298e+00 max 1.9876e+01  (45.4 eps/s x 32 = 1454 run-eps/s)
epoch  19500  train 1.2864e-07  test med 2.1585e-06 mean 4.5131e+00 max 1.9861e+01  (45.4 eps/s x 32 = 1454 run-eps/s)
epoch  19600  train 1.2863e-07  test med 2.0038e-06 mean 4.4967e+00 max 1.9846e+01  (45.4 eps/s x 32 = 1454 run-eps/s)
epoch  19700  train 1.2851e-07  test med 1.8707e-06 mean 4.4804e+00 max 1.9831e+01  (45.4 eps/s x 32 = 1454 run-eps/s)
epoch  19800  train 1.2839e-07  test med 1.8101e-06 mean 4.4641e+00 max 1.9816e+01  (45.4 eps/s x 32 = 1454 run-eps/s)
epoch  19900  train 1.2851e-07  test med 1.7345e-06 mean 4.4480e+00 max 1.9801e+01  (45.4 eps/s x 32 = 1454 run-eps/s)
epoch  20000  train 1.2841e-07  test med 1.7402e-06 mean 4.4319e+00 max 1.9786e+01  (45.4 eps/s x 32 = 1454 run-eps/s)
epoch  20100  train 1.2822e-07  test med 1.7651e-06 mean 4.4158e+00 max 1.9771e+01  (45.4 eps/s x 32 = 1454 run-eps/s)
epoch  20200  train 1.2860e-07  test med 1.8005e-06 mean 4.3998e+00 max 1.9756e+01  (45.4 eps/s x 32 = 1454 run-eps/s)
epoch  20300  train 1.2811e-07  test med 1.8158e-06 mean 4.3838e+00 max 1.9741e+01  (45.4 eps/s x 32 = 1454 run-eps/s)
epoch  20400  train 1.2849e-07  test med 1.8166e-06 mean 4.3677e+00 max 1.9726e+01  (45.4 eps/s x 32 = 1454 run-eps/s)
epoch  20500  train 1.2800e-07  test med 1.8323e-06 mean 4.3516e+00 max 1.9711e+01  (45.4 eps/s x 32 = 1454 run-eps/s)
epoch  20600  train 1.2819e-07  test med 1.8485e-06 mean 4.3355e+00 max 1.9697e+01  (45.4 eps/s x 32 = 1454 run-eps/s)
epoch  20700  train 1.2814e-07  test med 1.8704e-06 mean 4.3192e+00 max 1.9682e+01  (45.4 eps/s x 32 = 1454 run-eps/s)
epoch  20800  train 1.2812e-07  test med 1.9094e-06 mean 4.3030e+00 max 1.9667e+01  (45.4 eps/s x 32 = 1454 run-eps/s)
epoch  20900  train 1.2823e-07  test med 1.9513e-06 mean 4.2867e+00 max 1.9653e+01  (45.4 eps/s x 32 = 1454 run-eps/s)
epoch  21000  train 1.2770e-07  test med 2.0024e-06 mean 4.2704e+00 max 1.9638e+01  (45.4 eps/s x 32 = 1454 run-eps/s)
epoch  21100  train 1.2759e-07  test med 2.0359e-06 mean 4.2541e+00 max 1.9624e+01  (45.4 eps/s x 32 = 1454 run-eps/s)
epoch  21200  train 1.2780e-07  test med 2.0107e-06 mean 4.2377e+00 max 1.9609e+01  (45.4 eps/s x 32 = 1454 run-eps/s)
epoch  21300  train 1.4402e-05  test med 2.5469e-06 mean 4.2219e+00 max 1.9594e+01  (45.4 eps/s x 32 = 1454 run-eps/s)
epoch  21400  train 4.2405e-04  test med 2.6304e-06 mean 4.2055e+00 max 1.9579e+01  (45.4 eps/s x 32 = 1454 run-eps/s)
epoch  21500  train 1.7045e-04  test med 2.7252e-06 mean 4.1889e+00 max 1.9564e+01  (45.4 eps/s x 32 = 1454 run-eps/s)
epoch  21600  train 6.0642e-05  test med 2.8299e-06 mean 4.1724e+00 max 1.9550e+01  (45.4 eps/s x 32 = 1454 run-eps/s)
epoch  21700  train 2.1361e-05  test med 2.9269e-06 mean 4.1561e+00 max 1.9535e+01  (45.4 eps/s x 32 = 1454 run-eps/s)
epoch  21800  train 7.6027e-06  test med 3.0208e-06 mean 4.1397e+00 max 1.9520e+01  (45.4 eps/s x 32 = 1454 run-eps/s)
epoch  21900  train 2.7881e-06  test med 3.1050e-06 mean 4.1235e+00 max 1.9505e+01  (45.4 eps/s x 32 = 1454 run-eps/s)
epoch  22000  train 1.0879e-06  test med 3.1886e-06 mean 4.1073e+00 max 1.9490e+01  (45.4 eps/s x 32 = 1454 run-eps/s)
epoch  22100  train 4.8157e-07  test med 3.2528e-06 mean 4.0913e+00 max 1.9475e+01  (45.4 eps/s x 32 = 1454 run-eps/s)
epoch  22200  train 2.6083e-07  test med 3.3195e-06 mean 4.0754e+00 max 1.9460e+01  (45.4 eps/s x 32 = 1454 run-eps/s)
epoch  22300  train 1.7906e-07  test med 3.3687e-06 mean 4.0598e+00 max 1.9445e+01  (45.4 eps/s x 32 = 1454 run-eps/s)
epoch  22400  train 1.4747e-07  test med 2.4046e-06 mean 4.0444e+00 max 1.9430e+01  (45.4 eps/s x 32 = 1454 run-eps/s)
epoch  22500  train 1.3487e-07  test med 1.8976e-06 mean 4.0294e+00 max 1.9415e+01  (45.4 eps/s x 32 = 1454 run-eps/s)
epoch  22600  train 1.2986e-07  test med 1.8930e-06 mean 4.0146e+00 max 1.9399e+01  (45.4 eps/s x 32 = 1454 run-eps/s)
epoch  22700  train 1.2801e-07  test med 1.8972e-06 mean 4.0001e+00 max 1.9383e+01  (45.4 eps/s x 32 = 1454 run-eps/s)
epoch  22800  train 1.2736e-07  test med 1.9078e-06 mean 3.9860e+00 max 1.9368e+01  (45.4 eps/s x 32 = 1454 run-eps/s)
epoch  22900  train 1.2712e-07  test med 1.9347e-06 mean 3.9722e+00 max 1.9352e+01  (45.4 eps/s x 32 = 1454 run-eps/s)
epoch  23000  train 1.2706e-07  test med 1.9474e-06 mean 3.9588e+00 max 1.9337e+01  (45.4 eps/s x 32 = 1454 run-eps/s)
epoch  23100  train 1.2687e-07  test med 1.9712e-06 mean 3.9457e+00 max 1.9321e+01  (45.4 eps/s x 32 = 1454 run-eps/s)
epoch  23200  train 1.2683e-07  test med 1.9841e-06 mean 3.9330e+00 max 1.9305e+01  (45.4 eps/s x 32 = 1454 run-eps/s)
epoch  23300  train 1.2672e-07  test med 1.9975e-06 mean 3.9205e+00 max 1.9289e+01  (45.4 eps/s x 32 = 1454 run-eps/s)
epoch  23400  train 1.2665e-07  test med 2.0176e-06 mean 3.9083e+00 max 1.9273e+01  (45.4 eps/s x 32 = 1454 run-eps/s)
epoch  23500  train 1.2677e-07  test med 2.0279e-06 mean 3.8964e+00 max 1.9258e+01  (45.4 eps/s x 32 = 1454 run-eps/s)
epoch  23600  train 1.2661e-07  test med 2.0460e-06 mean 3.8847e+00 max 1.9242e+01  (45.4 eps/s x 32 = 1454 run-eps/s)
epoch  23700  train 1.2643e-07  test med 2.0758e-06 mean 3.8732e+00 max 1.9226e+01  (45.4 eps/s x 32 = 1454 run-eps/s)
epoch  23800  train 1.2638e-07  test med 2.0937e-06 mean 3.8619e+00 max 1.9211e+01  (45.4 eps/s x 32 = 1454 run-eps/s)
epoch  23900  train 1.2653e-07  test med 2.1079e-06 mean 3.8506e+00 max 1.9195e+01  (45.4 eps/s x 32 = 1454 run-eps/s)
epoch  24000  train 1.2628e-07  test med 2.1338e-06 mean 3.8395e+00 max 1.9179e+01  (45.4 eps/s x 32 = 1454 run-eps/s)
epoch  24100  train 1.2620e-07  test med 2.1599e-06 mean 3.8285e+00 max 1.9163e+01  (45.4 eps/s x 32 = 1454 run-eps/s)
epoch  24200  train 1.2625e-07  test med 2.1876e-06 mean 3.8175e+00 max 1.9147e+01  (45.4 eps/s x 32 = 1454 run-eps/s)
epoch  24300  train 1.2603e-07  test med 2.2313e-06 mean 3.8066e+00 max 1.9131e+01  (45.5 eps/s x 32 = 1454 run-eps/s)
epoch  24400  train 1.2627e-07  test med 2.2685e-06 mean 3.7957e+00 max 1.9115e+01  (45.5 eps/s x 32 = 1454 run-eps/s)
epoch  24500  train 1.2613e-07  test med 2.2879e-06 mean 3.7848e+00 max 1.9099e+01  (45.5 eps/s x 32 = 1454 run-eps/s)
epoch  24600  train 1.2600e-07  test med 2.3204e-06 mean 3.7740e+00 max 1.9083e+01  (45.5 eps/s x 32 = 1454 run-eps/s)
epoch  24700  train 1.2616e-07  test med 2.3414e-06 mean 3.7631e+00 max 1.9067e+01  (45.5 eps/s x 32 = 1454 run-eps/s)
epoch  24800  train 1.2612e-07  test med 2.3610e-06 mean 3.7521e+00 max 1.9050e+01  (45.5 eps/s x 32 = 1454 run-eps/s)
epoch  24900  train 1.3927e-04  test med 2.4075e-06 mean 3.7414e+00 max 1.9034e+01  (45.5 eps/s x 32 = 1454 run-eps/s)
epoch  25000  train 4.9057e-04  test med 2.4135e-06 mean 3.7307e+00 max 1.9017e+01  (45.5 eps/s x 32 = 1454 run-eps/s)
epoch  25100  train 1.8931e-04  test med 2.4477e-06 mean 3.7193e+00 max 1.9000e+01  (45.4 eps/s x 32 = 1454 run-eps/s)
epoch  25200  train 6.7293e-05  test med 2.4653e-06 mean 3.7081e+00 max 1.8983e+01  (45.4 eps/s x 32 = 1454 run-eps/s)
epoch  25300  train 2.3963e-05  test med 2.4745e-06 mean 3.6969e+00 max 1.8966e+01  (45.4 eps/s x 32 = 1454 run-eps/s)
epoch  25400  train 8.6709e-06  test med 2.4676e-06 mean 3.6857e+00 max 1.8949e+01  (45.4 eps/s x 32 = 1454 run-eps/s)
epoch  25500  train 3.2245e-06  test med 2.4924e-06 mean 3.6744e+00 max 1.8932e+01  (45.4 eps/s x 32 = 1454 run-eps/s)
epoch  25600  train 1.2617e-06  test med 2.5001e-06 mean 3.6631e+00 max 1.8915e+01  (45.4 eps/s x 32 = 1454 run-eps/s)
epoch  25700  train 5.4717e-07  test med 2.5033e-06 mean 3.6518e+00 max 1.8898e+01  (45.4 eps/s x 32 = 1454 run-eps/s)
epoch  25800  train 2.8455e-07  test med 2.5316e-06 mean 3.6404e+00 max 1.8880e+01  (45.4 eps/s x 32 = 1454 run-eps/s)
epoch  25900  train 1.8672e-07  test med 2.4564e-06 mean 3.6289e+00 max 1.8862e+01  (45.5 eps/s x 32 = 1454 run-eps/s)
epoch  26000  train 1.4936e-07  test med 2.1696e-06 mean 3.6174e+00 max 1.8845e+01  (45.5 eps/s x 32 = 1454 run-eps/s)
epoch  26100  train 1.3467e-07  test med 1.6538e-06 mean 3.6058e+00 max 1.8827e+01  (45.5 eps/s x 32 = 1454 run-eps/s)
epoch  26200  train 1.2889e-07  test med 1.5382e-06 mean 3.5941e+00 max 1.8809e+01  (45.5 eps/s x 32 = 1454 run-eps/s)
epoch  26300  train 1.2677e-07  test med 1.4339e-06 mean 3.5823e+00 max 1.8791e+01  (45.5 eps/s x 32 = 1454 run-eps/s)
epoch  26400  train 1.2605e-07  test med 1.3448e-06 mean 3.5705e+00 max 1.8773e+01  (45.5 eps/s x 32 = 1454 run-eps/s)
epoch  26500  train 1.2579e-07  test med 1.2649e-06 mean 3.5586e+00 max 1.8754e+01  (45.5 eps/s x 32 = 1454 run-eps/s)
epoch  26600  train 1.2566e-07  test med 1.1900e-06 mean 3.5466e+00 max 1.8735e+01  (45.5 eps/s x 32 = 1454 run-eps/s)
epoch  26700  train 1.2559e-07  test med 1.1250e-06 mean 3.5345e+00 max 1.8717e+01  (45.5 eps/s x 32 = 1454 run-eps/s)
epoch  26800  train 1.2555e-07  test med 1.0675e-06 mean 3.5224e+00 max 1.8698e+01  (45.5 eps/s x 32 = 1454 run-eps/s)
epoch  26900  train 1.2547e-07  test med 1.0348e-06 mean 3.5101e+00 max 1.8679e+01  (45.5 eps/s x 32 = 1454 run-eps/s)
epoch  27000  train 1.2553e-07  test med 1.0072e-06 mean 3.4978e+00 max 1.8660e+01  (45.5 eps/s x 32 = 1454 run-eps/s)
epoch  27100  train 1.2547e-07  test med 9.8176e-07 mean 3.4854e+00 max 1.8641e+01  (45.5 eps/s x 32 = 1455 run-eps/s)
epoch  27200  train 1.2615e-07  test med 9.5906e-07 mean 3.4728e+00 max 1.8622e+01  (45.5 eps/s x 32 = 1455 run-eps/s)
epoch  27300  train 1.2535e-07  test med 9.3983e-07 mean 3.4601e+00 max 1.8603e+01  (45.5 eps/s x 32 = 1455 run-eps/s)
epoch  27400  train 1.2531e-07  test med 9.2308e-07 mean 3.4474e+00 max 1.8583e+01  (45.5 eps/s x 32 = 1455 run-eps/s)
epoch  27500  train 1.2528e-07  test med 9.0806e-07 mean 3.4345e+00 max 1.8564e+01  (45.5 eps/s x 32 = 1455 run-eps/s)
epoch  27600  train 1.2505e-07  test med 8.9502e-07 mean 3.4215e+00 max 1.8545e+01  (45.5 eps/s x 32 = 1455 run-eps/s)
epoch  27700  train 1.2549e-07  test med 8.8379e-07 mean 3.4084e+00 max 1.8525e+01  (45.5 eps/s x 32 = 1455 run-eps/s)
epoch  27800  train 1.2532e-07  test med 8.7315e-07 mean 3.3951e+00 max 1.8506e+01  (45.5 eps/s x 32 = 1455 run-eps/s)
epoch  27900  train 1.2520e-07  test med 8.6298e-07 mean 3.3817e+00 max 1.8486e+01  (45.5 eps/s x 32 = 1455 run-eps/s)
epoch  28000  train 1.2508e-07  test med 8.5510e-07 mean 3.3683e+00 max 1.8467e+01  (45.5 eps/s x 32 = 1455 run-eps/s)
epoch  28100  train 1.2522e-07  test med 8.4687e-07 mean 3.3547e+00 max 1.8447e+01  (45.5 eps/s x 32 = 1455 run-eps/s)
epoch  28200  train 1.2547e-07  test med 8.3988e-07 mean 3.3411e+00 max 1.8428e+01  (45.5 eps/s x 32 = 1455 run-eps/s)
epoch  28300  train 1.2494e-07  test med 8.3311e-07 mean 3.3273e+00 max 1.8408e+01  (45.5 eps/s x 32 = 1455 run-eps/s)
epoch  28400  train 1.2510e-07  test med 8.3305e-07 mean 3.3134e+00 max 1.8389e+01  (45.5 eps/s x 32 = 1455 run-eps/s)
epoch  28500  train 1.2518e-07  test med 8.3325e-07 mean 3.2994e+00 max 1.8369e+01  (45.5 eps/s x 32 = 1455 run-eps/s)
epoch  28600  train 1.2506e-07  test med 8.3311e-07 mean 3.2853e+00 max 1.8349e+01  (45.5 eps/s x 32 = 1455 run-eps/s)
epoch  28700  train 1.2497e-07  test med 8.3298e-07 mean 3.2710e+00 max 1.8329e+01  (45.5 eps/s x 32 = 1455 run-eps/s)
epoch  28800  train 1.2500e-07  test med 8.3333e-07 mean 3.2566e+00 max 1.8309e+01  (45.5 eps/s x 32 = 1455 run-eps/s)
epoch  28900  train 1.2425e-07  test med 8.3338e-07 mean 3.2421e+00 max 1.8288e+01  (45.5 eps/s x 32 = 1455 run-eps/s)
epoch  29000  train 1.2499e-07  test med 8.3310e-07 mean 3.2274e+00 max 1.8268e+01  (45.5 eps/s x 32 = 1455 run-eps/s)
epoch  29100  train 1.2488e-07  test med 8.3306e-07 mean 3.2126e+00 max 1.8247e+01  (45.5 eps/s x 32 = 1455 run-eps/s)
epoch  29200  train 1.2499e-07  test med 8.3279e-07 mean 3.1977e+00 max 1.8226e+01  (45.5 eps/s x 32 = 1455 run-eps/s)
epoch  29300  train 1.2489e-07  test med 8.3278e-07 mean 3.1826e+00 max 1.8205e+01  (45.5 eps/s x 32 = 1455 run-eps/s)
epoch  29400  train 1.2510e-07  test med 8.3253e-07 mean 3.1674e+00 max 1.8184e+01  (45.5 eps/s x 32 = 1455 run-eps/s)
epoch  29500  train 1.2475e-07  test med 8.3251e-07 mean 3.1521e+00 max 1.8163e+01  (45.5 eps/s x 32 = 1455 run-eps/s)
epoch  29600  train 1.2481e-07  test med 8.3260e-07 mean 3.1366e+00 max 1.8141e+01  (45.5 eps/s x 32 = 1455 run-eps/s)
epoch  29700  train 1.2479e-07  test med 8.3230e-07 mean 3.1210e+00 max 1.8119e+01  (45.5 eps/s x 32 = 1455 run-eps/s)
epoch  29800  train 1.2477e-07  test med 8.3235e-07 mean 3.1053e+00 max 1.8098e+01  (45.5 eps/s x 32 = 1455 run-eps/s)
epoch  29900  train 4.1366e-04  test med 1.3064e-06 mean 3.0899e+00 max 1.8076e+01  (45.5 eps/s x 32 = 1455 run-eps/s)
epoch  30000  train 6.0801e-04  test med 1.2993e-06 mean 3.0741e+00 max 1.8054e+01  (45.5 eps/s x 32 = 1455 run-eps/s)
epoch  30100  train 2.1868e-04  test med 1.2604e-06 mean 3.0575e+00 max 1.8031e+01  (45.5 eps/s x 32 = 1455 run-eps/s)
epoch  30200  train 7.6844e-05  test med 1.2372e-06 mean 3.0410e+00 max 1.8008e+01  (45.5 eps/s x 32 = 1455 run-eps/s)
epoch  30300  train 2.7180e-05  test med 1.2183e-06 mean 3.0245e+00 max 1.7985e+01  (45.5 eps/s x 32 = 1455 run-eps/s)
epoch  30400  train 9.7428e-06  test med 1.2089e-06 mean 3.0078e+00 max 1.7962e+01  (45.5 eps/s x 32 = 1455 run-eps/s)
epoch  30500  train 3.5771e-06  test med 1.1984e-06 mean 2.9911e+00 max 1.7938e+01  (45.5 eps/s x 32 = 1455 run-eps/s)
epoch  30600  train 1.3797e-06  test med 1.1937e-06 mean 2.9742e+00 max 1.7915e+01  (45.5 eps/s x 32 = 1455 run-eps/s)
epoch  30700  train 5.8748e-07  test med 1.1811e-06 mean 2.9571e+00 max 1.7891e+01  (45.5 eps/s x 32 = 1455 run-eps/s)
epoch  30800  train 2.9831e-07  test med 1.1722e-06 mean 2.9399e+00 max 1.7867e+01  (45.5 eps/s x 32 = 1455 run-eps/s)
epoch  30900  train 1.9112e-07  test med 1.1606e-06 mean 2.9226e+00 max 1.7843e+01  (45.5 eps/s x 32 = 1455 run-eps/s)
epoch  31000  train 1.5037e-07  test med 1.1559e-06 mean 2.9051e+00 max 1.7819e+01  (45.5 eps/s x 32 = 1455 run-eps/s)
epoch  31100  train 1.3441e-07  test med 1.1496e-06 mean 2.8874e+00 max 1.7795e+01  (45.5 eps/s x 32 = 1455 run-eps/s)
epoch  31200  train 1.2814e-07  test med 9.2227e-07 mean 2.8696e+00 max 1.7771e+01  (45.5 eps/s x 32 = 1455 run-eps/s)
epoch  31300  train 1.2583e-07  test med 8.3183e-07 mean 2.8516e+00 max 1.7747e+01  (45.5 eps/s x 32 = 1455 run-eps/s)
epoch  31400  train 1.2506e-07  test med 8.3208e-07 mean 2.8334e+00 max 1.7722e+01  (45.5 eps/s x 32 = 1455 run-eps/s)
epoch  31500  train 1.2479e-07  test med 8.3172e-07 mean 2.8150e+00 max 1.7697e+01  (45.5 eps/s x 32 = 1455 run-eps/s)
epoch  31600  train 1.2470e-07  test med 8.3190e-07 mean 2.7966e+00 max 1.7672e+01  (45.5 eps/s x 32 = 1455 run-eps/s)
epoch  31700  train 1.2467e-07  test med 8.3208e-07 mean 2.7780e+00 max 1.7646e+01  (45.5 eps/s x 32 = 1455 run-eps/s)
epoch  31800  train 1.2456e-07  test med 8.3198e-07 mean 2.7592e+00 max 1.7621e+01  (45.5 eps/s x 32 = 1455 run-eps/s)
epoch  31900  train 1.2435e-07  test med 8.3190e-07 mean 2.7404e+00 max 1.7595e+01  (45.5 eps/s x 32 = 1455 run-eps/s)
epoch  32000  train 1.2453e-07  test med 8.3205e-07 mean 2.7213e+00 max 1.7569e+01  (45.5 eps/s x 32 = 1455 run-eps/s)
epoch  32100  train 1.2447e-07  test med 8.3195e-07 mean 2.7021e+00 max 1.7543e+01  (45.5 eps/s x 32 = 1455 run-eps/s)
epoch  32200  train 1.2441e-07  test med 8.3191e-07 mean 2.6827e+00 max 1.7516e+01  (45.5 eps/s x 32 = 1455 run-eps/s)
epoch  32300  train 1.2439e-07  test med 8.3191e-07 mean 2.6632e+00 max 1.7489e+01  (45.5 eps/s x 32 = 1455 run-eps/s)
epoch  32400  train 1.2454e-07  test med 8.3184e-07 mean 2.6436e+00 max 1.7463e+01  (45.5 eps/s x 32 = 1455 run-eps/s)
epoch  32500  train 1.2432e-07  test med 8.3188e-07 mean 2.6238e+00 max 1.7435e+01  (45.5 eps/s x 32 = 1455 run-eps/s)
epoch  32600  train 1.2434e-07  test med 8.3226e-07 mean 2.6039e+00 max 1.7408e+01  (45.5 eps/s x 32 = 1455 run-eps/s)
epoch  32700  train 1.2453e-07  test med 8.3242e-07 mean 2.5840e+00 max 1.7380e+01  (45.5 eps/s x 32 = 1455 run-eps/s)
epoch  32800  train 1.2435e-07  test med 8.3241e-07 mean 2.5639e+00 max 1.7352e+01  (45.5 eps/s x 32 = 1455 run-eps/s)
epoch  32900  train 1.2418e-07  test med 8.3229e-07 mean 2.5437e+00 max 1.7323e+01  (45.5 eps/s x 32 = 1455 run-eps/s)
epoch  33000  train 1.2402e-07  test med 8.3231e-07 mean 2.5234e+00 max 1.7295e+01  (45.5 eps/s x 32 = 1455 run-eps/s)
epoch  33100  train 1.2420e-07  test med 8.3234e-07 mean 2.5031e+00 max 1.7266e+01  (45.5 eps/s x 32 = 1455 run-eps/s)
epoch  33200  train 1.2408e-07  test med 8.3237e-07 mean 2.4827e+00 max 1.7238e+01  (45.5 eps/s x 32 = 1455 run-eps/s)
epoch  33300  train 1.2387e-07  test med 8.3246e-07 mean 2.4622e+00 max 1.7210e+01  (45.5 eps/s x 32 = 1455 run-eps/s)
epoch  33400  train 1.2429e-07  test med 8.3244e-07 mean 2.4416e+00 max 1.7181e+01  (45.5 eps/s x 32 = 1455 run-eps/s)
epoch  33500  train 1.2391e-07  test med 8.3235e-07 mean 2.4211e+00 max 1.7151e+01  (45.5 eps/s x 32 = 1455 run-eps/s)
epoch  33600  train 1.2418e-07  test med 8.3241e-07 mean 2.4004e+00 max 1.7122e+01  (45.5 eps/s x 32 = 1455 run-eps/s)
epoch  33700  train 1.2401e-07  test med 8.3244e-07 mean 2.3798e+00 max 1.7092e+01  (45.5 eps/s x 32 = 1455 run-eps/s)
epoch  33800  train 1.2395e-07  test med 8.3262e-07 mean 2.3591e+00 max 1.7062e+01  (45.5 eps/s x 32 = 1455 run-eps/s)
epoch  33900  train 1.2395e-07  test med 8.3278e-07 mean 2.3384e+00 max 1.7031e+01  (45.5 eps/s x 32 = 1455 run-eps/s)
epoch  34000  train 1.2412e-07  test med 8.3270e-07 mean 2.3177e+00 max 1.7000e+01  (45.5 eps/s x 32 = 1455 run-eps/s)
epoch  34100  train 1.2413e-07  test med 8.3266e-07 mean 2.2970e+00 max 1.6969e+01  (45.5 eps/s x 32 = 1455 run-eps/s)
epoch  34200  train 1.2401e-07  test med 8.3255e-07 mean 2.2764e+00 max 1.6938e+01  (45.5 eps/s x 32 = 1455 run-eps/s)
epoch  34300  train 1.2382e-07  test med 7.9207e-07 mean 2.2557e+00 max 1.6907e+01  (45.5 eps/s x 32 = 1455 run-eps/s)
epoch  34400  train 1.2389e-07  test med 7.5149e-07 mean 2.2352e+00 max 1.6876e+01  (45.5 eps/s x 32 = 1455 run-eps/s)
epoch  34500  train 1.2396e-07  test med 7.4137e-07 mean 2.2146e+00 max 1.6844e+01  (45.5 eps/s x 32 = 1455 run-eps/s)
epoch  34600  train 1.2380e-07  test med 7.4127e-07 mean 2.1942e+00 max 1.6812e+01  (45.5 eps/s x 32 = 1455 run-eps/s)
epoch  34700  train 1.2391e-07  test med 7.4126e-07 mean 2.1738e+00 max 1.6780e+01  (45.5 eps/s x 32 = 1455 run-eps/s)
epoch  34800  train 1.2371e-07  test med 7.4119e-07 mean 2.1535e+00 max 1.6748e+01  (45.5 eps/s x 32 = 1455 run-eps/s)
epoch  34900  train 1.2368e-07  test med 7.4115e-07 mean 2.1334e+00 max 1.6716e+01  (45.5 eps/s x 32 = 1455 run-eps/s)
epoch  35000  train 1.2370e-07  test med 7.4113e-07 mean 2.1133e+00 max 1.6684e+01  (45.5 eps/s x 32 = 1455 run-eps/s)
epoch  35100  train 1.2364e-07  test med 7.4100e-07 mean 2.0935e+00 max 1.6651e+01  (45.5 eps/s x 32 = 1455 run-eps/s)
epoch  35200  train 1.2364e-07  test med 7.4102e-07 mean 2.0737e+00 max 1.6618e+01  (45.5 eps/s x 32 = 1455 run-eps/s)
epoch  35300  train 1.2378e-07  test med 7.4107e-07 mean 2.0541e+00 max 1.6585e+01  (45.5 eps/s x 32 = 1455 run-eps/s)
epoch  35400  train 1.2374e-07  test med 7.4107e-07 mean 2.0347e+00 max 1.6565e+01  (45.5 eps/s x 32 = 1455 run-eps/s)
epoch  35500  train 1.2365e-07  test med 7.4088e-07 mean 2.0154e+00 max 1.6547e+01  (45.5 eps/s x 32 = 1455 run-eps/s)
epoch  35600  train 1.2363e-07  test med 7.4106e-07 mean 1.9964e+00 max 1.6530e+01  (45.5 eps/s x 32 = 1455 run-eps/s)
epoch  35700  train 1.2406e-07  test med 7.4094e-07 mean 1.9776e+00 max 1.6513e+01  (45.5 eps/s x 32 = 1455 run-eps/s)
epoch  35800  train 1.2351e-07  test med 7.4084e-07 mean 1.9589e+00 max 1.6495e+01  (45.5 eps/s x 32 = 1455 run-eps/s)
epoch  35900  train 1.2377e-07  test med 7.4086e-07 mean 1.9405e+00 max 1.6477e+01  (45.5 eps/s x 32 = 1455 run-eps/s)
epoch  36000  train 1.2396e-07  test med 7.4082e-07 mean 1.9223e+00 max 1.6459e+01  (45.5 eps/s x 32 = 1455 run-eps/s)
epoch  36100  train 1.2347e-07  test med 7.4092e-07 mean 1.9043e+00 max 1.6441e+01  (45.5 eps/s x 32 = 1455 run-eps/s)
epoch  36200  train 1.2339e-07  test med 7.4082e-07 mean 1.8866e+00 max 1.6423e+01  (45.5 eps/s x 32 = 1455 run-eps/s)
epoch  36300  train 1.2362e-07  test med 7.4084e-07 mean 1.8691e+00 max 1.6405e+01  (45.5 eps/s x 32 = 1455 run-eps/s)
epoch  36400  train 1.2334e-07  test med 7.4088e-07 mean 1.8518e+00 max 1.6386e+01  (45.5 eps/s x 32 = 1455 run-eps/s)
epoch  36500  train 1.2350e-07  test med 7.4097e-07 mean 1.8348e+00 max 1.6368e+01  (45.5 eps/s x 32 = 1455 run-eps/s)
epoch  36600  train 1.2349e-07  test med 7.4085e-07 mean 1.8180e+00 max 1.6349e+01  (45.5 eps/s x 32 = 1455 run-eps/s)
epoch  36700  train 1.2360e-07  test med 7.4073e-07 mean 1.8014e+00 max 1.6331e+01  (45.5 eps/s x 32 = 1455 run-eps/s)
epoch  36800  train 1.2328e-07  test med 7.4080e-07 mean 1.7851e+00 max 1.6312e+01  (45.5 eps/s x 32 = 1455 run-eps/s)
epoch  36900  train 1.2338e-07  test med 7.4074e-07 mean 1.7691e+00 max 1.6293e+01  (45.5 eps/s x 32 = 1455 run-eps/s)
epoch  37000  train 1.2359e-07  test med 7.4068e-07 mean 1.7533e+00 max 1.6274e+01  (45.5 eps/s x 32 = 1455 run-eps/s)
epoch  37100  train 1.2394e-07  test med 7.4069e-07 mean 1.7377e+00 max 1.6255e+01  (45.5 eps/s x 32 = 1455 run-eps/s)
epoch  37200  train 1.2288e-07  test med 7.4060e-07 mean 1.7224e+00 max 1.6236e+01  (45.5 eps/s x 32 = 1455 run-eps/s)
epoch  37300  train 1.2326e-07  test med 7.4055e-07 mean 1.7073e+00 max 1.6216e+01  (45.5 eps/s x 32 = 1455 run-eps/s)
epoch  37400  train 1.2312e-07  test med 7.4051e-07 mean 1.6925e+00 max 1.6197e+01  (45.5 eps/s x 32 = 1455 run-eps/s)
epoch  37500  train 1.2317e-07  test med 7.4053e-07 mean 1.6779e+00 max 1.6177e+01  (45.5 eps/s x 32 = 1455 run-eps/s)
epoch  37600  train 1.2716e-07  test med 7.6693e-07 mean 1.6637e+00 max 1.6157e+01  (45.5 eps/s x 32 = 1455 run-eps/s)
epoch  37700  train 1.2450e-07  test med 7.4057e-07 mean 1.6497e+00 max 1.6138e+01  (45.5 eps/s x 32 = 1455 run-eps/s)
epoch  37800  train 1.2335e-07  test med 7.4054e-07 mean 1.6360e+00 max 1.6118e+01  (45.5 eps/s x 32 = 1455 run-eps/s)
epoch  37900  train 1.2311e-07  test med 7.4044e-07 mean 1.6226e+00 max 1.6098e+01  (45.5 eps/s x 32 = 1455 run-eps/s)
epoch  38000  train 1.2295e-07  test med 7.4051e-07 mean 1.6095e+00 max 1.6078e+01  (45.5 eps/s x 32 = 1455 run-eps/s)
epoch  38100  train 1.2309e-07  test med 7.4038e-07 mean 1.5967e+00 max 1.6058e+01  (45.5 eps/s x 32 = 1455 run-eps/s)
epoch  38200  train 1.2302e-07  test med 7.4043e-07 mean 1.5841e+00 max 1.6037e+01  (45.5 eps/s x 32 = 1455 run-eps/s)
epoch  38300  train 1.2298e-07  test med 7.4030e-07 mean 1.5719e+00 max 1.6017e+01  (45.5 eps/s x 32 = 1455 run-eps/s)
epoch  38400  train 1.2316e-07  test med 7.4032e-07 mean 1.5600e+00 max 1.5997e+01  (45.5 eps/s x 32 = 1455 run-eps/s)
epoch  38500  train 1.2305e-07  test med 7.4026e-07 mean 1.5483e+00 max 1.5976e+01  (45.5 eps/s x 32 = 1455 run-eps/s)
epoch  38600  train 1.2303e-07  test med 7.4034e-07 mean 1.5370e+00 max 1.5955e+01  (45.5 eps/s x 32 = 1455 run-eps/s)
epoch  38700  train 1.2323e-07  test med 7.4027e-07 mean 1.5261e+00 max 1.5934e+01  (45.5 eps/s x 32 = 1455 run-eps/s)
epoch  38800  train 1.2304e-07  test med 7.4027e-07 mean 1.5154e+00 max 1.5914e+01  (45.5 eps/s x 32 = 1455 run-eps/s)
epoch  38900  train 1.2284e-07  test med 7.4020e-07 mean 1.5050e+00 max 1.5893e+01  (45.5 eps/s x 32 = 1455 run-eps/s)
epoch  39000  train 1.2246e-07  test med 7.4016e-07 mean 1.4949e+00 max 1.5872e+01  (45.5 eps/s x 32 = 1455 run-eps/s)
epoch  39100  train 1.2283e-07  test med 7.4013e-07 mean 1.4850e+00 max 1.5851e+01  (45.5 eps/s x 32 = 1455 run-eps/s)
epoch  39200  train 2.7756e-04  test med 8.3292e-07 mean 1.4758e+00 max 1.5830e+01  (45.5 eps/s x 32 = 1455 run-eps/s)
epoch  39300  train 8.8147e-04  test med 8.3299e-07 mean 1.4672e+00 max 1.5808e+01  (45.5 eps/s x 32 = 1455 run-eps/s)
epoch  39400  train 3.3567e-04  test med 8.3301e-07 mean 1.4577e+00 max 1.5787e+01  (45.5 eps/s x 32 = 1455 run-eps/s)
epoch  39500  train 1.1853e-04  test med 8.3312e-07 mean 1.4487e+00 max 1.5766e+01  (45.5 eps/s x 32 = 1455 run-eps/s)
epoch  39600  train 4.2105e-05  test med 8.3309e-07 mean 1.4401e+00 max 1.5744e+01  (45.5 eps/s x 32 = 1455 run-eps/s)
epoch  39700  train 1.5203e-05  test med 8.3322e-07 mean 1.4317e+00 max 1.5722e+01  (45.5 eps/s x 32 = 1455 run-eps/s)
epoch  39800  train 5.6049e-06  test med 8.3336e-07 mean 1.4237e+00 max 1.5700e+01  (45.5 eps/s x 32 = 1455 run-eps/s)
epoch  39900  train 2.1359e-06  test med 8.3343e-07 mean 1.4159e+00 max 1.5678e+01  (45.5 eps/s x 32 = 1455 run-eps/s)
epoch  40000  train 8.6910e-07  test med 8.3343e-07 mean 1.4082e+00 max 1.5656e+01  (45.5 eps/s x 32 = 1455 run-eps/s)
epoch  40100  train 4.0269e-07  test med 8.3327e-07 mean 1.4008e+00 max 1.5633e+01  (45.5 eps/s x 32 = 1455 run-eps/s)
epoch  40200  train 2.2923e-07  test med 8.3326e-07 mean 1.3936e+00 max 1.5611e+01  (45.5 eps/s x 32 = 1455 run-eps/s)
epoch  40300  train 1.6378e-07  test med 8.3335e-07 mean 1.3865e+00 max 1.5588e+01  (45.5 eps/s x 32 = 1455 run-eps/s)
epoch  40400  train 1.3862e-07  test med 8.3353e-07 mean 1.3797e+00 max 1.5565e+01  (45.5 eps/s x 32 = 1455 run-eps/s)
epoch  40500  train 1.2874e-07  test med 8.3348e-07 mean 1.3730e+00 max 1.5542e+01  (45.5 eps/s x 32 = 1455 run-eps/s)
epoch  40600  train 1.2495e-07  test med 8.3358e-07 mean 1.3664e+00 max 1.5518e+01  (45.5 eps/s x 32 = 1455 run-eps/s)
epoch  40700  train 1.2365e-07  test med 7.8080e-07 mean 1.3600e+00 max 1.5495e+01  (45.5 eps/s x 32 = 1455 run-eps/s)
epoch  40800  train 1.2320e-07  test med 7.4632e-07 mean 1.3537e+00 max 1.5471e+01  (45.5 eps/s x 32 = 1455 run-eps/s)
epoch  40900  train 1.2302e-07  test med 7.3969e-07 mean 1.3475e+00 max 1.5447e+01  (45.5 eps/s x 32 = 1455 run-eps/s)
epoch  41000  train 1.2290e-07  test med 7.3973e-07 mean 1.3414e+00 max 1.5423e+01  (45.5 eps/s x 32 = 1455 run-eps/s)
epoch  41100  train 1.2281e-07  test med 7.3986e-07 mean 1.3354e+00 max 1.5399e+01  (45.5 eps/s x 32 = 1455 run-eps/s)
epoch  41200  train 1.2279e-07  test med 7.3974e-07 mean 1.3294e+00 max 1.5374e+01  (45.5 eps/s x 32 = 1455 run-eps/s)
epoch  41300  train 1.2273e-07  test med 7.3963e-07 mean 1.3236e+00 max 1.5350e+01  (45.5 eps/s x 32 = 1455 run-eps/s)
epoch  41400  train 1.2265e-07  test med 7.3962e-07 mean 1.3178e+00 max 1.5325e+01  (45.5 eps/s x 32 = 1455 run-eps/s)
epoch  41500  train 1.2266e-07  test med 7.3957e-07 mean 1.3122e+00 max 1.5301e+01  (45.5 eps/s x 32 = 1455 run-eps/s)
epoch  41600  train 1.2261e-07  test med 7.3952e-07 mean 1.3065e+00 max 1.5276e+01  (45.5 eps/s x 32 = 1455 run-eps/s)
epoch  41700  train 1.2250e-07  test med 7.3951e-07 mean 1.3010e+00 max 1.5251e+01  (45.5 eps/s x 32 = 1455 run-eps/s)
epoch  41800  train 1.2257e-07  test med 7.1736e-07 mean 1.2954e+00 max 1.5226e+01  (45.5 eps/s x 32 = 1455 run-eps/s)
epoch  41900  train 1.2297e-07  test med 7.0621e-07 mean 1.2900e+00 max 1.5201e+01  (45.5 eps/s x 32 = 1455 run-eps/s)
epoch  42000  train 1.2251e-07  test med 7.0626e-07 mean 1.2845e+00 max 1.5175e+01  (45.5 eps/s x 32 = 1455 run-eps/s)
epoch  42100  train 1.2243e-07  test med 7.0620e-07 mean 1.2791e+00 max 1.5150e+01  (45.5 eps/s x 32 = 1455 run-eps/s)
epoch  42200  train 1.2241e-07  test med 7.0626e-07 mean 1.2737e+00 max 1.5124e+01  (45.5 eps/s x 32 = 1455 run-eps/s)
epoch  42300  train 1.2242e-07  test med 7.0636e-07 mean 1.2683e+00 max 1.5098e+01  (45.5 eps/s x 32 = 1455 run-eps/s)
epoch  42400  train 2.0788e-02  test med 7.3925e-07 mean 1.2645e+00 max 1.5072e+01  (45.5 eps/s x 32 = 1455 run-eps/s)
epoch  42500  train 4.8398e-04  test med 7.3925e-07 mean 1.2582e+00 max 1.5046e+01  (45.5 eps/s x 32 = 1455 run-eps/s)
epoch  42600  train 1.9504e-04  test med 7.3924e-07 mean 1.2526e+00 max 1.5020e+01  (45.5 eps/s x 32 = 1455 run-eps/s)
epoch  42700  train 7.0313e-05  test med 7.3927e-07 mean 1.2472e+00 max 1.4994e+01  (45.5 eps/s x 32 = 1455 run-eps/s)
epoch  42800  train 2.5056e-05  test med 7.3911e-07 mean 1.2418e+00 max 1.4967e+01  (45.5 eps/s x 32 = 1455 run-eps/s)
epoch  42900  train 9.0176e-06  test med 7.3914e-07 mean 1.2366e+00 max 1.4941e+01  (45.5 eps/s x 32 = 1455 run-eps/s)
epoch  43000  train 3.3243e-06  test med 7.3907e-07 mean 1.2313e+00 max 1.4914e+01  (45.5 eps/s x 32 = 1455 run-eps/s)
epoch  43100  train 1.2871e-06  test med 7.3913e-07 mean 1.2261e+00 max 1.4887e+01  (45.5 eps/s x 32 = 1455 run-eps/s)
epoch  43200  train 5.5138e-07  test med 7.3911e-07 mean 1.2208e+00 max 1.4860e+01  (45.5 eps/s x 32 = 1455 run-eps/s)
epoch  43300  train 2.8307e-07  test med 7.3905e-07 mean 1.2155e+00 max 1.4833e+01  (45.5 eps/s x 32 = 1455 run-eps/s)
epoch  43400  train 1.8377e-07  test med 7.3906e-07 mean 1.2103e+00 max 1.4806e+01  (45.5 eps/s x 32 = 1455 run-eps/s)
epoch  43500  train 1.4609e-07  test med 7.3908e-07 mean 1.2050e+00 max 1.4779e+01  (45.5 eps/s x 32 = 1455 run-eps/s)
epoch  43600  train 1.3137e-07  test med 7.3906e-07 mean 1.1998e+00 max 1.4751e+01  (45.5 eps/s x 32 = 1455 run-eps/s)
epoch  43700  train 1.2557e-07  test med 7.3901e-07 mean 1.1945e+00 max 1.4723e+01  (45.5 eps/s x 32 = 1455 run-eps/s)
epoch  43800  train 1.2346e-07  test med 7.3901e-07 mean 1.1891e+00 max 1.4696e+01  (45.5 eps/s x 32 = 1455 run-eps/s)
epoch  43900  train 1.2277e-07  test med 7.2112e-07 mean 1.1838e+00 max 1.4668e+01  (45.5 eps/s x 32 = 1455 run-eps/s)
epoch  44000  train 1.2251e-07  test med 7.0612e-07 mean 1.1784e+00 max 1.4640e+01  (45.5 eps/s x 32 = 1455 run-eps/s)
epoch  44100  train 1.2239e-07  test med 7.0619e-07 mean 1.1730e+00 max 1.4611e+01  (45.5 eps/s x 32 = 1455 run-eps/s)
epoch  44200  train 1.2234e-07  test med 7.0629e-07 mean 1.1676e+00 max 1.4582e+01  (45.5 eps/s x 32 = 1455 run-eps/s)
epoch  44300  train 1.2230e-07  test med 7.0612e-07 mean 1.1622e+00 max 1.4553e+01  (45.5 eps/s x 32 = 1455 run-eps/s)
epoch  44400  train 1.2213e-07  test med 7.0627e-07 mean 1.1567e+00 max 1.4523e+01  (45.5 eps/s x 32 = 1455 run-eps/s)
epoch  44500  train 1.2278e-07  test med 7.0617e-07 mean 1.1512e+00 max 1.4494e+01  (45.5 eps/s x 32 = 1455 run-eps/s)
epoch  44600  train 1.2224e-07  test med 7.0630e-07 mean 1.1456e+00 max 1.4464e+01  (45.5 eps/s x 32 = 1455 run-eps/s)
epoch  44700  train 1.2214e-07  test med 7.0633e-07 mean 1.1400e+00 max 1.4435e+01  (45.5 eps/s x 32 = 1455 run-eps/s)
epoch  44800  train 1.2239e-07  test med 7.0634e-07 mean 1.1344e+00 max 1.4405e+01  (45.5 eps/s x 32 = 1455 run-eps/s)
epoch  44900  train 1.2165e-07  test med 7.0623e-07 mean 1.1288e+00 max 1.4375e+01  (45.5 eps/s x 32 = 1455 run-eps/s)
epoch  45000  train 1.2207e-07  test med 7.0635e-07 mean 1.1232e+00 max 1.4345e+01  (45.5 eps/s x 32 = 1455 run-eps/s)
epoch  45100  train 1.2208e-07  test med 7.0644e-07 mean 1.1175e+00 max 1.4315e+01  (45.5 eps/s x 32 = 1455 run-eps/s)
epoch  45200  train 1.2197e-07  test med 7.0628e-07 mean 1.1117e+00 max 1.4284e+01  (45.5 eps/s x 32 = 1455 run-eps/s)
epoch  45300  train 2.2624e-04  test med 7.3836e-07 mean 1.1064e+00 max 1.4253e+01  (45.5 eps/s x 32 = 1455 run-eps/s)
epoch  45400  train 5.9726e-04  test med 7.3828e-07 mean 1.1008e+00 max 1.4222e+01  (45.5 eps/s x 32 = 1455 run-eps/s)
epoch  45500  train 2.3725e-04  test med 7.3821e-07 mean 1.0946e+00 max 1.4190e+01  (45.5 eps/s x 32 = 1455 run-eps/s)
epoch  45600  train 8.5349e-05  test med 7.3821e-07 mean 1.0885e+00 max 1.4159e+01  (45.5 eps/s x 32 = 1455 run-eps/s)
epoch  45700  train 3.0551e-05  test med 7.3815e-07 mean 1.0826e+00 max 1.4127e+01  (45.5 eps/s x 32 = 1455 run-eps/s)
epoch  45800  train 1.1062e-05  test med 7.3809e-07 mean 1.0766e+00 max 1.4095e+01  (45.5 eps/s x 32 = 1455 run-eps/s)
epoch  45900  train 4.0867e-06  test med 7.3800e-07 mean 1.0706e+00 max 1.4063e+01  (45.5 eps/s x 32 = 1455 run-eps/s)
epoch  46000  train 1.5703e-06  test med 7.3800e-07 mean 1.0646e+00 max 1.4031e+01  (45.5 eps/s x 32 = 1455 run-eps/s)
epoch  46100  train 6.5601e-07  test med 7.3793e-07 mean 1.0585e+00 max 1.3998e+01  (45.5 eps/s x 32 = 1455 run-eps/s)
epoch  46200  train 3.2078e-07  test med 7.3786e-07 mean 1.0524e+00 max 1.3965e+01  (45.5 eps/s x 32 = 1455 run-eps/s)
epoch  46300  train 1.9644e-07  test med 7.3689e-07 mean 1.0462e+00 max 1.3933e+01  (45.5 eps/s x 32 = 1455 run-eps/s)
epoch  46400  train 1.5013e-07  test med 7.3380e-07 mean 1.0400e+00 max 1.3900e+01  (45.5 eps/s x 32 = 1455 run-eps/s)
epoch  46500  train 1.3263e-07  test med 7.3008e-07 mean 1.0338e+00 max 1.3866e+01  (45.5 eps/s x 32 = 1455 run-eps/s)
epoch  46600  train 1.2579e-07  test med 7.2505e-07 mean 1.0276e+00 max 1.3833e+01  (45.5 eps/s x 32 = 1455 run-eps/s)
epoch  46700  train 1.2327e-07  test med 7.2382e-07 mean 1.0213e+00 max 1.3799e+01  (45.5 eps/s x 32 = 1455 run-eps/s)
epoch  46800  train 1.2246e-07  test med 7.1323e-07 mean 1.0149e+00 max 1.3766e+01  (45.5 eps/s x 32 = 1455 run-eps/s)
epoch  46900  train 1.2221e-07  test med 7.0606e-07 mean 1.0085e+00 max 1.3732e+01  (45.5 eps/s x 32 = 1455 run-eps/s)
epoch  47000  train 1.2208e-07  test med 7.0572e-07 mean 1.0021e+00 max 1.3698e+01  (45.5 eps/s x 32 = 1455 run-eps/s)
epoch  47100  train 1.2197e-07  test med 7.0267e-07 mean 9.9556e-01 max 1.3663e+01  (45.5 eps/s x 32 = 1455 run-eps/s)
epoch  47200  train 1.2197e-07  test med 7.0360e-07 mean 9.8900e-01 max 1.3629e+01  (45.5 eps/s x 32 = 1455 run-eps/s)
epoch  47300  train 1.2189e-07  test med 7.0033e-07 mean 9.8242e-01 max 1.3594e+01  (45.5 eps/s x 32 = 1455 run-eps/s)
epoch  47400  train 1.2189e-07  test med 6.9531e-07 mean 9.7580e-01 max 1.3559e+01  (45.5 eps/s x 32 = 1455 run-eps/s)
epoch  47500  train 1.2179e-07  test med 6.9421e-07 mean 9.6912e-01 max 1.3523e+01  (45.5 eps/s x 32 = 1455 run-eps/s)
epoch  47600  train 1.2186e-07  test med 6.9464e-07 mean 9.6238e-01 max 1.3488e+01  (45.5 eps/s x 32 = 1455 run-eps/s)
epoch  47700  train 1.2178e-07  test med 6.9106e-07 mean 9.5560e-01 max 1.3452e+01  (45.5 eps/s x 32 = 1455 run-eps/s)
epoch  47800  train 1.2276e-07  test med 6.9081e-07 mean 9.4877e-01 max 1.3415e+01  (45.5 eps/s x 32 = 1455 run-eps/s)
epoch  47900  train 1.2187e-07  test med 6.8699e-07 mean 9.4191e-01 max 1.3379e+01  (45.5 eps/s x 32 = 1456 run-eps/s)
epoch  48000  train 1.2192e-07  test med 6.8641e-07 mean 9.3498e-01 max 1.3343e+01  (45.5 eps/s x 32 = 1456 run-eps/s)
epoch  48100  train 1.2172e-07  test med 6.8332e-07 mean 9.2800e-01 max 1.3306e+01  (45.5 eps/s x 32 = 1456 run-eps/s)
epoch  48200  train 1.2182e-07  test med 6.8420e-07 mean 9.2099e-01 max 1.3269e+01  (45.5 eps/s x 32 = 1456 run-eps/s)
epoch  48300  train 1.2174e-07  test med 6.7929e-07 mean 9.1394e-01 max 1.3232e+01  (45.5 eps/s x 32 = 1456 run-eps/s)
epoch  48400  train 1.2175e-07  test med 6.8255e-07 mean 9.0682e-01 max 1.3195e+01  (45.5 eps/s x 32 = 1456 run-eps/s)
epoch  48500  train 1.2171e-07  test med 6.7495e-07 mean 8.9965e-01 max 1.3157e+01  (45.5 eps/s x 32 = 1456 run-eps/s)
epoch  48600  train 1.2181e-07  test med 6.7396e-07 mean 8.9245e-01 max 1.3119e+01  (45.5 eps/s x 32 = 1456 run-eps/s)
epoch  48700  train 1.2177e-07  test med 6.7390e-07 mean 8.8519e-01 max 1.3081e+01  (45.5 eps/s x 32 = 1456 run-eps/s)
epoch  48800  train 1.2166e-07  test med 6.7401e-07 mean 8.7789e-01 max 1.3043e+01  (45.5 eps/s x 32 = 1456 run-eps/s)
epoch  48900  train 1.2166e-07  test med 6.7411e-07 mean 8.7056e-01 max 1.3005e+01  (45.5 eps/s x 32 = 1456 run-eps/s)
epoch  49000  train 1.2163e-07  test med 6.7404e-07 mean 8.6317e-01 max 1.2966e+01  (45.5 eps/s x 32 = 1456 run-eps/s)
epoch  49100  train 1.2167e-07  test med 6.7399e-07 mean 8.5573e-01 max 1.2927e+01  (45.5 eps/s x 32 = 1456 run-eps/s)
epoch  49200  train 1.2203e-07  test med 6.7402e-07 mean 8.4824e-01 max 1.2888e+01  (45.5 eps/s x 32 = 1456 run-eps/s)
epoch  49300  train 1.2145e-07  test med 6.7402e-07 mean 8.4070e-01 max 1.2849e+01  (45.5 eps/s x 32 = 1456 run-eps/s)
epoch  49400  train 1.2161e-07  test med 6.7414e-07 mean 8.3312e-01 max 1.2809e+01  (45.5 eps/s x 32 = 1456 run-eps/s)
epoch  49500  train 1.2165e-07  test med 6.7397e-07 mean 8.2551e-01 max 1.2768e+01  (45.5 eps/s x 32 = 1456 run-eps/s)
epoch  49600  train 1.2156e-07  test med 6.7391e-07 mean 8.1786e-01 max 1.2728e+01  (45.5 eps/s x 32 = 1456 run-eps/s)
epoch  49700  train 1.2155e-07  test med 6.7406e-07 mean 8.1016e-01 max 1.2687e+01  (45.5 eps/s x 32 = 1456 run-eps/s)
epoch  49800  train 1.2184e-07  test med 6.7400e-07 mean 8.0243e-01 max 1.2646e+01  (45.5 eps/s x 32 = 1456 run-eps/s)
epoch  49900  train 1.2158e-07  test med 6.7402e-07 mean 7.9465e-01 max 1.2604e+01  (45.5 eps/s x 32 = 1456 run-eps/s)
epoch  50000  train 1.2161e-07  test med 6.7405e-07 mean 7.8684e-01 max 1.2563e+01  (45.5 eps/s x 32 = 1456 run-eps/s)
done: 50000 epochs x 32 runs in 1101s
RESULT w2048_wd0.1/ds15573_is135533: grok@45900  committee [8, 11, 32, 37, 46, 49]  acc 0.9983
RESULT w2048_wd0.1/ds15573_is479062: grok@-1  committee [8, 32, 37, 42]  acc 0.3642
RESULT w2048_wd0.1/ds15573_is648223: grok@43300  committee [8, 16, 29, 39, 49]  acc 1.0000
RESULT w2048_wd0.1/ds15573_is871231: grok@40400  committee [2, 15, 24, 25]  acc 1.0000
RESULT w2048_wd0.1/ds19870_is135533: grok@42600  committee [3, 4, 28, 32, 45, 46, 52]  acc 0.9998
RESULT w2048_wd0.1/ds19870_is479062: grok@-1  committee [28, 33, 51, 55]  acc 0.3135
RESULT w2048_wd0.1/ds19870_is648223: grok@-1  committee [11, 20, 21, 23, 33, 34, 49]  acc 0.4560
RESULT w2048_wd0.1/ds19870_is871231: grok@42500  committee [20, 28, 34, 52]  acc 1.0000
RESULT w2048_wd0.3/ds15573_is135533: grok@14400  committee [8, 32, 46, 49]  acc 1.0000
RESULT w2048_wd0.3/ds15573_is479062: grok@21600  committee [8, 32, 37, 42]  acc 1.0000
RESULT w2048_wd0.3/ds15573_is648223: grok@14600  committee [8, 29, 39, 49]  acc 1.0000
RESULT w2048_wd0.3/ds15573_is871231: grok@13000  committee [2, 15, 24, 25]  acc 1.0000
RESULT w2048_wd0.3/ds19870_is135533: grok@14300  committee [4, 45, 46, 52]  acc 1.0000
RESULT w2048_wd0.3/ds19870_is479062: grok@25300  committee [26, 28, 33, 51]  acc 1.0000
RESULT w2048_wd0.3/ds19870_is648223: grok@20200  committee [20, 23, 33, 34, 49]  acc 1.0000
RESULT w2048_wd0.3/ds19870_is871231: grok@13800  committee [20, 28, 34, 52]  acc 1.0000
RESULT w2048_wd1/ds15573_is135533: grok@3800  committee [8, 32, 46, 49]  acc 1.0000
RESULT w2048_wd1/ds15573_is479062: grok@6700  committee [8, 9, 32, 37]  acc 1.0000
RESULT w2048_wd1/ds15573_is648223: grok@4100  committee [8, 29, 49]  acc 1.0000
RESULT w2048_wd1/ds15573_is871231: grok@3400  committee [2, 15, 24, 25]  acc 1.0000
RESULT w2048_wd1/ds19870_is135533: grok@4100  committee [4, 45, 46, 52]  acc 1.0000
RESULT w2048_wd1/ds19870_is479062: grok@7100  committee [13, 28, 33, 51, 55]  acc 1.0000
RESULT w2048_wd1/ds19870_is648223: grok@5800  committee [20, 21, 33, 49]  acc 1.0000
RESULT w2048_wd1/ds19870_is871231: grok@3800  committee [20, 28, 34, 52]  acc 1.0000
RESULT w2048_wd3/ds15573_is135533: grok@800  committee [8, 32, 46, 49]  acc 1.0000
RESULT w2048_wd3/ds15573_is479062: grok@1900  committee [8, 26, 32, 37]  acc 0.9997
RESULT w2048_wd3/ds15573_is648223: grok@1000  committee [8, 29, 49]  acc 1.0000
RESULT w2048_wd3/ds15573_is871231: grok@800  committee [2, 15, 24, 25]  acc 1.0000
RESULT w2048_wd3/ds19870_is135533: grok@1000  committee [3, 28, 45, 52]  acc 1.0000
RESULT w2048_wd3/ds19870_is479062: grok@2000  committee [13, 28, 33, 51, 55]  acc 1.0000
RESULT w2048_wd3/ds19870_is648223: grok@1400  committee [11, 20, 21, 49]  acc 1.0000
RESULT w2048_wd3/ds19870_is871231: grok@900  committee [15, 20, 34, 52]  acc 1.0000
width 4096: batch of 32 (32/32 pending)
batch 32 on cuda:  train 3830  test 8939  4 recipe(s) (lr, wd, tilt, cvar): [(0.001, 0.1, 0.0, 0.0), (0.001, 0.3, 0.0, 0.0), (0.001, 1.0, 0.0, 0.0), (0.001, 3.0, 0.0, 0.0)]
epoch    100  train 2.2215e-02  test med 1.1082e+01 mean 1.0772e+01 max 1.2045e+01  (20.0 eps/s x 32 = 640 run-eps/s)
epoch    200  train 8.7096e-03  test med 1.0759e+01 mean 1.0633e+01 max 1.2970e+01  (22.9 eps/s x 32 = 732 run-eps/s)
epoch    300  train 2.9264e-03  test med 1.1157e+01 mean 1.1025e+01 max 1.3676e+01  (24.0 eps/s x 32 = 769 run-eps/s)
epoch    400  train 9.9625e-04  test med 1.1695e+01 mean 1.1521e+01 max 1.4522e+01  (24.7 eps/s x 32 = 789 run-eps/s)
epoch    500  train 3.4435e-04  test med 1.2282e+01 mean 1.2002e+01 max 1.5397e+01  (25.0 eps/s x 32 = 801 run-eps/s)
epoch    600  train 1.2002e-04  test med 1.2892e+01 mean 1.2409e+01 max 1.6271e+01  (25.3 eps/s x 32 = 810 run-eps/s)
epoch    700  train 4.1974e-05  test med 1.3532e+01 mean 1.2683e+01 max 1.7136e+01  (25.5 eps/s x 32 = 816 run-eps/s)
epoch    800  train 1.4688e-05  test med 1.4179e+01 mean 1.2799e+01 max 1.7988e+01  (25.6 eps/s x 32 = 820 run-eps/s)
epoch    900  train 5.3311e-06  test med 1.4819e+01 mean 1.2942e+01 max 1.8820e+01  (25.7 eps/s x 32 = 824 run-eps/s)
epoch   1000  train 2.1431e-06  test med 1.5432e+01 mean 1.3226e+01 max 1.9622e+01  (25.8 eps/s x 32 = 826 run-eps/s)
epoch   1100  train 9.9057e-07  test med 1.5983e+01 mean 1.3523e+01 max 2.0366e+01  (25.9 eps/s x 32 = 829 run-eps/s)
epoch   1200  train 5.4413e-07  test med 1.6413e+01 mean 1.3720e+01 max 2.0993e+01  (26.0 eps/s x 32 = 831 run-eps/s)
epoch   1300  train 3.6069e-07  test med 1.6673e+01 mean 1.3766e+01 max 2.1442e+01  (26.0 eps/s x 32 = 832 run-eps/s)
epoch   1400  train 2.8549e-07  test med 1.6775e+01 mean 1.3720e+01 max 2.1702e+01  (26.1 eps/s x 32 = 834 run-eps/s)
epoch   1500  train 2.5616e-07  test med 1.6776e+01 mean 1.3639e+01 max 2.1819e+01  (26.1 eps/s x 32 = 835 run-eps/s)
epoch   1600  train 2.4164e-07  test med 1.6736e+01 mean 1.3530e+01 max 2.1849e+01  (26.1 eps/s x 32 = 836 run-eps/s)
epoch   1700  train 2.3255e-07  test med 1.6683e+01 mean 1.3453e+01 max 2.1833e+01  (26.2 eps/s x 32 = 837 run-eps/s)
epoch   1800  train 2.2566e-07  test med 1.6628e+01 mean 1.3390e+01 max 2.1798e+01  (26.2 eps/s x 32 = 838 run-eps/s)
epoch   1900  train 2.1975e-07  test med 1.6572e+01 mean 1.3326e+01 max 2.1757e+01  (26.2 eps/s x 32 = 839 run-eps/s)
epoch   2000  train 2.1565e-07  test med 1.6517e+01 mean 1.3259e+01 max 2.1714e+01  (26.2 eps/s x 32 = 839 run-eps/s)
epoch   2100  train 2.1295e-07  test med 1.6462e+01 mean 1.3189e+01 max 2.1671e+01  (26.3 eps/s x 32 = 840 run-eps/s)
epoch   2200  train 2.1095e-07  test med 1.6407e+01 mean 1.3117e+01 max 2.1629e+01  (26.3 eps/s x 32 = 841 run-eps/s)
epoch   2300  train 2.0940e-07  test med 1.6352e+01 mean 1.3040e+01 max 2.1587e+01  (26.3 eps/s x 32 = 841 run-eps/s)
epoch   2400  train 2.0791e-07  test med 1.6296e+01 mean 1.2959e+01 max 2.1545e+01  (26.3 eps/s x 32 = 841 run-eps/s)
epoch   2500  train 2.0643e-07  test med 1.6238e+01 mean 1.2873e+01 max 2.1504e+01  (26.3 eps/s x 32 = 842 run-eps/s)
epoch   2600  train 2.0506e-07  test med 1.6179e+01 mean 1.2783e+01 max 2.1463e+01  (26.3 eps/s x 32 = 842 run-eps/s)
epoch   2700  train 2.0380e-07  test med 1.6120e+01 mean 1.2686e+01 max 2.1423e+01  (26.3 eps/s x 32 = 843 run-eps/s)
epoch   2800  train 2.0252e-07  test med 1.6058e+01 mean 1.2582e+01 max 2.1382e+01  (26.3 eps/s x 32 = 843 run-eps/s)
epoch   2900  train 2.0113e-07  test med 1.5996e+01 mean 1.2471e+01 max 2.1342e+01  (26.3 eps/s x 32 = 843 run-eps/s)
epoch   3000  train 1.9974e-07  test med 1.5930e+01 mean 1.2352e+01 max 2.1303e+01  (26.4 eps/s x 32 = 843 run-eps/s)
epoch   3100  train 1.9840e-07  test med 1.5862e+01 mean 1.2224e+01 max 2.1263e+01  (26.4 eps/s x 32 = 844 run-eps/s)
epoch   3200  train 1.9698e-07  test med 1.5791e+01 mean 1.2086e+01 max 2.1224e+01  (26.4 eps/s x 32 = 844 run-eps/s)
epoch   3300  train 1.9558e-07  test med 1.5718e+01 mean 1.1936e+01 max 2.1185e+01  (26.4 eps/s x 32 = 844 run-eps/s)
epoch   3400  train 1.9424e-07  test med 1.5642e+01 mean 1.1776e+01 max 2.1145e+01  (26.4 eps/s x 32 = 844 run-eps/s)
epoch   3500  train 1.9289e-07  test med 1.5564e+01 mean 1.1604e+01 max 2.1107e+01  (26.4 eps/s x 32 = 845 run-eps/s)
epoch   3600  train 1.9145e-07  test med 1.5481e+01 mean 1.1420e+01 max 2.1068e+01  (26.4 eps/s x 32 = 845 run-eps/s)
epoch   3700  train 1.8987e-07  test med 1.5396e+01 mean 1.1227e+01 max 2.1029e+01  (26.4 eps/s x 32 = 845 run-eps/s)
epoch   3800  train 1.8814e-07  test med 1.5308e+01 mean 1.1029e+01 max 2.0991e+01  (26.4 eps/s x 32 = 845 run-eps/s)
epoch   3900  train 1.8626e-07  test med 1.5216e+01 mean 1.0831e+01 max 2.0953e+01  (26.4 eps/s x 32 = 845 run-eps/s)
epoch   4000  train 1.8427e-07  test med 1.5120e+01 mean 1.0642e+01 max 2.0915e+01  (26.4 eps/s x 32 = 845 run-eps/s)
epoch   4100  train 1.8220e-07  test med 1.5020e+01 mean 1.0470e+01 max 2.0877e+01  (26.4 eps/s x 32 = 846 run-eps/s)
epoch   4200  train 1.8015e-07  test med 1.4916e+01 mean 1.0322e+01 max 2.0840e+01  (26.4 eps/s x 32 = 846 run-eps/s)
epoch   4300  train 1.7823e-07  test med 1.4809e+01 mean 1.0200e+01 max 2.0802e+01  (26.4 eps/s x 32 = 846 run-eps/s)
epoch   4400  train 1.7648e-07  test med 1.4696e+01 mean 1.0099e+01 max 2.0765e+01  (26.4 eps/s x 32 = 846 run-eps/s)
epoch   4500  train 1.7490e-07  test med 1.4579e+01 mean 1.0014e+01 max 2.0728e+01  (26.4 eps/s x 32 = 846 run-eps/s)
epoch   4600  train 1.7347e-07  test med 1.4456e+01 mean 9.9396e+00 max 2.0691e+01  (26.4 eps/s x 32 = 846 run-eps/s)
epoch   4700  train 1.7214e-07  test med 1.4326e+01 mean 9.8733e+00 max 2.0654e+01  (26.4 eps/s x 32 = 846 run-eps/s)
epoch   4800  train 1.7089e-07  test med 1.4189e+01 mean 9.8125e+00 max 2.0618e+01  (26.4 eps/s x 32 = 846 run-eps/s)
epoch   4900  train 1.6971e-07  test med 1.4045e+01 mean 9.7554e+00 max 2.0581e+01  (26.4 eps/s x 32 = 846 run-eps/s)
epoch   5000  train 1.6859e-07  test med 1.3894e+01 mean 9.7003e+00 max 2.0545e+01  (26.4 eps/s x 32 = 846 run-eps/s)
epoch   5100  train 1.6751e-07  test med 1.3734e+01 mean 9.6448e+00 max 2.0509e+01  (26.5 eps/s x 32 = 846 run-eps/s)
epoch   5200  train 1.6647e-07  test med 1.3564e+01 mean 9.5878e+00 max 2.0473e+01  (26.5 eps/s x 32 = 847 run-eps/s)
epoch   5300  train 1.6543e-07  test med 1.3382e+01 mean 9.5287e+00 max 2.0438e+01  (26.5 eps/s x 32 = 847 run-eps/s)
epoch   5400  train 1.6439e-07  test med 1.3190e+01 mean 9.4678e+00 max 2.0402e+01  (26.5 eps/s x 32 = 847 run-eps/s)
epoch   5500  train 1.6333e-07  test med 1.2986e+01 mean 9.4065e+00 max 2.0367e+01  (26.5 eps/s x 32 = 847 run-eps/s)
epoch   5600  train 1.6228e-07  test med 1.2768e+01 mean 9.3474e+00 max 2.0332e+01  (26.5 eps/s x 32 = 847 run-eps/s)
epoch   5700  train 1.6127e-07  test med 1.2534e+01 mean 9.2929e+00 max 2.0297e+01  (26.5 eps/s x 32 = 847 run-eps/s)
epoch   5800  train 1.6033e-07  test med 1.2281e+01 mean 9.2442e+00 max 2.0262e+01  (26.5 eps/s x 32 = 847 run-eps/s)
epoch   5900  train 1.5947e-07  test med 1.2009e+01 mean 9.2009e+00 max 2.0227e+01  (26.5 eps/s x 32 = 847 run-eps/s)
epoch   6000  train 1.5867e-07  test med 1.1715e+01 mean 9.1604e+00 max 2.0193e+01  (26.5 eps/s x 32 = 847 run-eps/s)
epoch   6100  train 1.5793e-07  test med 1.1391e+01 mean 9.1203e+00 max 2.0160e+01  (26.5 eps/s x 32 = 847 run-eps/s)
epoch   6200  train 1.5724e-07  test med 1.1037e+01 mean 9.0791e+00 max 2.0126e+01  (26.5 eps/s x 32 = 847 run-eps/s)
epoch   6300  train 1.5662e-07  test med 1.0652e+01 mean 9.0365e+00 max 2.0093e+01  (26.5 eps/s x 32 = 847 run-eps/s)
epoch   6400  train 1.5603e-07  test med 1.0238e+01 mean 8.9921e+00 max 2.0060e+01  (26.5 eps/s x 32 = 847 run-eps/s)
epoch   6500  train 1.5546e-07  test med 9.7933e+00 mean 8.9458e+00 max 2.0027e+01  (26.5 eps/s x 32 = 847 run-eps/s)
epoch   6600  train 1.5490e-07  test med 9.3251e+00 mean 8.8980e+00 max 1.9994e+01  (26.5 eps/s x 32 = 847 run-eps/s)
epoch   6700  train 1.5432e-07  test med 8.8509e+00 mean 8.8498e+00 max 1.9962e+01  (26.5 eps/s x 32 = 847 run-eps/s)
epoch   6800  train 1.5374e-07  test med 8.3957e+00 mean 8.8026e+00 max 1.9930e+01  (26.5 eps/s x 32 = 847 run-eps/s)
epoch   6900  train 1.5316e-07  test med 7.9894e+00 mean 8.7584e+00 max 1.9897e+01  (26.5 eps/s x 32 = 847 run-eps/s)
epoch   7000  train 1.5260e-07  test med 7.6636e+00 mean 8.7192e+00 max 1.9866e+01  (26.5 eps/s x 32 = 848 run-eps/s)
epoch   7100  train 1.5210e-07  test med 7.4359e+00 mean 8.6861e+00 max 1.9834e+01  (26.5 eps/s x 32 = 848 run-eps/s)
epoch   7200  train 1.5165e-07  test med 7.2899e+00 mean 8.6579e+00 max 1.9803e+01  (26.5 eps/s x 32 = 848 run-eps/s)
epoch   7300  train 1.5126e-07  test med 7.1961e+00 mean 8.6328e+00 max 1.9771e+01  (26.5 eps/s x 32 = 848 run-eps/s)
epoch   7400  train 1.5090e-07  test med 7.1284e+00 mean 8.6093e+00 max 1.9740e+01  (26.5 eps/s x 32 = 848 run-eps/s)
epoch   7500  train 1.5057e-07  test med 7.0721e+00 mean 8.5862e+00 max 1.9709e+01  (26.5 eps/s x 32 = 848 run-eps/s)
epoch   7600  train 1.5023e-07  test med 7.0202e+00 mean 8.5633e+00 max 1.9679e+01  (26.5 eps/s x 32 = 848 run-eps/s)
epoch   7700  train 1.4991e-07  test med 6.9701e+00 mean 8.5403e+00 max 1.9648e+01  (26.5 eps/s x 32 = 848 run-eps/s)
epoch   7800  train 1.4961e-07  test med 6.9204e+00 mean 8.5171e+00 max 1.9618e+01  (26.5 eps/s x 32 = 848 run-eps/s)
epoch   7900  train 1.4932e-07  test med 6.8705e+00 mean 8.4938e+00 max 1.9588e+01  (26.5 eps/s x 32 = 848 run-eps/s)
epoch   8000  train 1.4907e-07  test med 6.8199e+00 mean 8.4703e+00 max 1.9559e+01  (26.5 eps/s x 32 = 848 run-eps/s)
epoch   8100  train 1.4884e-07  test med 6.7682e+00 mean 8.4465e+00 max 1.9530e+01  (26.5 eps/s x 32 = 848 run-eps/s)
epoch   8200  train 1.4863e-07  test med 6.7155e+00 mean 8.4224e+00 max 1.9501e+01  (26.5 eps/s x 32 = 848 run-eps/s)
epoch   8300  train 1.4844e-07  test med 6.6622e+00 mean 8.3981e+00 max 1.9472e+01  (26.5 eps/s x 32 = 848 run-eps/s)
epoch   8400  train 1.4827e-07  test med 6.6078e+00 mean 8.3735e+00 max 1.9443e+01  (26.5 eps/s x 32 = 848 run-eps/s)
epoch   8500  train 1.4811e-07  test med 6.5522e+00 mean 8.3485e+00 max 1.9415e+01  (26.5 eps/s x 32 = 848 run-eps/s)
epoch   8600  train 1.4796e-07  test med 6.4952e+00 mean 8.3232e+00 max 1.9387e+01  (26.5 eps/s x 32 = 848 run-eps/s)
epoch   8700  train 1.4782e-07  test med 6.4367e+00 mean 8.2976e+00 max 1.9360e+01  (26.5 eps/s x 32 = 848 run-eps/s)
epoch   8800  train 1.4768e-07  test med 6.3767e+00 mean 8.2716e+00 max 1.9332e+01  (26.5 eps/s x 32 = 848 run-eps/s)
epoch   8900  train 1.4754e-07  test med 6.3150e+00 mean 8.2452e+00 max 1.9305e+01  (26.5 eps/s x 32 = 848 run-eps/s)
epoch   9000  train 1.4741e-07  test med 6.2519e+00 mean 8.2185e+00 max 1.9278e+01  (26.5 eps/s x 32 = 848 run-eps/s)
epoch   9100  train 1.4729e-07  test med 6.1874e+00 mean 8.1913e+00 max 1.9252e+01  (26.5 eps/s x 32 = 848 run-eps/s)
epoch   9200  train 1.4716e-07  test med 6.1211e+00 mean 8.1637e+00 max 1.9225e+01  (26.5 eps/s x 32 = 848 run-eps/s)
epoch   9300  train 1.4703e-07  test med 6.0532e+00 mean 8.1357e+00 max 1.9199e+01  (26.5 eps/s x 32 = 848 run-eps/s)
epoch   9400  train 1.4690e-07  test med 5.9836e+00 mean 8.1072e+00 max 1.9173e+01  (26.5 eps/s x 32 = 848 run-eps/s)
epoch   9500  train 1.4677e-07  test med 5.9121e+00 mean 8.0782e+00 max 1.9147e+01  (26.5 eps/s x 32 = 848 run-eps/s)
epoch   9600  train 1.4663e-07  test med 5.8389e+00 mean 8.0486e+00 max 1.9122e+01  (26.5 eps/s x 32 = 848 run-eps/s)
epoch   9700  train 1.4648e-07  test med 5.7639e+00 mean 8.0186e+00 max 1.9096e+01  (26.5 eps/s x 32 = 848 run-eps/s)
epoch   9800  train 1.4633e-07  test med 5.6872e+00 mean 7.9880e+00 max 1.9071e+01  (26.5 eps/s x 32 = 848 run-eps/s)
epoch   9900  train 1.4618e-07  test med 5.6086e+00 mean 7.9568e+00 max 1.9047e+01  (26.5 eps/s x 32 = 848 run-eps/s)
epoch  10000  train 1.4602e-07  test med 5.5279e+00 mean 7.9250e+00 max 1.9022e+01  (26.5 eps/s x 32 = 848 run-eps/s)
epoch  10100  train 1.4586e-07  test med 5.4448e+00 mean 7.8927e+00 max 1.8998e+01  (26.5 eps/s x 32 = 848 run-eps/s)
epoch  10200  train 1.4570e-07  test med 5.3597e+00 mean 7.8597e+00 max 1.8974e+01  (26.5 eps/s x 32 = 848 run-eps/s)
epoch  10300  train 1.4555e-07  test med 5.2726e+00 mean 7.8260e+00 max 1.8950e+01  (26.5 eps/s x 32 = 848 run-eps/s)
epoch  10400  train 1.4540e-07  test med 5.1834e+00 mean 7.7917e+00 max 1.8926e+01  (26.5 eps/s x 32 = 848 run-eps/s)
epoch  10500  train 1.4525e-07  test med 5.0917e+00 mean 7.7567e+00 max 1.8903e+01  (26.5 eps/s x 32 = 848 run-eps/s)
epoch  10600  train 1.4511e-07  test med 4.9980e+00 mean 7.7209e+00 max 1.8879e+01  (26.5 eps/s x 32 = 848 run-eps/s)
epoch  10700  train 1.4498e-07  test med 4.9022e+00 mean 7.6843e+00 max 1.8856e+01  (26.5 eps/s x 32 = 848 run-eps/s)
epoch  10800  train 1.4486e-07  test med 4.8049e+00 mean 7.6469e+00 max 1.8833e+01  (26.5 eps/s x 32 = 848 run-eps/s)
epoch  10900  train 1.4474e-07  test med 4.7061e+00 mean 7.6087e+00 max 1.8814e+01  (26.5 eps/s x 32 = 848 run-eps/s)
epoch  11000  train 1.4462e-07  test med 4.6058e+00 mean 7.5697e+00 max 1.8798e+01  (26.5 eps/s x 32 = 848 run-eps/s)
epoch  11100  train 1.4452e-07  test med 4.5037e+00 mean 7.5299e+00 max 1.8781e+01  (26.5 eps/s x 32 = 848 run-eps/s)
epoch  11200  train 1.4440e-07  test med 4.4001e+00 mean 7.4892e+00 max 1.8765e+01  (26.5 eps/s x 32 = 848 run-eps/s)
epoch  11300  train 1.4430e-07  test med 4.2951e+00 mean 7.4477e+00 max 1.8748e+01  (26.5 eps/s x 32 = 848 run-eps/s)
epoch  11400  train 1.4419e-07  test med 4.1886e+00 mean 7.4053e+00 max 1.8732e+01  (26.5 eps/s x 32 = 848 run-eps/s)
epoch  11500  train 1.4408e-07  test med 4.0808e+00 mean 7.3620e+00 max 1.8717e+01  (26.5 eps/s x 32 = 848 run-eps/s)
epoch  11600  train 1.4397e-07  test med 3.9722e+00 mean 7.3177e+00 max 1.8701e+01  (26.5 eps/s x 32 = 848 run-eps/s)
epoch  11700  train 1.4386e-07  test med 3.8625e+00 mean 7.2727e+00 max 1.8686e+01  (26.5 eps/s x 32 = 848 run-eps/s)
epoch  11800  train 1.4376e-07  test med 3.7377e+00 mean 7.2267e+00 max 1.8670e+01  (26.5 eps/s x 32 = 848 run-eps/s)
epoch  11900  train 1.4364e-07  test med 3.5712e+00 mean 7.1797e+00 max 1.8655e+01  (26.5 eps/s x 32 = 848 run-eps/s)
epoch  12000  train 1.4354e-07  test med 3.3997e+00 mean 7.1317e+00 max 1.8640e+01  (26.5 eps/s x 32 = 848 run-eps/s)
epoch  12100  train 1.4342e-07  test med 3.2237e+00 mean 7.0828e+00 max 1.8626e+01  (26.5 eps/s x 32 = 848 run-eps/s)
epoch  12200  train 1.4331e-07  test med 3.0433e+00 mean 7.0330e+00 max 1.8611e+01  (26.5 eps/s x 32 = 848 run-eps/s)
epoch  12300  train 1.4320e-07  test med 2.8589e+00 mean 6.9822e+00 max 1.8597e+01  (26.5 eps/s x 32 = 848 run-eps/s)
epoch  12400  train 1.4307e-07  test med 2.6716e+00 mean 6.9306e+00 max 1.8584e+01  (26.5 eps/s x 32 = 848 run-eps/s)
epoch  12500  train 1.4296e-07  test med 2.4822e+00 mean 6.8780e+00 max 1.8570e+01  (26.5 eps/s x 32 = 848 run-eps/s)
epoch  12600  train 1.4283e-07  test med 2.2919e+00 mean 6.8246e+00 max 1.8557e+01  (26.5 eps/s x 32 = 848 run-eps/s)
epoch  12700  train 1.4270e-07  test med 2.1016e+00 mean 6.7703e+00 max 1.8543e+01  (26.5 eps/s x 32 = 848 run-eps/s)
epoch  12800  train 1.4257e-07  test med 1.9137e+00 mean 6.7154e+00 max 1.8530e+01  (26.5 eps/s x 32 = 848 run-eps/s)
epoch  12900  train 1.4243e-07  test med 1.7295e+00 mean 6.6600e+00 max 1.8517e+01  (26.5 eps/s x 32 = 848 run-eps/s)
epoch  13000  train 1.4228e-07  test med 1.5501e+00 mean 6.6040e+00 max 1.8504e+01  (26.5 eps/s x 32 = 848 run-eps/s)
epoch  13100  train 1.4213e-07  test med 1.3766e+00 mean 6.5476e+00 max 1.8491e+01  (26.5 eps/s x 32 = 848 run-eps/s)
epoch  13200  train 1.4198e-07  test med 1.2113e+00 mean 6.4908e+00 max 1.8479e+01  (26.5 eps/s x 32 = 848 run-eps/s)
epoch  13300  train 1.4183e-07  test med 1.0553e+00 mean 6.4339e+00 max 1.8467e+01  (26.5 eps/s x 32 = 848 run-eps/s)
epoch  13400  train 1.4168e-07  test med 9.1001e-01 mean 6.3768e+00 max 1.8455e+01  (26.5 eps/s x 32 = 848 run-eps/s)
epoch  13500  train 1.4154e-07  test med 7.7590e-01 mean 6.3196e+00 max 1.8443e+01  (26.5 eps/s x 32 = 848 run-eps/s)
epoch  13600  train 1.4140e-07  test med 6.5451e-01 mean 6.2626e+00 max 1.8431e+01  (26.5 eps/s x 32 = 848 run-eps/s)
epoch  13700  train 1.4126e-07  test med 5.4650e-01 mean 6.2058e+00 max 1.8419e+01  (26.5 eps/s x 32 = 848 run-eps/s)
epoch  13800  train 1.4112e-07  test med 4.5157e-01 mean 6.1492e+00 max 1.8408e+01  (26.5 eps/s x 32 = 848 run-eps/s)
epoch  13900  train 1.4098e-07  test med 3.6980e-01 mean 6.0929e+00 max 1.8396e+01  (26.5 eps/s x 32 = 848 run-eps/s)
epoch  14000  train 1.4084e-07  test med 3.0017e-01 mean 6.0369e+00 max 1.8385e+01  (26.5 eps/s x 32 = 848 run-eps/s)
epoch  14100  train 1.4070e-07  test med 2.4195e-01 mean 5.9814e+00 max 1.8374e+01  (26.5 eps/s x 32 = 848 run-eps/s)
epoch  14200  train 1.4056e-07  test med 1.9412e-01 mean 5.9266e+00 max 1.8363e+01  (26.5 eps/s x 32 = 848 run-eps/s)
epoch  14300  train 1.4042e-07  test med 1.5524e-01 mean 5.8727e+00 max 1.8352e+01  (26.5 eps/s x 32 = 848 run-eps/s)
epoch  14400  train 1.4028e-07  test med 1.2367e-01 mean 5.8195e+00 max 1.8341e+01  (26.5 eps/s x 32 = 848 run-eps/s)
epoch  14500  train 1.4014e-07  test med 9.8543e-02 mean 5.7673e+00 max 1.8330e+01  (26.5 eps/s x 32 = 848 run-eps/s)
epoch  14600  train 1.4000e-07  test med 7.8532e-02 mean 5.7161e+00 max 1.8320e+01  (26.5 eps/s x 32 = 848 run-eps/s)
epoch  14700  train 1.3986e-07  test med 6.2588e-02 mean 5.6660e+00 max 1.8309e+01  (26.5 eps/s x 32 = 848 run-eps/s)
epoch  14800  train 1.3971e-07  test med 4.9842e-02 mean 5.6170e+00 max 1.8299e+01  (26.5 eps/s x 32 = 848 run-eps/s)
epoch  14900  train 1.3956e-07  test med 3.9677e-02 mean 5.5692e+00 max 1.8288e+01  (26.5 eps/s x 32 = 848 run-eps/s)
epoch  15000  train 1.3942e-07  test med 3.1633e-02 mean 5.5228e+00 max 1.8278e+01  (26.5 eps/s x 32 = 848 run-eps/s)
epoch  15100  train 1.3926e-07  test med 2.5324e-02 mean 5.4777e+00 max 1.8268e+01  (26.5 eps/s x 32 = 848 run-eps/s)
epoch  15200  train 1.3911e-07  test med 2.0370e-02 mean 5.4340e+00 max 1.8258e+01  (26.5 eps/s x 32 = 848 run-eps/s)
epoch  15300  train 1.3896e-07  test med 1.6441e-02 mean 5.3917e+00 max 1.8249e+01  (26.5 eps/s x 32 = 848 run-eps/s)
epoch  15400  train 1.3881e-07  test med 1.3315e-02 mean 5.3507e+00 max 1.8239e+01  (26.5 eps/s x 32 = 848 run-eps/s)
epoch  15500  train 1.3865e-07  test med 1.0814e-02 mean 5.3113e+00 max 1.8229e+01  (26.5 eps/s x 32 = 848 run-eps/s)
epoch  15600  train 1.3849e-07  test med 8.7697e-03 mean 5.2734e+00 max 1.8220e+01  (26.5 eps/s x 32 = 848 run-eps/s)
epoch  15700  train 1.3833e-07  test med 7.1025e-03 mean 5.2369e+00 max 1.8210e+01  (26.5 eps/s x 32 = 848 run-eps/s)
epoch  15800  train 1.3817e-07  test med 5.7318e-03 mean 5.2020e+00 max 1.8201e+01  (26.5 eps/s x 32 = 848 run-eps/s)
epoch  15900  train 1.3801e-07  test med 4.5965e-03 mean 5.1685e+00 max 1.8191e+01  (26.5 eps/s x 32 = 848 run-eps/s)
epoch  16000  train 1.3786e-07  test med 3.6747e-03 mean 5.1366e+00 max 1.8182e+01  (26.5 eps/s x 32 = 848 run-eps/s)
epoch  16100  train 1.3771e-07  test med 2.9519e-03 mean 5.1061e+00 max 1.8173e+01  (26.5 eps/s x 32 = 848 run-eps/s)
epoch  16200  train 1.3756e-07  test med 2.3945e-03 mean 5.0771e+00 max 1.8164e+01  (26.5 eps/s x 32 = 848 run-eps/s)
epoch  16300  train 1.3741e-07  test med 1.9437e-03 mean 5.0493e+00 max 1.8156e+01  (26.5 eps/s x 32 = 848 run-eps/s)
epoch  16400  train 1.3728e-07  test med 1.5743e-03 mean 5.0227e+00 max 1.8147e+01  (26.5 eps/s x 32 = 848 run-eps/s)
epoch  16500  train 1.3715e-07  test med 1.2653e-03 mean 4.9971e+00 max 1.8138e+01  (26.5 eps/s x 32 = 848 run-eps/s)
epoch  16600  train 1.3700e-07  test med 1.0048e-03 mean 4.9725e+00 max 1.8130e+01  (26.5 eps/s x 32 = 848 run-eps/s)
epoch  16700  train 1.3691e-07  test med 7.8750e-04 mean 4.9488e+00 max 1.8121e+01  (26.5 eps/s x 32 = 848 run-eps/s)
epoch  16800  train 1.3675e-07  test med 6.0594e-04 mean 4.9260e+00 max 1.8112e+01  (26.5 eps/s x 32 = 848 run-eps/s)
epoch  16900  train 1.3663e-07  test med 4.5992e-04 mean 4.9038e+00 max 1.8104e+01  (26.5 eps/s x 32 = 848 run-eps/s)
epoch  17000  train 1.3649e-07  test med 3.4680e-04 mean 4.8822e+00 max 1.8096e+01  (26.5 eps/s x 32 = 848 run-eps/s)
epoch  17100  train 1.3640e-07  test med 2.6111e-04 mean 4.8612e+00 max 1.8087e+01  (26.5 eps/s x 32 = 848 run-eps/s)
epoch  17200  train 1.3625e-07  test med 2.0115e-04 mean 4.8406e+00 max 1.8079e+01  (26.5 eps/s x 32 = 848 run-eps/s)
epoch  17300  train 1.3612e-07  test med 1.5805e-04 mean 4.8205e+00 max 1.8071e+01  (26.5 eps/s x 32 = 848 run-eps/s)
epoch  17400  train 1.3600e-07  test med 1.2774e-04 mean 4.8007e+00 max 1.8063e+01  (26.5 eps/s x 32 = 848 run-eps/s)
epoch  17500  train 1.3592e-07  test med 1.0623e-04 mean 4.7812e+00 max 1.8055e+01  (26.5 eps/s x 32 = 848 run-eps/s)
epoch  17600  train 1.3577e-07  test med 8.9198e-05 mean 4.7620e+00 max 1.8047e+01  (26.5 eps/s x 32 = 848 run-eps/s)
epoch  17700  train 1.3567e-07  test med 7.5045e-05 mean 4.7431e+00 max 1.8039e+01  (26.5 eps/s x 32 = 848 run-eps/s)
epoch  17800  train 1.3557e-07  test med 6.3327e-05 mean 4.7243e+00 max 1.8032e+01  (26.5 eps/s x 32 = 848 run-eps/s)
epoch  17900  train 1.3547e-07  test med 5.3474e-05 mean 4.7057e+00 max 1.8024e+01  (26.5 eps/s x 32 = 848 run-eps/s)
epoch  18000  train 1.3534e-07  test med 4.4639e-05 mean 4.6874e+00 max 1.8017e+01  (26.5 eps/s x 32 = 848 run-eps/s)
epoch  18100  train 1.3523e-07  test med 3.7705e-05 mean 4.6693e+00 max 1.8009e+01  (26.5 eps/s x 32 = 848 run-eps/s)
epoch  18200  train 1.3513e-07  test med 3.2291e-05 mean 4.6516e+00 max 1.8002e+01  (26.5 eps/s x 32 = 848 run-eps/s)
epoch  18300  train 1.3503e-07  test med 2.8300e-05 mean 4.6343e+00 max 1.7995e+01  (26.5 eps/s x 32 = 848 run-eps/s)
epoch  18400  train 1.3492e-07  test med 2.6783e-05 mean 4.6173e+00 max 1.7988e+01  (26.5 eps/s x 32 = 848 run-eps/s)
epoch  18500  train 1.3485e-07  test med 2.6652e-05 mean 4.6008e+00 max 1.7980e+01  (26.5 eps/s x 32 = 848 run-eps/s)
epoch  18600  train 1.3473e-07  test med 2.6423e-05 mean 4.5848e+00 max 1.7973e+01  (26.5 eps/s x 32 = 848 run-eps/s)
epoch  18700  train 1.3466e-07  test med 2.2714e-05 mean 4.5693e+00 max 1.7966e+01  (26.5 eps/s x 32 = 848 run-eps/s)
epoch  18800  train 1.3456e-07  test med 1.7672e-05 mean 4.5543e+00 max 1.7959e+01  (26.5 eps/s x 32 = 848 run-eps/s)
epoch  18900  train 1.3448e-07  test med 1.4797e-05 mean 4.5399e+00 max 1.7951e+01  (26.5 eps/s x 32 = 848 run-eps/s)
epoch  19000  train 1.3439e-07  test med 1.3122e-05 mean 4.5259e+00 max 1.7944e+01  (26.5 eps/s x 32 = 848 run-eps/s)
epoch  19100  train 1.3431e-07  test med 1.3022e-05 mean 4.5124e+00 max 1.7937e+01  (26.5 eps/s x 32 = 848 run-eps/s)
epoch  19200  train 1.3423e-07  test med 1.2940e-05 mean 4.4993e+00 max 1.7930e+01  (26.5 eps/s x 32 = 848 run-eps/s)
epoch  19300  train 1.3414e-07  test med 1.2863e-05 mean 4.4866e+00 max 1.7923e+01  (26.5 eps/s x 32 = 848 run-eps/s)
epoch  19400  train 1.3410e-07  test med 1.2774e-05 mean 4.4741e+00 max 1.7916e+01  (26.5 eps/s x 32 = 848 run-eps/s)
epoch  19500  train 1.3399e-07  test med 1.2700e-05 mean 4.4618e+00 max 1.7909e+01  (26.5 eps/s x 32 = 848 run-eps/s)
epoch  19600  train 1.3393e-07  test med 1.2629e-05 mean 4.4496e+00 max 1.7902e+01  (26.5 eps/s x 32 = 848 run-eps/s)
epoch  19700  train 1.3384e-07  test med 1.2547e-05 mean 4.4374e+00 max 1.7895e+01  (26.5 eps/s x 32 = 848 run-eps/s)
epoch  19800  train 1.3378e-07  test med 1.2472e-05 mean 4.4252e+00 max 1.7889e+01  (26.5 eps/s x 32 = 848 run-eps/s)
epoch  19900  train 1.3369e-07  test med 1.2404e-05 mean 4.4130e+00 max 1.7882e+01  (26.5 eps/s x 32 = 848 run-eps/s)
epoch  20000  train 1.3362e-07  test med 1.2301e-05 mean 4.4007e+00 max 1.7875e+01  (26.5 eps/s x 32 = 848 run-eps/s)
epoch  20100  train 1.3354e-07  test med 1.2269e-05 mean 4.3882e+00 max 1.7868e+01  (26.5 eps/s x 32 = 848 run-eps/s)
epoch  20200  train 1.3348e-07  test med 1.2200e-05 mean 4.3756e+00 max 1.7861e+01  (26.5 eps/s x 32 = 848 run-eps/s)
epoch  20300  train 1.3339e-07  test med 1.2131e-05 mean 4.3629e+00 max 1.7854e+01  (26.5 eps/s x 32 = 848 run-eps/s)
epoch  20400  train 1.3333e-07  test med 1.2044e-05 mean 4.3500e+00 max 1.7848e+01  (26.5 eps/s x 32 = 848 run-eps/s)
epoch  20500  train 1.3328e-07  test med 1.1949e-05 mean 4.3369e+00 max 1.7841e+01  (26.5 eps/s x 32 = 848 run-eps/s)
epoch  20600  train 1.3322e-07  test med 1.1891e-05 mean 4.3236e+00 max 1.7834e+01  (26.5 eps/s x 32 = 848 run-eps/s)
epoch  20700  train 1.3315e-07  test med 1.1783e-05 mean 4.3101e+00 max 1.7827e+01  (26.5 eps/s x 32 = 848 run-eps/s)
epoch  20800  train 1.3307e-07  test med 1.1723e-05 mean 4.2964e+00 max 1.7821e+01  (26.5 eps/s x 32 = 848 run-eps/s)
epoch  20900  train 1.3303e-07  test med 1.1664e-05 mean 4.2824e+00 max 1.7814e+01  (26.5 eps/s x 32 = 848 run-eps/s)
epoch  21000  train 1.3296e-07  test med 1.1585e-05 mean 4.2683e+00 max 1.7808e+01  (26.5 eps/s x 32 = 848 run-eps/s)
epoch  21100  train 1.3293e-07  test med 1.1493e-05 mean 4.2540e+00 max 1.7801e+01  (26.5 eps/s x 32 = 848 run-eps/s)
epoch  21200  train 1.3287e-07  test med 1.1412e-05 mean 4.2396e+00 max 1.7795e+01  (26.5 eps/s x 32 = 848 run-eps/s)
epoch  21300  train 1.3278e-07  test med 1.1341e-05 mean 4.2252e+00 max 1.7788e+01  (26.5 eps/s x 32 = 848 run-eps/s)
epoch  21400  train 1.3270e-07  test med 1.1720e-05 mean 4.2107e+00 max 1.7782e+01  (26.5 eps/s x 32 = 848 run-eps/s)
epoch  21500  train 1.3265e-07  test med 1.2237e-05 mean 4.1962e+00 max 1.7775e+01  (26.5 eps/s x 32 = 848 run-eps/s)
epoch  21600  train 1.3257e-07  test med 1.2773e-05 mean 4.1817e+00 max 1.7769e+01  (26.5 eps/s x 32 = 848 run-eps/s)
epoch  21700  train 1.3251e-07  test med 1.2580e-05 mean 4.1675e+00 max 1.7763e+01  (26.5 eps/s x 32 = 848 run-eps/s)
epoch  21800  train 1.3244e-07  test med 1.2550e-05 mean 4.1535e+00 max 1.7756e+01  (26.5 eps/s x 32 = 848 run-eps/s)
epoch  21900  train 1.3238e-07  test med 1.1379e-05 mean 4.1400e+00 max 1.7750e+01  (26.5 eps/s x 32 = 848 run-eps/s)
epoch  22000  train 1.3234e-07  test med 7.8060e-06 mean 4.1270e+00 max 1.7744e+01  (26.5 eps/s x 32 = 848 run-eps/s)
epoch  22100  train 1.3231e-07  test med 7.0777e-06 mean 4.1145e+00 max 1.7737e+01  (26.5 eps/s x 32 = 848 run-eps/s)
epoch  22200  train 1.3226e-07  test med 6.7468e-06 mean 4.1028e+00 max 1.7731e+01  (26.5 eps/s x 32 = 848 run-eps/s)
epoch  22300  train 1.3216e-07  test med 6.6493e-06 mean 4.0917e+00 max 1.7725e+01  (26.5 eps/s x 32 = 848 run-eps/s)
epoch  22400  train 1.3208e-07  test med 6.5852e-06 mean 4.0813e+00 max 1.7719e+01  (26.5 eps/s x 32 = 848 run-eps/s)
epoch  22500  train 1.3206e-07  test med 6.5369e-06 mean 4.0716e+00 max 1.7712e+01  (26.5 eps/s x 32 = 848 run-eps/s)
epoch  22600  train 1.3194e-07  test med 6.5078e-06 mean 4.0626e+00 max 1.7706e+01  (26.5 eps/s x 32 = 848 run-eps/s)
epoch  22700  train 1.3195e-07  test med 6.4590e-06 mean 4.0541e+00 max 1.7699e+01  (26.5 eps/s x 32 = 848 run-eps/s)
epoch  22800  train 1.3190e-07  test med 6.4274e-06 mean 4.0462e+00 max 1.7693e+01  (26.5 eps/s x 32 = 848 run-eps/s)
epoch  22900  train 1.3185e-07  test med 6.3650e-06 mean 4.0387e+00 max 1.7686e+01  (26.5 eps/s x 32 = 848 run-eps/s)
epoch  23000  train 1.3180e-07  test med 6.1197e-06 mean 4.0317e+00 max 1.7680e+01  (26.5 eps/s x 32 = 848 run-eps/s)
epoch  23100  train 1.3176e-07  test med 5.7901e-06 mean 4.0250e+00 max 1.7673e+01  (26.5 eps/s x 32 = 848 run-eps/s)
epoch  23200  train 1.3172e-07  test med 5.4899e-06 mean 4.0186e+00 max 1.7667e+01  (26.5 eps/s x 32 = 848 run-eps/s)
epoch  23300  train 1.3167e-07  test med 5.2873e-06 mean 4.0125e+00 max 1.7660e+01  (26.5 eps/s x 32 = 848 run-eps/s)
epoch  23400  train 1.3163e-07  test med 5.2577e-06 mean 4.0065e+00 max 1.7654e+01  (26.5 eps/s x 32 = 848 run-eps/s)
epoch  23500  train 1.3160e-07  test med 5.2366e-06 mean 4.0007e+00 max 1.7647e+01  (26.5 eps/s x 32 = 848 run-eps/s)
epoch  23600  train 1.3162e-07  test med 5.2142e-06 mean 3.9949e+00 max 1.7641e+01  (26.5 eps/s x 32 = 848 run-eps/s)
epoch  23700  train 1.3153e-07  test med 5.1896e-06 mean 3.9893e+00 max 1.7634e+01  (26.5 eps/s x 32 = 848 run-eps/s)
epoch  23800  train 1.3151e-07  test med 5.1664e-06 mean 3.9836e+00 max 1.7627e+01  (26.5 eps/s x 32 = 848 run-eps/s)
epoch  23900  train 1.3151e-07  test med 5.1419e-06 mean 3.9780e+00 max 1.7620e+01  (26.5 eps/s x 32 = 848 run-eps/s)
epoch  24000  train 1.3146e-07  test med 5.1150e-06 mean 3.9724e+00 max 1.7614e+01  (26.5 eps/s x 32 = 848 run-eps/s)
epoch  24100  train 1.3149e-07  test med 5.0987e-06 mean 3.9668e+00 max 1.7607e+01  (26.5 eps/s x 32 = 848 run-eps/s)
epoch  24200  train 1.3138e-07  test med 5.0733e-06 mean 3.9612e+00 max 1.7600e+01  (26.5 eps/s x 32 = 849 run-eps/s)
epoch  24300  train 1.3131e-07  test med 5.0450e-06 mean 3.9555e+00 max 1.7594e+01  (26.5 eps/s x 32 = 849 run-eps/s)
epoch  24400  train 1.3131e-07  test med 5.0175e-06 mean 3.9499e+00 max 1.7587e+01  (26.5 eps/s x 32 = 849 run-eps/s)
epoch  24500  train 1.3131e-07  test med 4.9886e-06 mean 3.9442e+00 max 1.7580e+01  (26.5 eps/s x 32 = 849 run-eps/s)
epoch  24600  train 1.3123e-07  test med 4.9551e-06 mean 3.9385e+00 max 1.7573e+01  (26.5 eps/s x 32 = 849 run-eps/s)
epoch  24700  train 1.3119e-07  test med 4.9185e-06 mean 3.9327e+00 max 1.7566e+01  (26.5 eps/s x 32 = 849 run-eps/s)
epoch  24800  train 1.3117e-07  test med 4.8751e-06 mean 3.9270e+00 max 1.7559e+01  (26.5 eps/s x 32 = 849 run-eps/s)
epoch  24900  train 1.3109e-07  test med 4.8342e-06 mean 3.9212e+00 max 1.7552e+01  (26.5 eps/s x 32 = 849 run-eps/s)
epoch  25000  train 1.3100e-07  test med 4.7853e-06 mean 3.9153e+00 max 1.7545e+01  (26.5 eps/s x 32 = 849 run-eps/s)
epoch  25100  train 1.3094e-07  test med 4.7335e-06 mean 3.9094e+00 max 1.7538e+01  (26.5 eps/s x 32 = 848 run-eps/s)
epoch  25200  train 1.3075e-07  test med 4.6921e-06 mean 3.9035e+00 max 1.7531e+01  (26.5 eps/s x 32 = 848 run-eps/s)
epoch  25300  train 1.3062e-07  test med 4.6529e-06 mean 3.8976e+00 max 1.7524e+01  (26.5 eps/s x 32 = 848 run-eps/s)
epoch  25400  train 1.3045e-07  test med 4.6159e-06 mean 3.8916e+00 max 1.7517e+01  (26.5 eps/s x 32 = 848 run-eps/s)
epoch  25500  train 1.3036e-07  test med 4.5765e-06 mean 3.8856e+00 max 1.7509e+01  (26.5 eps/s x 32 = 848 run-eps/s)
epoch  25600  train 1.3028e-07  test med 4.5380e-06 mean 3.8795e+00 max 1.7502e+01  (26.5 eps/s x 32 = 848 run-eps/s)
epoch  25700  train 1.3019e-07  test med 4.4825e-06 mean 3.8734e+00 max 1.7495e+01  (26.5 eps/s x 32 = 848 run-eps/s)
epoch  25800  train 1.3023e-07  test med 4.4392e-06 mean 3.8673e+00 max 1.7488e+01  (26.5 eps/s x 32 = 848 run-eps/s)
epoch  25900  train 1.3015e-07  test med 4.3983e-06 mean 3.8611e+00 max 1.7481e+01  (26.5 eps/s x 32 = 848 run-eps/s)
epoch  26000  train 1.3016e-07  test med 4.3533e-06 mean 3.8549e+00 max 1.7474e+01  (26.5 eps/s x 32 = 848 run-eps/s)
epoch  26100  train 1.3016e-07  test med 4.3213e-06 mean 3.8487e+00 max 1.7467e+01  (26.5 eps/s x 32 = 848 run-eps/s)
epoch  26200  train 1.3009e-07  test med 4.2958e-06 mean 3.8424e+00 max 1.7459e+01  (26.5 eps/s x 32 = 848 run-eps/s)
epoch  26300  train 1.3008e-07  test med 4.2655e-06 mean 3.8361e+00 max 1.7452e+01  (26.5 eps/s x 32 = 848 run-eps/s)
epoch  26400  train 1.3006e-07  test med 4.2372e-06 mean 3.8297e+00 max 1.7444e+01  (26.5 eps/s x 32 = 848 run-eps/s)
epoch  26500  train 1.3000e-07  test med 4.2067e-06 mean 3.8232e+00 max 1.7437e+01  (26.5 eps/s x 32 = 849 run-eps/s)
epoch  26600  train 1.2997e-07  test med 4.1809e-06 mean 3.8168e+00 max 1.7429e+01  (26.5 eps/s x 32 = 849 run-eps/s)
epoch  26700  train 1.2996e-07  test med 4.1530e-06 mean 3.8102e+00 max 1.7422e+01  (26.5 eps/s x 32 = 849 run-eps/s)
epoch  26800  train 1.2994e-07  test med 4.1198e-06 mean 3.8037e+00 max 1.7414e+01  (26.5 eps/s x 32 = 849 run-eps/s)
epoch  26900  train 1.2994e-07  test med 4.0874e-06 mean 3.7971e+00 max 1.7406e+01  (26.5 eps/s x 32 = 849 run-eps/s)
epoch  27000  train 1.2986e-07  test med 4.1230e-06 mean 3.7904e+00 max 1.7399e+01  (26.5 eps/s x 32 = 849 run-eps/s)
epoch  27100  train 1.2987e-07  test med 4.1457e-06 mean 3.7837e+00 max 1.7391e+01  (26.5 eps/s x 32 = 849 run-eps/s)
epoch  27200  train 1.2982e-07  test med 4.1804e-06 mean 3.7769e+00 max 1.7383e+01  (26.5 eps/s x 32 = 849 run-eps/s)
epoch  27300  train 1.2984e-07  test med 4.2270e-06 mean 3.7701e+00 max 1.7376e+01  (26.5 eps/s x 32 = 849 run-eps/s)
epoch  27400  train 1.3013e-07  test med 4.2714e-06 mean 3.7632e+00 max 1.7368e+01  (26.5 eps/s x 32 = 849 run-eps/s)
epoch  27500  train 1.2977e-07  test med 4.3160e-06 mean 3.7563e+00 max 1.7360e+01  (26.5 eps/s x 32 = 849 run-eps/s)
epoch  27600  train 1.2977e-07  test med 4.3634e-06 mean 3.7493e+00 max 1.7352e+01  (26.5 eps/s x 32 = 849 run-eps/s)
epoch  27700  train 1.2980e-07  test med 4.4055e-06 mean 3.7423e+00 max 1.7344e+01  (26.5 eps/s x 32 = 849 run-eps/s)
epoch  27800  train 1.2970e-07  test med 4.4510e-06 mean 3.7352e+00 max 1.7336e+01  (26.5 eps/s x 32 = 849 run-eps/s)
epoch  27900  train 1.2971e-07  test med 4.5059e-06 mean 3.7281e+00 max 1.7328e+01  (26.5 eps/s x 32 = 849 run-eps/s)
epoch  28000  train 1.2968e-07  test med 4.5488e-06 mean 3.7209e+00 max 1.7320e+01  (26.5 eps/s x 32 = 848 run-eps/s)
epoch  28100  train 1.2966e-07  test med 4.5860e-06 mean 3.7137e+00 max 1.7312e+01  (26.5 eps/s x 32 = 849 run-eps/s)
epoch  28200  train 1.2964e-07  test med 4.6249e-06 mean 3.7063e+00 max 1.7304e+01  (26.5 eps/s x 32 = 849 run-eps/s)
epoch  28300  train 1.2966e-07  test med 4.6664e-06 mean 3.6990e+00 max 1.7296e+01  (26.5 eps/s x 32 = 849 run-eps/s)
epoch  28400  train 1.2959e-07  test med 4.7200e-06 mean 3.6916e+00 max 1.7288e+01  (26.5 eps/s x 32 = 849 run-eps/s)
epoch  28500  train 1.2960e-07  test med 4.7697e-06 mean 3.6841e+00 max 1.7280e+01  (26.5 eps/s x 32 = 849 run-eps/s)
epoch  28600  train 1.2958e-07  test med 4.8099e-06 mean 3.6766e+00 max 1.7272e+01  (26.5 eps/s x 32 = 849 run-eps/s)
epoch  28700  train 1.2957e-07  test med 4.8517e-06 mean 3.6690e+00 max 1.7263e+01  (26.5 eps/s x 32 = 849 run-eps/s)
epoch  28800  train 1.2951e-07  test med 4.8723e-06 mean 3.6613e+00 max 1.7255e+01  (26.5 eps/s x 32 = 849 run-eps/s)
epoch  28900  train 1.2950e-07  test med 4.8670e-06 mean 3.6536e+00 max 1.7247e+01  (26.5 eps/s x 32 = 849 run-eps/s)
epoch  29000  train 1.2950e-07  test med 4.8800e-06 mean 3.6459e+00 max 1.7238e+01  (26.5 eps/s x 32 = 849 run-eps/s)
epoch  29100  train 1.2949e-07  test med 4.9235e-06 mean 3.6381e+00 max 1.7230e+01  (26.5 eps/s x 32 = 849 run-eps/s)
epoch  29200  train 1.2942e-07  test med 4.9644e-06 mean 3.6302e+00 max 1.7221e+01  (26.5 eps/s x 32 = 849 run-eps/s)
epoch  29300  train 1.2945e-07  test med 5.0256e-06 mean 3.6223e+00 max 1.7213e+01  (26.5 eps/s x 32 = 849 run-eps/s)
epoch  29400  train 1.2942e-07  test med 5.0675e-06 mean 3.6142e+00 max 1.7204e+01  (26.5 eps/s x 32 = 849 run-eps/s)
epoch  29500  train 1.2940e-07  test med 5.0980e-06 mean 3.6062e+00 max 1.7195e+01  (26.5 eps/s x 32 = 849 run-eps/s)
epoch  29600  train 1.2937e-07  test med 5.1312e-06 mean 3.5980e+00 max 1.7187e+01  (26.5 eps/s x 32 = 849 run-eps/s)
epoch  29700  train 1.2939e-07  test med 5.1754e-06 mean 3.5898e+00 max 1.7177e+01  (26.5 eps/s x 32 = 849 run-eps/s)
epoch  29800  train 1.2933e-07  test med 5.2236e-06 mean 3.5815e+00 max 1.7168e+01  (26.5 eps/s x 32 = 849 run-eps/s)
epoch  29900  train 1.2931e-07  test med 5.2610e-06 mean 3.5731e+00 max 1.7159e+01  (26.5 eps/s x 32 = 849 run-eps/s)
epoch  30000  train 1.2932e-07  test med 5.3093e-06 mean 3.5647e+00 max 1.7150e+01  (26.5 eps/s x 32 = 849 run-eps/s)
epoch  30100  train 1.2971e-07  test med 5.3530e-06 mean 3.5562e+00 max 1.7141e+01  (26.5 eps/s x 32 = 849 run-eps/s)
epoch  30200  train 1.2921e-07  test med 5.3483e-06 mean 3.5476e+00 max 1.7132e+01  (26.5 eps/s x 32 = 849 run-eps/s)
epoch  30300  train 1.2927e-07  test med 5.0508e-06 mean 3.5390e+00 max 1.7123e+01  (26.5 eps/s x 32 = 849 run-eps/s)
epoch  30400  train 1.2919e-07  test med 4.6168e-06 mean 3.5303e+00 max 1.7114e+01  (26.5 eps/s x 32 = 849 run-eps/s)
epoch  30500  train 1.2922e-07  test med 4.2992e-06 mean 3.5215e+00 max 1.7104e+01  (26.5 eps/s x 32 = 849 run-eps/s)
epoch  30600  train 1.2920e-07  test med 4.0769e-06 mean 3.5127e+00 max 1.7095e+01  (26.5 eps/s x 32 = 849 run-eps/s)
epoch  30700  train 1.2917e-07  test med 3.8753e-06 mean 3.5038e+00 max 1.7086e+01  (26.5 eps/s x 32 = 849 run-eps/s)
epoch  30800  train 1.2923e-07  test med 3.7157e-06 mean 3.4948e+00 max 1.7077e+01  (26.5 eps/s x 32 = 849 run-eps/s)
epoch  30900  train 1.2912e-07  test med 3.6116e-06 mean 3.4857e+00 max 1.7068e+01  (26.5 eps/s x 32 = 849 run-eps/s)
epoch  31000  train 1.2911e-07  test med 3.6112e-06 mean 3.4766e+00 max 1.7058e+01  (26.5 eps/s x 32 = 849 run-eps/s)
epoch  31100  train 1.2911e-07  test med 3.6113e-06 mean 3.4674e+00 max 1.7049e+01  (26.5 eps/s x 32 = 849 run-eps/s)
epoch  31200  train 1.2910e-07  test med 3.6090e-06 mean 3.4581e+00 max 1.7040e+01  (26.5 eps/s x 32 = 849 run-eps/s)
epoch  31300  train 1.2906e-07  test med 3.6134e-06 mean 3.4488e+00 max 1.7030e+01  (26.5 eps/s x 32 = 849 run-eps/s)
epoch  31400  train 1.2905e-07  test med 3.6112e-06 mean 3.4393e+00 max 1.7021e+01  (26.5 eps/s x 32 = 849 run-eps/s)
epoch  31500  train 1.2903e-07  test med 3.6133e-06 mean 3.4299e+00 max 1.7011e+01  (26.5 eps/s x 32 = 849 run-eps/s)
epoch  31600  train 1.2899e-07  test med 3.6108e-06 mean 3.4203e+00 max 1.7001e+01  (26.5 eps/s x 32 = 849 run-eps/s)
epoch  31700  train 1.2900e-07  test med 3.6143e-06 mean 3.4106e+00 max 1.6991e+01  (26.5 eps/s x 32 = 849 run-eps/s)
epoch  31800  train 1.2895e-07  test med 3.6131e-06 mean 3.4009e+00 max 1.6981e+01  (26.5 eps/s x 32 = 849 run-eps/s)
epoch  31900  train 1.2895e-07  test med 3.6152e-06 mean 3.3911e+00 max 1.6971e+01  (26.5 eps/s x 32 = 849 run-eps/s)
epoch  32000  train 1.2892e-07  test med 3.6143e-06 mean 3.3813e+00 max 1.6961e+01  (26.5 eps/s x 32 = 849 run-eps/s)
epoch  32100  train 1.2893e-07  test med 3.6147e-06 mean 3.3713e+00 max 1.6951e+01  (26.5 eps/s x 32 = 849 run-eps/s)
epoch  32200  train 1.2889e-07  test med 3.6117e-06 mean 3.3613e+00 max 1.6941e+01  (26.5 eps/s x 32 = 849 run-eps/s)
epoch  32300  train 1.2887e-07  test med 3.6157e-06 mean 3.3512e+00 max 1.6931e+01  (26.5 eps/s x 32 = 849 run-eps/s)
epoch  32400  train 1.2893e-07  test med 3.6042e-06 mean 3.3410e+00 max 1.6920e+01  (26.5 eps/s x 32 = 849 run-eps/s)
epoch  32500  train 1.2885e-07  test med 3.5573e-06 mean 3.3307e+00 max 1.6910e+01  (26.5 eps/s x 32 = 849 run-eps/s)
epoch  32600  train 1.2885e-07  test med 3.5159e-06 mean 3.3203e+00 max 1.6899e+01  (26.5 eps/s x 32 = 849 run-eps/s)
epoch  32700  train 1.2883e-07  test med 3.4781e-06 mean 3.3099e+00 max 1.6889e+01  (26.5 eps/s x 32 = 849 run-eps/s)
epoch  32800  train 1.2879e-07  test med 3.4385e-06 mean 3.2993e+00 max 1.6878e+01  (26.5 eps/s x 32 = 849 run-eps/s)
epoch  32900  train 1.2877e-07  test med 3.4002e-06 mean 3.2887e+00 max 1.6867e+01  (26.5 eps/s x 32 = 849 run-eps/s)
epoch  33000  train 1.2876e-07  test med 3.3628e-06 mean 3.2779e+00 max 1.6856e+01  (26.5 eps/s x 32 = 849 run-eps/s)
epoch  33100  train 1.2875e-07  test med 3.3239e-06 mean 3.2671e+00 max 1.6845e+01  (26.5 eps/s x 32 = 849 run-eps/s)
epoch  33200  train 1.2871e-07  test med 3.2852e-06 mean 3.2562e+00 max 1.6834e+01  (26.5 eps/s x 32 = 849 run-eps/s)
epoch  33300  train 1.2878e-07  test med 3.2448e-06 mean 3.2452e+00 max 1.6823e+01  (26.5 eps/s x 32 = 849 run-eps/s)
epoch  33400  train 1.2903e-07  test med 3.2068e-06 mean 3.2341e+00 max 1.6812e+01  (26.5 eps/s x 32 = 849 run-eps/s)
epoch  33500  train 1.2872e-07  test med 3.1687e-06 mean 3.2228e+00 max 1.6800e+01  (26.5 eps/s x 32 = 849 run-eps/s)
epoch  33600  train 1.2872e-07  test med 3.1333e-06 mean 3.2115e+00 max 1.6789e+01  (26.5 eps/s x 32 = 849 run-eps/s)
epoch  33700  train 1.2860e-07  test med 3.0961e-06 mean 3.2001e+00 max 1.6777e+01  (26.5 eps/s x 32 = 849 run-eps/s)
epoch  33800  train 1.2863e-07  test med 3.0616e-06 mean 3.1885e+00 max 1.6766e+01  (26.5 eps/s x 32 = 849 run-eps/s)
epoch  33900  train 1.2858e-07  test med 3.0270e-06 mean 3.1769e+00 max 1.6754e+01  (26.5 eps/s x 32 = 849 run-eps/s)
epoch  34000  train 1.2860e-07  test med 2.9931e-06 mean 3.1651e+00 max 1.6742e+01  (26.5 eps/s x 32 = 849 run-eps/s)
epoch  34100  train 1.2857e-07  test med 2.9611e-06 mean 3.1533e+00 max 1.6731e+01  (26.5 eps/s x 32 = 849 run-eps/s)
epoch  34200  train 1.2855e-07  test med 2.9310e-06 mean 3.1413e+00 max 1.6719e+01  (26.5 eps/s x 32 = 849 run-eps/s)
epoch  34300  train 1.2847e-07  test med 2.9020e-06 mean 3.1293e+00 max 1.6707e+01  (26.5 eps/s x 32 = 849 run-eps/s)
epoch  34400  train 1.2851e-07  test med 2.8701e-06 mean 3.1171e+00 max 1.6695e+01  (26.5 eps/s x 32 = 849 run-eps/s)
epoch  34500  train 1.2847e-07  test med 2.8380e-06 mean 3.1049e+00 max 1.6683e+01  (26.5 eps/s x 32 = 849 run-eps/s)
epoch  34600  train 1.2848e-07  test med 2.8065e-06 mean 3.0926e+00 max 1.6672e+01  (26.5 eps/s x 32 = 849 run-eps/s)
epoch  34700  train 1.2847e-07  test med 2.7772e-06 mean 3.0802e+00 max 1.6660e+01  (26.5 eps/s x 32 = 849 run-eps/s)
epoch  34800  train 1.2843e-07  test med 2.7494e-06 mean 3.0676e+00 max 1.6648e+01  (26.5 eps/s x 32 = 849 run-eps/s)
epoch  34900  train 1.2844e-07  test med 2.7208e-06 mean 3.0550e+00 max 1.6636e+01  (26.5 eps/s x 32 = 849 run-eps/s)
epoch  35000  train 1.2842e-07  test med 2.6898e-06 mean 3.0423e+00 max 1.6624e+01  (26.5 eps/s x 32 = 849 run-eps/s)
epoch  35100  train 1.2840e-07  test med 2.6609e-06 mean 3.0294e+00 max 1.6612e+01  (26.5 eps/s x 32 = 849 run-eps/s)
epoch  35200  train 1.2835e-07  test med 2.6361e-06 mean 3.0165e+00 max 1.6600e+01  (26.5 eps/s x 32 = 849 run-eps/s)
epoch  35300  train 1.2838e-07  test med 2.6128e-06 mean 3.0035e+00 max 1.6587e+01  (26.5 eps/s x 32 = 849 run-eps/s)
epoch  35400  train 1.2837e-07  test med 2.5866e-06 mean 2.9903e+00 max 1.6575e+01  (26.5 eps/s x 32 = 849 run-eps/s)
epoch  35500  train 1.2831e-07  test med 2.5591e-06 mean 2.9770e+00 max 1.6563e+01  (26.5 eps/s x 32 = 849 run-eps/s)
epoch  35600  train 1.2834e-07  test med 2.5339e-06 mean 2.9637e+00 max 1.6550e+01  (26.5 eps/s x 32 = 849 run-eps/s)
epoch  35700  train 1.2831e-07  test med 2.5056e-06 mean 2.9502e+00 max 1.6538e+01  (26.5 eps/s x 32 = 849 run-eps/s)
epoch  35800  train 1.2827e-07  test med 2.4815e-06 mean 2.9366e+00 max 1.6525e+01  (26.5 eps/s x 32 = 849 run-eps/s)
epoch  35900  train 1.2825e-07  test med 2.4568e-06 mean 2.9229e+00 max 1.6512e+01  (26.5 eps/s x 32 = 849 run-eps/s)
epoch  36000  train 1.2830e-07  test med 2.4331e-06 mean 2.9091e+00 max 1.6499e+01  (26.5 eps/s x 32 = 849 run-eps/s)
epoch  36100  train 1.2821e-07  test med 2.4079e-06 mean 2.8952e+00 max 1.6486e+01  (26.5 eps/s x 32 = 849 run-eps/s)
epoch  36200  train 1.2822e-07  test med 2.3474e-06 mean 2.8811e+00 max 1.6473e+01  (26.5 eps/s x 32 = 849 run-eps/s)
epoch  36300  train 1.2824e-07  test med 2.1784e-06 mean 2.8670e+00 max 1.6460e+01  (26.5 eps/s x 32 = 849 run-eps/s)
epoch  36400  train 1.2819e-07  test med 2.0476e-06 mean 2.8528e+00 max 1.6447e+01  (26.5 eps/s x 32 = 849 run-eps/s)
epoch  36500  train 1.2822e-07  test med 1.9345e-06 mean 2.8385e+00 max 1.6433e+01  (26.5 eps/s x 32 = 849 run-eps/s)
epoch  36600  train 1.2841e-07  test med 1.8400e-06 mean 2.8240e+00 max 1.6420e+01  (26.5 eps/s x 32 = 849 run-eps/s)
epoch  36700  train 1.2814e-07  test med 1.7614e-06 mean 2.8094e+00 max 1.6406e+01  (26.5 eps/s x 32 = 849 run-eps/s)
epoch  36800  train 1.2818e-07  test med 1.6897e-06 mean 2.7947e+00 max 1.6393e+01  (26.5 eps/s x 32 = 849 run-eps/s)
epoch  36900  train 1.2816e-07  test med 1.6677e-06 mean 2.7799e+00 max 1.6379e+01  (26.5 eps/s x 32 = 849 run-eps/s)
epoch  37000  train 1.2808e-07  test med 1.6469e-06 mean 2.7650e+00 max 1.6365e+01  (26.5 eps/s x 32 = 849 run-eps/s)
epoch  37100  train 1.2805e-07  test med 1.6267e-06 mean 2.7500e+00 max 1.6351e+01  (26.5 eps/s x 32 = 849 run-eps/s)
epoch  37200  train 1.2811e-07  test med 1.6071e-06 mean 2.7348e+00 max 1.6337e+01  (26.5 eps/s x 32 = 849 run-eps/s)
epoch  37300  train 1.2800e-07  test med 1.5881e-06 mean 2.7196e+00 max 1.6323e+01  (26.5 eps/s x 32 = 849 run-eps/s)
epoch  37400  train 1.2801e-07  test med 1.5660e-06 mean 2.7042e+00 max 1.6308e+01  (26.5 eps/s x 32 = 849 run-eps/s)
epoch  37500  train 1.2800e-07  test med 1.5484e-06 mean 2.6888e+00 max 1.6294e+01  (26.5 eps/s x 32 = 849 run-eps/s)
epoch  37600  train 1.2803e-07  test med 1.5457e-06 mean 2.6732e+00 max 1.6279e+01  (26.5 eps/s x 32 = 849 run-eps/s)
epoch  37700  train 1.2838e-07  test med 1.5469e-06 mean 2.6575e+00 max 1.6265e+01  (26.5 eps/s x 32 = 849 run-eps/s)
epoch  37800  train 1.2800e-07  test med 1.5501e-06 mean 2.6417e+00 max 1.6250e+01  (26.5 eps/s x 32 = 849 run-eps/s)
epoch  37900  train 1.2792e-07  test med 1.5409e-06 mean 2.6259e+00 max 1.6235e+01  (26.5 eps/s x 32 = 849 run-eps/s)
epoch  38000  train 1.2795e-07  test med 1.5445e-06 mean 2.6099e+00 max 1.6220e+01  (26.5 eps/s x 32 = 849 run-eps/s)
epoch  38100  train 1.2793e-07  test med 1.5373e-06 mean 2.5938e+00 max 1.6205e+01  (26.5 eps/s x 32 = 849 run-eps/s)
epoch  38200  train 1.2786e-07  test med 1.5329e-06 mean 2.5777e+00 max 1.6190e+01  (26.5 eps/s x 32 = 849 run-eps/s)
epoch  38300  train 1.2787e-07  test med 1.5308e-06 mean 2.5614e+00 max 1.6175e+01  (26.5 eps/s x 32 = 849 run-eps/s)
epoch  38400  train 1.2792e-07  test med 1.5218e-06 mean 2.5450e+00 max 1.6160e+01  (26.5 eps/s x 32 = 849 run-eps/s)
epoch  38500  train 1.2788e-07  test med 1.5198e-06 mean 2.5286e+00 max 1.6145e+01  (26.5 eps/s x 32 = 849 run-eps/s)
epoch  38600  train 1.2778e-07  test med 1.5200e-06 mean 2.5120e+00 max 1.6129e+01  (26.5 eps/s x 32 = 849 run-eps/s)
epoch  38700  train 1.2785e-07  test med 1.5176e-06 mean 2.4954e+00 max 1.6114e+01  (26.5 eps/s x 32 = 849 run-eps/s)
epoch  38800  train 1.2779e-07  test med 1.5208e-06 mean 2.4787e+00 max 1.6099e+01  (26.5 eps/s x 32 = 849 run-eps/s)
epoch  38900  train 1.2775e-07  test med 1.5213e-06 mean 2.4619e+00 max 1.6083e+01  (26.5 eps/s x 32 = 849 run-eps/s)
epoch  39000  train 1.2778e-07  test med 1.5160e-06 mean 2.4451e+00 max 1.6068e+01  (26.5 eps/s x 32 = 849 run-eps/s)
epoch  39100  train 1.2785e-07  test med 1.5125e-06 mean 2.4282e+00 max 1.6052e+01  (26.5 eps/s x 32 = 849 run-eps/s)
epoch  39200  train 1.2772e-07  test med 1.5089e-06 mean 2.4112e+00 max 1.6036e+01  (26.5 eps/s x 32 = 849 run-eps/s)
epoch  39300  train 1.2774e-07  test med 1.5075e-06 mean 2.3941e+00 max 1.6020e+01  (26.5 eps/s x 32 = 849 run-eps/s)
epoch  39400  train 1.2769e-07  test med 1.5103e-06 mean 2.3769e+00 max 1.6004e+01  (26.5 eps/s x 32 = 849 run-eps/s)
epoch  39500  train 1.2765e-07  test med 1.5056e-06 mean 2.3597e+00 max 1.5988e+01  (26.5 eps/s x 32 = 849 run-eps/s)
epoch  39600  train 1.2765e-07  test med 1.5058e-06 mean 2.3425e+00 max 1.5972e+01  (26.5 eps/s x 32 = 849 run-eps/s)
epoch  39700  train 1.2766e-07  test med 1.5081e-06 mean 2.3252e+00 max 1.5955e+01  (26.5 eps/s x 32 = 849 run-eps/s)
epoch  39800  train 1.2757e-07  test med 1.5054e-06 mean 2.3078e+00 max 1.5939e+01  (26.5 eps/s x 32 = 849 run-eps/s)
epoch  39900  train 1.2757e-07  test med 1.5048e-06 mean 2.2904e+00 max 1.5922e+01  (26.5 eps/s x 32 = 849 run-eps/s)
epoch  40000  train 1.2759e-07  test med 1.5012e-06 mean 2.2729e+00 max 1.5905e+01  (26.5 eps/s x 32 = 849 run-eps/s)
epoch  40100  train 1.2756e-07  test med 1.5033e-06 mean 2.2554e+00 max 1.5888e+01  (26.5 eps/s x 32 = 849 run-eps/s)
epoch  40200  train 1.2754e-07  test med 1.5006e-06 mean 2.2379e+00 max 1.5871e+01  (26.5 eps/s x 32 = 849 run-eps/s)
epoch  40300  train 1.2752e-07  test med 1.4954e-06 mean 2.2203e+00 max 1.5854e+01  (26.5 eps/s x 32 = 849 run-eps/s)
epoch  40400  train 1.2750e-07  test med 1.4993e-06 mean 2.2027e+00 max 1.5837e+01  (26.5 eps/s x 32 = 849 run-eps/s)
epoch  40500  train 1.2752e-07  test med 1.5015e-06 mean 2.1850e+00 max 1.5820e+01  (26.5 eps/s x 32 = 849 run-eps/s)
epoch  40600  train 1.2749e-07  test med 1.5022e-06 mean 2.1674e+00 max 1.5802e+01  (26.5 eps/s x 32 = 849 run-eps/s)
epoch  40700  train 1.2768e-07  test med 1.4928e-06 mean 2.1496e+00 max 1.5785e+01  (26.5 eps/s x 32 = 849 run-eps/s)
epoch  40800  train 1.2752e-07  test med 1.4900e-06 mean 2.1319e+00 max 1.5768e+01  (26.5 eps/s x 32 = 849 run-eps/s)
epoch  40900  train 1.2741e-07  test med 1.4865e-06 mean 2.1142e+00 max 1.5750e+01  (26.5 eps/s x 32 = 849 run-eps/s)
epoch  41000  train 1.2741e-07  test med 1.4880e-06 mean 2.0965e+00 max 1.5732e+01  (26.5 eps/s x 32 = 849 run-eps/s)
epoch  41100  train 1.2741e-07  test med 1.4862e-06 mean 2.0788e+00 max 1.5715e+01  (26.5 eps/s x 32 = 849 run-eps/s)
epoch  41200  train 1.2742e-07  test med 1.4869e-06 mean 2.0610e+00 max 1.5697e+01  (26.5 eps/s x 32 = 849 run-eps/s)
epoch  41300  train 1.2736e-07  test med 1.4893e-06 mean 2.0433e+00 max 1.5679e+01  (26.5 eps/s x 32 = 849 run-eps/s)
epoch  41400  train 1.2737e-07  test med 1.4893e-06 mean 2.0256e+00 max 1.5661e+01  (26.5 eps/s x 32 = 849 run-eps/s)
epoch  41500  train 1.2735e-07  test med 1.4855e-06 mean 2.0079e+00 max 1.5643e+01  (26.5 eps/s x 32 = 849 run-eps/s)
epoch  41600  train 1.2731e-07  test med 1.4857e-06 mean 1.9902e+00 max 1.5625e+01  (26.5 eps/s x 32 = 849 run-eps/s)
epoch  41700  train 1.2733e-07  test med 1.4828e-06 mean 1.9725e+00 max 1.5606e+01  (26.5 eps/s x 32 = 849 run-eps/s)
epoch  41800  train 1.2743e-07  test med 1.4827e-06 mean 1.9548e+00 max 1.5588e+01  (26.5 eps/s x 32 = 849 run-eps/s)
epoch  41900  train 1.2728e-07  test med 1.4848e-06 mean 1.9372e+00 max 1.5570e+01  (26.5 eps/s x 32 = 849 run-eps/s)
epoch  42000  train 1.2720e-07  test med 1.4834e-06 mean 1.9195e+00 max 1.5551e+01  (26.5 eps/s x 32 = 849 run-eps/s)
epoch  42100  train 1.2722e-07  test med 1.4845e-06 mean 1.9019e+00 max 1.5532e+01  (26.5 eps/s x 32 = 849 run-eps/s)
epoch  42200  train 1.2717e-07  test med 1.4806e-06 mean 1.8843e+00 max 1.5514e+01  (26.5 eps/s x 32 = 849 run-eps/s)
epoch  42300  train 1.2721e-07  test med 1.4792e-06 mean 1.8667e+00 max 1.5495e+01  (26.5 eps/s x 32 = 849 run-eps/s)
epoch  42400  train 1.2721e-07  test med 1.4799e-06 mean 1.8492e+00 max 1.5476e+01  (26.5 eps/s x 32 = 849 run-eps/s)
epoch  42500  train 1.2720e-07  test med 1.4819e-06 mean 1.8317e+00 max 1.5457e+01  (26.5 eps/s x 32 = 849 run-eps/s)
epoch  42600  train 1.2714e-07  test med 1.4812e-06 mean 1.8143e+00 max 1.5437e+01  (26.5 eps/s x 32 = 849 run-eps/s)
epoch  42700  train 1.2715e-07  test med 1.4813e-06 mean 1.7969e+00 max 1.5418e+01  (26.5 eps/s x 32 = 849 run-eps/s)
epoch  42800  train 1.2713e-07  test med 1.4590e-06 mean 1.7795e+00 max 1.5398e+01  (26.5 eps/s x 32 = 849 run-eps/s)
epoch  42900  train 1.2733e-07  test med 1.4396e-06 mean 1.7622e+00 max 1.5379e+01  (26.5 eps/s x 32 = 849 run-eps/s)
epoch  43000  train 1.2709e-07  test med 1.4199e-06 mean 1.7450e+00 max 1.5359e+01  (26.5 eps/s x 32 = 849 run-eps/s)
epoch  43100  train 1.2707e-07  test med 1.4021e-06 mean 1.7278e+00 max 1.5340e+01  (26.5 eps/s x 32 = 849 run-eps/s)
epoch  43200  train 1.2710e-07  test med 1.3857e-06 mean 1.7106e+00 max 1.5320e+01  (26.5 eps/s x 32 = 849 run-eps/s)
epoch  43300  train 1.2700e-07  test med 1.3727e-06 mean 1.6935e+00 max 1.5300e+01  (26.5 eps/s x 32 = 849 run-eps/s)
epoch  43400  train 1.2705e-07  test med 1.3606e-06 mean 1.6764e+00 max 1.5280e+01  (26.5 eps/s x 32 = 849 run-eps/s)
epoch  43500  train 1.2704e-07  test med 1.3496e-06 mean 1.6594e+00 max 1.5260e+01  (26.5 eps/s x 32 = 849 run-eps/s)
epoch  43600  train 1.2700e-07  test med 1.3405e-06 mean 1.6425e+00 max 1.5239e+01  (26.5 eps/s x 32 = 849 run-eps/s)
epoch  43700  train 1.2706e-07  test med 1.3314e-06 mean 1.6256e+00 max 1.5219e+01  (26.5 eps/s x 32 = 849 run-eps/s)
epoch  43800  train 1.2687e-07  test med 1.3233e-06 mean 1.6087e+00 max 1.5198e+01  (26.5 eps/s x 32 = 849 run-eps/s)
epoch  43900  train 1.2695e-07  test med 1.3159e-06 mean 1.5919e+00 max 1.5177e+01  (26.5 eps/s x 32 = 849 run-eps/s)
epoch  44000  train 1.2698e-07  test med 1.3097e-06 mean 1.5752e+00 max 1.5156e+01  (26.5 eps/s x 32 = 849 run-eps/s)
epoch  44100  train 1.2690e-07  test med 1.3044e-06 mean 1.5585e+00 max 1.5135e+01  (26.5 eps/s x 32 = 849 run-eps/s)
epoch  44200  train 1.2689e-07  test med 1.2989e-06 mean 1.5419e+00 max 1.5113e+01  (26.5 eps/s x 32 = 849 run-eps/s)
epoch  44300  train 1.2690e-07  test med 1.2939e-06 mean 1.5254e+00 max 1.5092e+01  (26.5 eps/s x 32 = 849 run-eps/s)
epoch  44400  train 1.2683e-07  test med 1.2892e-06 mean 1.5089e+00 max 1.5070e+01  (26.5 eps/s x 32 = 849 run-eps/s)
epoch  44500  train 1.2685e-07  test med 1.2856e-06 mean 1.4925e+00 max 1.5048e+01  (26.5 eps/s x 32 = 849 run-eps/s)
epoch  44600  train 1.2683e-07  test med 1.2828e-06 mean 1.4761e+00 max 1.5026e+01  (26.5 eps/s x 32 = 849 run-eps/s)
epoch  44700  train 1.2707e-07  test med 1.2807e-06 mean 1.4599e+00 max 1.5004e+01  (26.5 eps/s x 32 = 849 run-eps/s)
epoch  44800  train 1.2683e-07  test med 1.2793e-06 mean 1.4437e+00 max 1.4982e+01  (26.5 eps/s x 32 = 849 run-eps/s)
epoch  44900  train 1.2684e-07  test med 1.2793e-06 mean 1.4276e+00 max 1.4960e+01  (26.5 eps/s x 32 = 849 run-eps/s)
epoch  45000  train 1.2680e-07  test med 1.2791e-06 mean 1.4116e+00 max 1.4937e+01  (26.5 eps/s x 32 = 849 run-eps/s)
epoch  45100  train 1.2682e-07  test med 1.2780e-06 mean 1.3957e+00 max 1.4915e+01  (26.5 eps/s x 32 = 849 run-eps/s)
epoch  45200  train 1.2674e-07  test med 1.2772e-06 mean 1.3799e+00 max 1.4892e+01  (26.5 eps/s x 32 = 849 run-eps/s)
epoch  45300  train 1.2690e-07  test med 1.2764e-06 mean 1.3642e+00 max 1.4869e+01  (26.5 eps/s x 32 = 849 run-eps/s)
epoch  45400  train 1.2670e-07  test med 1.2759e-06 mean 1.3486e+00 max 1.4846e+01  (26.5 eps/s x 32 = 849 run-eps/s)
epoch  45500  train 1.2674e-07  test med 1.2764e-06 mean 1.3330e+00 max 1.4823e+01  (26.5 eps/s x 32 = 849 run-eps/s)
epoch  45600  train 1.2664e-07  test med 1.2763e-06 mean 1.3175e+00 max 1.4800e+01  (26.5 eps/s x 32 = 849 run-eps/s)
epoch  45700  train 1.2668e-07  test med 1.2765e-06 mean 1.3021e+00 max 1.4776e+01  (26.5 eps/s x 32 = 849 run-eps/s)
epoch  45800  train 1.2668e-07  test med 1.2762e-06 mean 1.2868e+00 max 1.4753e+01  (26.5 eps/s x 32 = 849 run-eps/s)
epoch  45900  train 1.2659e-07  test med 1.2775e-06 mean 1.2716e+00 max 1.4729e+01  (26.5 eps/s x 32 = 849 run-eps/s)
epoch  46000  train 1.2665e-07  test med 1.2780e-06 mean 1.2565e+00 max 1.4705e+01  (26.5 eps/s x 32 = 849 run-eps/s)
epoch  46100  train 1.2658e-07  test med 1.2786e-06 mean 1.2415e+00 max 1.4681e+01  (26.5 eps/s x 32 = 849 run-eps/s)
epoch  46200  train 1.2704e-07  test med 1.2791e-06 mean 1.2266e+00 max 1.4657e+01  (26.5 eps/s x 32 = 849 run-eps/s)
epoch  46300  train 1.2678e-07  test med 1.2805e-06 mean 1.2119e+00 max 1.4632e+01  (26.5 eps/s x 32 = 849 run-eps/s)
epoch  46400  train 1.2657e-07  test med 1.2820e-06 mean 1.1972e+00 max 1.4607e+01  (26.5 eps/s x 32 = 849 run-eps/s)
epoch  46500  train 1.2655e-07  test med 1.2842e-06 mean 1.1827e+00 max 1.4582e+01  (26.5 eps/s x 32 = 849 run-eps/s)
epoch  46600  train 1.2654e-07  test med 1.2864e-06 mean 1.1682e+00 max 1.4557e+01  (26.5 eps/s x 32 = 849 run-eps/s)
epoch  46700  train 1.2648e-07  test med 1.2897e-06 mean 1.1539e+00 max 1.4532e+01  (26.5 eps/s x 32 = 849 run-eps/s)
epoch  46800  train 1.2649e-07  test med 1.2927e-06 mean 1.1396e+00 max 1.4507e+01  (26.5 eps/s x 32 = 849 run-eps/s)
epoch  46900  train 1.2648e-07  test med 1.2953e-06 mean 1.1255e+00 max 1.4481e+01  (26.5 eps/s x 32 = 849 run-eps/s)
epoch  47000  train 1.2645e-07  test med 1.2980e-06 mean 1.1115e+00 max 1.4455e+01  (26.5 eps/s x 32 = 849 run-eps/s)
epoch  47100  train 1.2649e-07  test med 1.3008e-06 mean 1.0975e+00 max 1.4429e+01  (26.5 eps/s x 32 = 849 run-eps/s)
epoch  47200  train 1.2644e-07  test med 1.3038e-06 mean 1.0837e+00 max 1.4403e+01  (26.5 eps/s x 32 = 849 run-eps/s)
epoch  47300  train 1.2643e-07  test med 1.3073e-06 mean 1.0701e+00 max 1.4377e+01  (26.5 eps/s x 32 = 849 run-eps/s)
epoch  47400  train 1.2635e-07  test med 1.3108e-06 mean 1.0565e+00 max 1.4351e+01  (26.5 eps/s x 32 = 849 run-eps/s)
epoch  47500  train 1.2634e-07  test med 1.3142e-06 mean 1.0431e+00 max 1.4325e+01  (26.5 eps/s x 32 = 849 run-eps/s)
epoch  47600  train 1.2634e-07  test med 1.3182e-06 mean 1.0298e+00 max 1.4298e+01  (26.5 eps/s x 32 = 849 run-eps/s)
epoch  47700  train 1.2640e-07  test med 1.3224e-06 mean 1.0166e+00 max 1.4271e+01  (26.5 eps/s x 32 = 849 run-eps/s)
epoch  47800  train 1.2636e-07  test med 1.3276e-06 mean 1.0035e+00 max 1.4244e+01  (26.5 eps/s x 32 = 849 run-eps/s)
epoch  47900  train 1.2631e-07  test med 1.3338e-06 mean 9.9053e-01 max 1.4217e+01  (26.5 eps/s x 32 = 849 run-eps/s)
epoch  48000  train 1.2636e-07  test med 1.3393e-06 mean 9.7771e-01 max 1.4189e+01  (26.5 eps/s x 32 = 849 run-eps/s)
epoch  48100  train 1.2637e-07  test med 1.3455e-06 mean 9.6504e-01 max 1.4162e+01  (26.5 eps/s x 32 = 849 run-eps/s)
epoch  48200  train 1.2627e-07  test med 1.3510e-06 mean 9.5253e-01 max 1.4134e+01  (26.5 eps/s x 32 = 849 run-eps/s)
epoch  48300  train 1.2632e-07  test med 1.3571e-06 mean 9.4016e-01 max 1.4106e+01  (26.5 eps/s x 32 = 849 run-eps/s)
epoch  48400  train 1.2624e-07  test med 1.3622e-06 mean 9.2796e-01 max 1.4078e+01  (26.5 eps/s x 32 = 849 run-eps/s)
epoch  48500  train 1.2617e-07  test med 1.3690e-06 mean 9.1590e-01 max 1.4050e+01  (26.5 eps/s x 32 = 849 run-eps/s)
epoch  48600  train 1.2619e-07  test med 1.3756e-06 mean 9.0400e-01 max 1.4021e+01  (26.5 eps/s x 32 = 849 run-eps/s)
epoch  48700  train 1.2616e-07  test med 1.3833e-06 mean 8.9226e-01 max 1.3992e+01  (26.5 eps/s x 32 = 849 run-eps/s)
epoch  48800  train 1.2621e-07  test med 1.3900e-06 mean 8.8067e-01 max 1.3964e+01  (26.5 eps/s x 32 = 849 run-eps/s)
epoch  48900  train 1.2612e-07  test med 1.3981e-06 mean 8.6924e-01 max 1.3935e+01  (26.5 eps/s x 32 = 849 run-eps/s)
epoch  49000  train 1.2612e-07  test med 1.4073e-06 mean 8.5800e-01 max 1.3906e+01  (26.5 eps/s x 32 = 849 run-eps/s)
epoch  49100  train 1.2626e-07  test med 1.4162e-06 mean 8.4691e-01 max 1.3876e+01  (26.5 eps/s x 32 = 849 run-eps/s)
epoch  49200  train 1.2606e-07  test med 1.4269e-06 mean 8.3599e-01 max 1.3847e+01  (26.5 eps/s x 32 = 849 run-eps/s)
epoch  49300  train 1.2609e-07  test med 1.4379e-06 mean 8.2523e-01 max 1.3817e+01  (26.5 eps/s x 32 = 849 run-eps/s)
epoch  49400  train 1.2622e-07  test med 1.4488e-06 mean 8.1464e-01 max 1.3787e+01  (26.5 eps/s x 32 = 849 run-eps/s)
epoch  49500  train 1.2611e-07  test med 1.4608e-06 mean 8.0423e-01 max 1.3756e+01  (26.5 eps/s x 32 = 849 run-eps/s)
epoch  49600  train 1.2600e-07  test med 1.4676e-06 mean 7.9398e-01 max 1.3726e+01  (26.5 eps/s x 32 = 849 run-eps/s)
epoch  49700  train 1.2605e-07  test med 1.4688e-06 mean 7.8391e-01 max 1.3695e+01  (26.5 eps/s x 32 = 849 run-eps/s)
epoch  49800  train 1.2597e-07  test med 1.4687e-06 mean 7.7401e-01 max 1.3664e+01  (26.5 eps/s x 32 = 849 run-eps/s)
epoch  49900  train 1.2603e-07  test med 1.4660e-06 mean 7.6426e-01 max 1.3632e+01  (26.5 eps/s x 32 = 849 run-eps/s)
epoch  50000  train 1.2606e-07  test med 1.4663e-06 mean 7.5468e-01 max 1.3600e+01  (26.5 eps/s x 32 = 849 run-eps/s)
done: 50000 epochs x 32 runs in 1887s
RESULT w4096_wd0.1/ds15573_is135533: grok@-1  committee [3, 8, 31, 45, 49]  acc 0.9623
RESULT w4096_wd0.1/ds15573_is479062: grok@-1  committee [10, 12, 42]  acc 0.3750
RESULT w4096_wd0.1/ds15573_is648223: grok@46400  committee [6, 8, 16, 40, 49, 53]  acc 0.9991
RESULT w4096_wd0.1/ds15573_is871231: grok@-1  committee [2, 15, 20, 24, 25]  acc 0.8449
RESULT w4096_wd0.1/ds19870_is135533: grok@-1  committee [3, 4, 6, 11, 16, 31, 32, 45]  acc 0.8539
RESULT w4096_wd0.1/ds19870_is479062: grok@-1  committee [9, 10, 32, 46, 48]  acc 0.2863
RESULT w4096_wd0.1/ds19870_is648223: grok@-1  committee [5, 9, 33, 53]  acc 0.6542
RESULT w4096_wd0.1/ds19870_is871231: grok@-1  committee [4, 15, 25, 34]  acc 0.9821
RESULT w4096_wd0.3/ds15573_is135533: grok@17100  committee [3, 31, 45, 49]  acc 1.0000
RESULT w4096_wd0.3/ds15573_is479062: grok@20400  committee [8, 10, 12, 35, 42]  acc 1.0000
RESULT w4096_wd0.3/ds15573_is648223: grok@15300  committee [6, 8, 40, 49, 53]  acc 1.0000
RESULT w4096_wd0.3/ds15573_is871231: grok@17800  committee [2, 15, 24, 25]  acc 1.0000
RESULT w4096_wd0.3/ds19870_is135533: grok@17300  committee [3, 11, 31, 32]  acc 1.0000
RESULT w4096_wd0.3/ds19870_is479062: grok@24300  committee [9, 10, 32, 46]  acc 1.0000
RESULT w4096_wd0.3/ds19870_is648223: grok@19200  committee [5, 9, 33, 53]  acc 1.0000
RESULT w4096_wd0.3/ds19870_is871231: grok@16800  committee [4, 15, 25, 34]  acc 1.0000
RESULT w4096_wd1/ds15573_is135533: grok@4800  committee [3, 8, 31, 45, 49]  acc 1.0000
RESULT w4096_wd1/ds15573_is479062: grok@6200  committee [8, 10, 12, 35, 42]  acc 1.0000
RESULT w4096_wd1/ds15573_is648223: grok@4400  committee [6, 8, 40, 49, 53]  acc 1.0000
RESULT w4096_wd1/ds15573_is871231: grok@4800  committee [2, 15, 24, 25]  acc 1.0000
RESULT w4096_wd1/ds19870_is135533: grok@4700  committee [3, 6, 11, 31, 32]  acc 1.0000
RESULT w4096_wd1/ds19870_is479062: grok@7600  committee [3, 9, 10, 32]  acc 1.0000
RESULT w4096_wd1/ds19870_is648223: grok@5500  committee [5, 9, 33, 53]  acc 1.0000
RESULT w4096_wd1/ds19870_is871231: grok@5100  committee [4, 15, 25, 34]  acc 1.0000
RESULT w4096_wd3/ds15573_is135533: grok@1100  committee [8, 31, 45, 49]  acc 1.0000
RESULT w4096_wd3/ds15573_is479062: grok@1600  committee [8, 10, 12, 35, 42]  acc 1.0000
RESULT w4096_wd3/ds15573_is648223: grok@1000  committee [6, 8, 40, 49, 53]  acc 1.0000
RESULT w4096_wd3/ds15573_is871231: grok@1000  committee [2, 15, 24, 25]  acc 1.0000
RESULT w4096_wd3/ds19870_is135533: grok@1100  committee [4, 11, 31, 32, 45]  acc 1.0000
RESULT w4096_wd3/ds19870_is479062: grok@1800  committee [9, 10, 32, 55]  acc 1.0000
RESULT w4096_wd3/ds19870_is648223: grok@1600  committee [5, 9, 33, 53]  acc 1.0000
RESULT w4096_wd3/ds19870_is871231: grok@1200  committee [4, 25, 34, 52]  acc 1.0000
dial sweep done: 192 trained, 0 already present, 192 total, 4976s
