=== orthWE p-113 data 2034 init 33428 (19:24:46) ===
train: 3830  test: 8939
epoch    100  train 1.2539e+00  test 9.0450e+00  (33 epochs/s)
epoch    200  train 1.6233e-02  test 1.5303e+01  (34 epochs/s)
epoch    300  train 5.5903e-03  test 1.5803e+01  (34 epochs/s)
epoch    400  train 1.8321e-03  test 1.6626e+01  (34 epochs/s)
epoch    500  train 6.1127e-04  test 1.7511e+01  (34 epochs/s)
epoch    600  train 2.0687e-04  test 1.8450e+01  (34 epochs/s)
epoch    700  train 7.1171e-05  test 1.9413e+01  (34 epochs/s)
epoch    800  train 2.4886e-05  test 2.0396e+01  (34 epochs/s)
epoch    900  train 8.9441e-06  test 2.1355e+01  (34 epochs/s)
epoch   1000  train 3.3978e-06  test 2.2242e+01  (33 epochs/s)
epoch   1100  train 1.4407e-06  test 2.2997e+01  (32 epochs/s)
epoch   1200  train 7.3187e-07  test 2.3548e+01  (32 epochs/s)
epoch   1300  train 4.6952e-07  test 2.3848e+01  (31 epochs/s)
epoch   1400  train 3.7610e-07  test 2.3898e+01  (31 epochs/s)
epoch   1500  train 3.4824e-07  test 2.3780e+01  (31 epochs/s)
epoch   1600  train 3.4152e-07  test 2.3593e+01  (30 epochs/s)
epoch   1700  train 3.3965e-07  test 2.3390e+01  (30 epochs/s)
epoch   1800  train 3.3852e-07  test 2.3195e+01  (30 epochs/s)
epoch   1900  train 3.3741e-07  test 2.3004e+01  (30 epochs/s)
epoch   2000  train 3.3619e-07  test 2.2812e+01  (30 epochs/s)
epoch   2100  train 3.3451e-07  test 2.2622e+01  (29 epochs/s)
epoch   2200  train 3.3283e-07  test 2.2436e+01  (29 epochs/s)
epoch   2300  train 3.3120e-07  test 2.2252e+01  (29 epochs/s)
epoch   2400  train 3.2980e-07  test 2.2065e+01  (29 epochs/s)
epoch   2500  train 3.2803e-07  test 2.1876e+01  (29 epochs/s)
epoch   2600  train 3.2643e-07  test 2.1685e+01  (29 epochs/s)
epoch   2700  train 3.2486e-07  test 2.1495e+01  (29 epochs/s)
epoch   2800  train 3.2359e-07  test 2.1298e+01  (29 epochs/s)
epoch   2900  train 3.2204e-07  test 2.1100e+01  (29 epochs/s)
epoch   3000  train 3.2056e-07  test 2.0894e+01  (29 epochs/s)
epoch   3100  train 3.1904e-07  test 2.0683e+01  (29 epochs/s)
epoch   3200  train 3.1763e-07  test 2.0470e+01  (29 epochs/s)
epoch   3300  train 3.1639e-07  test 2.0248e+01  (29 epochs/s)
epoch   3400  train 3.1471e-07  test 2.0017e+01  (29 epochs/s)
epoch   3500  train 3.1364e-07  test 1.9783e+01  (29 epochs/s)
epoch   3600  train 3.1223e-07  test 1.9543e+01  (29 epochs/s)
epoch   3700  train 3.1077e-07  test 1.9294e+01  (29 epochs/s)
epoch   3800  train 3.0888e-07  test 1.9028e+01  (29 epochs/s)
epoch   3900  train 3.0729e-07  test 1.8753e+01  (29 epochs/s)
epoch   4000  train 3.0572e-07  test 1.8472e+01  (29 epochs/s)
epoch   4100  train 3.0437e-07  test 1.8179e+01  (29 epochs/s)
epoch   4200  train 3.0264e-07  test 1.7866e+01  (29 epochs/s)
epoch   4300  train 3.0067e-07  test 1.7543e+01  (29 epochs/s)
epoch   4400  train 2.9897e-07  test 1.7198e+01  (29 epochs/s)
epoch   4500  train 2.9720e-07  test 1.6833e+01  (29 epochs/s)
epoch   4600  train 2.9521e-07  test 1.6445e+01  (29 epochs/s)
epoch   4700  train 2.9326e-07  test 1.6037e+01  (29 epochs/s)
epoch   4800  train 2.9111e-07  test 1.5607e+01  (29 epochs/s)
epoch   4900  train 2.8875e-07  test 1.5134e+01  (29 epochs/s)
epoch   5000  train 2.8636e-07  test 1.4619e+01  (29 epochs/s)
epoch   5100  train 2.8432e-07  test 1.4077e+01  (28 epochs/s)
epoch   5200  train 2.8169e-07  test 1.3513e+01  (28 epochs/s)
epoch   5300  train 2.7898e-07  test 1.2915e+01  (28 epochs/s)
epoch   5400  train 2.7637e-07  test 1.2286e+01  (28 epochs/s)
epoch   5500  train 2.7341e-07  test 1.1643e+01  (28 epochs/s)
epoch   5600  train 2.7031e-07  test 1.0971e+01  (28 epochs/s)
epoch   5700  train 2.6727e-07  test 1.0275e+01  (28 epochs/s)
epoch   5800  train 2.6379e-07  test 9.5490e+00  (28 epochs/s)
epoch   5900  train 2.6038e-07  test 8.8008e+00  (28 epochs/s)
epoch   6000  train 2.5631e-07  test 8.0435e+00  (28 epochs/s)
epoch   6100  train 2.5244e-07  test 7.2724e+00  (28 epochs/s)
epoch   6200  train 2.4881e-07  test 6.5033e+00  (28 epochs/s)
epoch   6300  train 2.4429e-07  test 5.7511e+00  (28 epochs/s)
epoch   6400  train 2.3984e-07  test 5.0069e+00  (28 epochs/s)
epoch   6500  train 2.3510e-07  test 4.2812e+00  (28 epochs/s)
epoch   6600  train 2.2965e-07  test 3.5755e+00  (28 epochs/s)
epoch   6700  train 2.2424e-07  test 2.8988e+00  (28 epochs/s)
epoch   6800  train 2.1887e-07  test 2.2794e+00  (28 epochs/s)
epoch   6900  train 2.1294e-07  test 1.7300e+00  (28 epochs/s)
epoch   7000  train 2.0661e-07  test 1.2578e+00  (28 epochs/s)
epoch   7100  train 2.0006e-07  test 8.7647e-01  (28 epochs/s)
epoch   7200  train 1.9340e-07  test 5.8837e-01  (28 epochs/s)
epoch   7300  train 1.8753e-07  test 3.8727e-01  (28 epochs/s)
epoch   7400  train 1.8130e-07  test 2.5153e-01  (28 epochs/s)
epoch   7500  train 1.7468e-07  test 1.5941e-01  (28 epochs/s)
epoch   7600  train 1.6849e-07  test 9.9753e-02  (28 epochs/s)
epoch   7700  train 1.6283e-07  test 6.2942e-02  (28 epochs/s)
epoch   7800  train 1.5742e-07  test 4.0494e-02  (28 epochs/s)
epoch   7900  train 1.5260e-07  test 2.5838e-02  (28 epochs/s)
epoch   8000  train 1.4812e-07  test 1.5899e-02  (28 epochs/s)
epoch   8100  train 1.4413e-07  test 9.4534e-03  (28 epochs/s)
epoch   8200  train 1.4073e-07  test 5.7036e-03  (28 epochs/s)
epoch   8300  train 1.3776e-07  test 3.8282e-03  (28 epochs/s)
epoch   8400  train 1.3511e-07  test 2.8147e-03  (28 epochs/s)
epoch   8500  train 1.3261e-07  test 2.1684e-03  (28 epochs/s)
epoch   8600  train 1.3039e-07  test 1.6265e-03  (28 epochs/s)
epoch   8700  train 1.2825e-07  test 1.1212e-03  (28 epochs/s)
epoch   8800  train 1.2619e-07  test 7.4991e-04  (27 epochs/s)
epoch   8900  train 1.2443e-07  test 5.2044e-04  (27 epochs/s)
epoch   9000  train 1.2295e-07  test 3.8019e-04  (27 epochs/s)
epoch   9100  train 1.2183e-07  test 2.9086e-04  (27 epochs/s)
epoch   9200  train 1.2092e-07  test 2.2140e-04  (27 epochs/s)
epoch   9300  train 1.2005e-07  test 1.6365e-04  (27 epochs/s)
epoch   9400  train 1.1927e-07  test 1.2973e-04  (27 epochs/s)
epoch   9500  train 1.1856e-07  test 1.0391e-04  (27 epochs/s)
epoch   9600  train 1.1793e-07  test 8.8345e-05  (27 epochs/s)
epoch   9700  train 1.1737e-07  test 7.7323e-05  (27 epochs/s)
epoch   9800  train 1.1688e-07  test 7.2452e-05  (27 epochs/s)
epoch   9900  train 1.1643e-07  test 6.8781e-05  (27 epochs/s)
epoch  10000  train 1.1600e-07  test 6.5992e-05  (27 epochs/s)
epoch  10100  train 1.1562e-07  test 6.2233e-05  (27 epochs/s)
epoch  10200  train 1.1525e-07  test 5.8687e-05  (27 epochs/s)
epoch  10300  train 1.1490e-07  test 5.5010e-05  (27 epochs/s)
epoch  10400  train 1.1452e-07  test 5.1255e-05  (27 epochs/s)
epoch  10500  train 1.1416e-07  test 4.6246e-05  (27 epochs/s)
epoch  10600  train 1.1387e-07  test 4.0278e-05  (27 epochs/s)
epoch  10700  train 1.1347e-07  test 3.4300e-05  (27 epochs/s)
epoch  10800  train 1.1316e-07  test 2.9374e-05  (27 epochs/s)
epoch  10900  train 1.1284e-07  test 2.3601e-05  (27 epochs/s)
epoch  11000  train 1.1255e-07  test 2.0632e-05  (27 epochs/s)
epoch  11100  train 1.1218e-07  test 1.9469e-05  (27 epochs/s)
epoch  11200  train 1.1186e-07  test 1.9131e-05  (27 epochs/s)
epoch  11300  train 1.1154e-07  test 1.9676e-05  (27 epochs/s)
epoch  11400  train 1.1125e-07  test 2.1289e-05  (27 epochs/s)
epoch  11500  train 1.1095e-07  test 2.3300e-05  (27 epochs/s)
epoch  11600  train 1.1066e-07  test 2.5931e-05  (27 epochs/s)
epoch  11700  train 1.1038e-07  test 2.9209e-05  (27 epochs/s)
epoch  11800  train 1.1009e-07  test 3.2674e-05  (27 epochs/s)
epoch  11900  train 1.0974e-07  test 3.6304e-05  (27 epochs/s)
epoch  12000  train 1.0939e-07  test 4.0065e-05  (27 epochs/s)
epoch  12100  train 1.0898e-07  test 4.1020e-05  (27 epochs/s)
epoch  12200  train 1.0845e-07  test 3.7306e-05  (27 epochs/s)
epoch  12300  train 1.0786e-07  test 3.2321e-05  (27 epochs/s)
epoch  12400  train 1.0728e-07  test 2.5628e-05  (27 epochs/s)
epoch  12500  train 1.0659e-07  test 1.7916e-05  (27 epochs/s)
epoch  12600  train 1.0587e-07  test 1.2525e-05  (27 epochs/s)
epoch  12700  train 1.0522e-07  test 8.3351e-06  (27 epochs/s)
epoch  12800  train 1.0463e-07  test 5.4804e-06  (27 epochs/s)
epoch  12900  train 1.0405e-07  test 4.2019e-06  (26 epochs/s)
epoch  13000  train 1.0342e-07  test 3.7179e-06  (26 epochs/s)
epoch  13100  train 1.0267e-07  test 3.5858e-06  (26 epochs/s)
epoch  13200  train 1.0167e-07  test 3.7370e-06  (26 epochs/s)
epoch  13300  train 1.0076e-07  test 3.7994e-06  (26 epochs/s)
epoch  13400  train 9.9751e-08  test 3.9765e-06  (26 epochs/s)
epoch  13500  train 9.8754e-08  test 4.1242e-06  (26 epochs/s)
epoch  13600  train 9.7792e-08  test 4.1088e-06  (26 epochs/s)
epoch  13700  train 9.6970e-08  test 4.1382e-06  (26 epochs/s)
epoch  13800  train 9.6316e-08  test 4.2973e-06  (26 epochs/s)
epoch  13900  train 9.5806e-08  test 4.4130e-06  (26 epochs/s)
epoch  14000  train 9.5460e-08  test 4.4823e-06  (26 epochs/s)
epoch  14100  train 9.5183e-08  test 4.6732e-06  (25 epochs/s)
epoch  14200  train 9.4987e-08  test 4.9362e-06  (25 epochs/s)
epoch  14300  train 9.4844e-08  test 5.2953e-06  (25 epochs/s)
epoch  14400  train 9.4712e-08  test 5.6194e-06  (25 epochs/s)
epoch  14500  train 9.4586e-08  test 6.0187e-06  (25 epochs/s)
epoch  14600  train 9.4466e-08  test 6.4134e-06  (25 epochs/s)
epoch  14700  train 9.4371e-08  test 6.7082e-06  (25 epochs/s)
epoch  14800  train 9.4265e-08  test 6.9877e-06  (25 epochs/s)
epoch  14900  train 9.4153e-08  test 7.2417e-06  (25 epochs/s)
epoch  15000  train 9.4027e-08  test 7.5454e-06  (25 epochs/s)
epoch  15100  train 9.3807e-08  test 7.6315e-06  (25 epochs/s)
epoch  15200  train 9.3663e-08  test 7.8367e-06  (25 epochs/s)
epoch  15300  train 9.3534e-08  test 7.7681e-06  (25 epochs/s)
epoch  15400  train 9.3442e-08  test 7.7103e-06  (25 epochs/s)
epoch  15500  train 9.3334e-08  test 7.7068e-06  (25 epochs/s)
epoch  15600  train 9.3237e-08  test 7.7938e-06  (25 epochs/s)
epoch  15700  train 9.3134e-08  test 7.7298e-06  (25 epochs/s)
epoch  15800  train 9.3035e-08  test 7.7125e-06  (25 epochs/s)
epoch  15900  train 9.2945e-08  test 7.4885e-06  (25 epochs/s)
epoch  16000  train 9.2871e-08  test 7.4347e-06  (25 epochs/s)
epoch  16100  train 9.2768e-08  test 7.3245e-06  (25 epochs/s)
epoch  16200  train 9.2671e-08  test 7.0008e-06  (25 epochs/s)
epoch  16300  train 9.2581e-08  test 6.5624e-06  (25 epochs/s)
epoch  16400  train 9.2432e-08  test 5.9047e-06  (25 epochs/s)
epoch  16500  train 9.2283e-08  test 5.3519e-06  (25 epochs/s)
epoch  16600  train 9.2212e-08  test 4.8172e-06  (25 epochs/s)
epoch  16700  train 9.2143e-08  test 4.4116e-06  (25 epochs/s)
epoch  16800  train 9.2059e-08  test 4.0339e-06  (25 epochs/s)
epoch  16900  train 9.1954e-08  test 3.7088e-06  (25 epochs/s)
epoch  17000  train 9.1860e-08  test 3.2303e-06  (25 epochs/s)
epoch  17100  train 9.1796e-08  test 2.9058e-06  (25 epochs/s)
epoch  17200  train 9.1700e-08  test 2.6520e-06  (25 epochs/s)
epoch  17300  train 9.1648e-08  test 2.4022e-06  (25 epochs/s)
epoch  17400  train 9.1580e-08  test 2.2000e-06  (25 epochs/s)
epoch  17500  train 9.1523e-08  test 2.0563e-06  (25 epochs/s)
epoch  17600  train 9.1430e-08  test 1.8964e-06  (25 epochs/s)
epoch  17700  train 9.1361e-08  test 1.8213e-06  (25 epochs/s)
epoch  17800  train 9.1285e-08  test 1.7516e-06  (25 epochs/s)
epoch  17900  train 9.1213e-08  test 1.7103e-06  (25 epochs/s)
epoch  18000  train 9.1144e-08  test 1.6396e-06  (25 epochs/s)
epoch  18100  train 9.1101e-08  test 1.5803e-06  (25 epochs/s)
epoch  18200  train 9.1050e-08  test 1.5077e-06  (25 epochs/s)
epoch  18300  train 9.0994e-08  test 1.3904e-06  (25 epochs/s)
epoch  18400  train 9.0890e-08  test 1.2593e-06  (25 epochs/s)
epoch  18500  train 9.0750e-08  test 1.1910e-06  (25 epochs/s)
epoch  18600  train 9.0695e-08  test 1.1393e-06  (25 epochs/s)
epoch  18700  train 9.0674e-08  test 1.1042e-06  (25 epochs/s)
epoch  18800  train 9.0628e-08  test 1.0796e-06  (25 epochs/s)
epoch  18900  train 9.0586e-08  test 1.0758e-06  (25 epochs/s)
epoch  19000  train 9.0560e-08  test 1.0601e-06  (25 epochs/s)
epoch  19100  train 9.0542e-08  test 1.0265e-06  (25 epochs/s)
epoch  19200  train 9.0518e-08  test 1.0038e-06  (25 epochs/s)
epoch  19300  train 9.0489e-08  test 9.8319e-07  (25 epochs/s)
epoch  19400  train 9.0465e-08  test 9.6619e-07  (25 epochs/s)
epoch  19500  train 9.0440e-08  test 9.3161e-07  (25 epochs/s)
epoch  19600  train 9.0415e-08  test 9.1204e-07  (25 epochs/s)
epoch  19700  train 9.0401e-08  test 8.9100e-07  (25 epochs/s)
epoch  19800  train 9.0379e-08  test 8.7709e-07  (25 epochs/s)
epoch  19900  train 9.0364e-08  test 8.5397e-07  (25 epochs/s)
epoch  20000  train 9.0344e-08  test 8.3047e-07  (25 epochs/s)
done: 20000 epochs in 811s -> runs/orthWE/p-113/seed2034/seed33428
=== orthWE p-113 data 2034 init 777 (19:38:18) ===
train: 3830  test: 8939
epoch    100  train 1.2817e+00  test 1.0077e+01  (21 epochs/s)
epoch    200  train 1.8630e-02  test 1.7665e+01  (19 epochs/s)
epoch    300  train 6.3143e-03  test 1.8342e+01  (20 epochs/s)
epoch    400  train 2.0601e-03  test 1.9372e+01  (20 epochs/s)
epoch    500  train 6.8637e-04  test 2.0480e+01  (21 epochs/s)
epoch    600  train 2.3246e-04  test 2.1625e+01  (21 epochs/s)
epoch    700  train 7.9769e-05  test 2.2802e+01  (21 epochs/s)
epoch    800  train 2.7846e-05  test 2.3980e+01  (21 epochs/s)
epoch    900  train 1.0007e-05  test 2.5139e+01  (21 epochs/s)
epoch   1000  train 3.7879e-06  test 2.6234e+01  (21 epochs/s)
epoch   1100  train 1.5911e-06  test 2.7196e+01  (22 epochs/s)
epoch   1200  train 7.9579e-07  test 2.7926e+01  (21 epochs/s)
epoch   1300  train 5.0073e-07  test 2.8339e+01  (22 epochs/s)
epoch   1400  train 3.9493e-07  test 2.8447e+01  (21 epochs/s)
epoch   1500  train 3.6285e-07  test 2.8353e+01  (21 epochs/s)
epoch   1600  train 3.5513e-07  test 2.8173e+01  (21 epochs/s)
epoch   1700  train 3.5326e-07  test 2.7978e+01  (21 epochs/s)
epoch   1800  train 3.5254e-07  test 2.7788e+01  (21 epochs/s)
epoch   1900  train 3.5133e-07  test 2.7602e+01  (21 epochs/s)
epoch   2000  train 3.5022e-07  test 2.7416e+01  (21 epochs/s)
epoch   2100  train 3.4854e-07  test 2.7236e+01  (21 epochs/s)
epoch   2200  train 3.4712e-07  test 2.7055e+01  (21 epochs/s)
epoch   2300  train 3.4566e-07  test 2.6878e+01  (21 epochs/s)
epoch   2400  train 3.4398e-07  test 2.6700e+01  (21 epochs/s)
epoch   2500  train 3.4258e-07  test 2.6524e+01  (21 epochs/s)
epoch   2600  train 3.4087e-07  test 2.6346e+01  (21 epochs/s)
epoch   2700  train 3.3940e-07  test 2.6165e+01  (21 epochs/s)
epoch   2800  train 3.3798e-07  test 2.5986e+01  (21 epochs/s)
epoch   2900  train 3.3635e-07  test 2.5804e+01  (21 epochs/s)
epoch   3000  train 3.3529e-07  test 2.5623e+01  (21 epochs/s)
epoch   3100  train 3.3383e-07  test 2.5446e+01  (21 epochs/s)
epoch   3200  train 3.3246e-07  test 2.5265e+01  (21 epochs/s)
epoch   3300  train 3.3119e-07  test 2.5083e+01  (21 epochs/s)
epoch   3400  train 3.3017e-07  test 2.4899e+01  (21 epochs/s)
epoch   3500  train 3.2914e-07  test 2.4707e+01  (21 epochs/s)
epoch   3600  train 3.2759e-07  test 2.4516e+01  (21 epochs/s)
epoch   3700  train 3.2669e-07  test 2.4314e+01  (21 epochs/s)
epoch   3800  train 3.2503e-07  test 2.4110e+01  (21 epochs/s)
epoch   3900  train 3.2401e-07  test 2.3908e+01  (21 epochs/s)
epoch   4000  train 3.2275e-07  test 2.3701e+01  (21 epochs/s)
epoch   4100  train 3.2176e-07  test 2.3491e+01  (21 epochs/s)
epoch   4200  train 3.2050e-07  test 2.3278e+01  (21 epochs/s)
epoch   4300  train 3.1938e-07  test 2.3071e+01  (21 epochs/s)
epoch   4400  train 3.1849e-07  test 2.2869e+01  (21 epochs/s)
epoch   4500  train 3.1703e-07  test 2.2660e+01  (21 epochs/s)
epoch   4600  train 3.1597e-07  test 2.2448e+01  (21 epochs/s)
epoch   4700  train 3.1483e-07  test 2.2234e+01  (21 epochs/s)
epoch   4800  train 3.1383e-07  test 2.2018e+01  (21 epochs/s)
epoch   4900  train 3.1279e-07  test 2.1800e+01  (21 epochs/s)
epoch   5000  train 3.1182e-07  test 2.1578e+01  (21 epochs/s)
epoch   5100  train 3.1057e-07  test 2.1351e+01  (21 epochs/s)
epoch   5200  train 3.0969e-07  test 2.1120e+01  (21 epochs/s)
epoch   5300  train 3.0852e-07  test 2.0890e+01  (21 epochs/s)
epoch   5400  train 3.0757e-07  test 2.0653e+01  (21 epochs/s)
epoch   5500  train 3.0660e-07  test 2.0414e+01  (21 epochs/s)
epoch   5600  train 3.0536e-07  test 2.0184e+01  (20 epochs/s)
epoch   5700  train 3.0434e-07  test 1.9955e+01  (20 epochs/s)
epoch   5800  train 3.0337e-07  test 1.9729e+01  (20 epochs/s)
epoch   5900  train 3.0240e-07  test 1.9498e+01  (20 epochs/s)
epoch   6000  train 3.0133e-07  test 1.9261e+01  (20 epochs/s)
epoch   6100  train 2.9996e-07  test 1.9025e+01  (20 epochs/s)
epoch   6200  train 2.9893e-07  test 1.8793e+01  (20 epochs/s)
epoch   6300  train 2.9771e-07  test 1.8555e+01  (20 epochs/s)
epoch   6400  train 2.9670e-07  test 1.8317e+01  (20 epochs/s)
epoch   6500  train 2.9588e-07  test 1.8083e+01  (20 epochs/s)
epoch   6600  train 2.9472e-07  test 1.7842e+01  (20 epochs/s)
epoch   6700  train 2.9349e-07  test 1.7597e+01  (20 epochs/s)
epoch   6800  train 2.9219e-07  test 1.7357e+01  (20 epochs/s)
epoch   6900  train 2.9127e-07  test 1.7119e+01  (20 epochs/s)
epoch   7000  train 2.9036e-07  test 1.6874e+01  (20 epochs/s)
epoch   7100  train 2.8892e-07  test 1.6627e+01  (20 epochs/s)
epoch   7200  train 2.8789e-07  test 1.6374e+01  (20 epochs/s)
epoch   7300  train 2.8708e-07  test 1.6120e+01  (20 epochs/s)
epoch   7400  train 2.8568e-07  test 1.5862e+01  (20 epochs/s)
epoch   7500  train 2.8461e-07  test 1.5606e+01  (20 epochs/s)
epoch   7600  train 2.8349e-07  test 1.5342e+01  (20 epochs/s)
epoch   7700  train 2.8232e-07  test 1.5069e+01  (20 epochs/s)
epoch   7800  train 2.8098e-07  test 1.4789e+01  (20 epochs/s)
epoch   7900  train 2.7967e-07  test 1.4499e+01  (20 epochs/s)
epoch   8000  train 2.7838e-07  test 1.4190e+01  (20 epochs/s)
epoch   8100  train 2.7708e-07  test 1.3866e+01  (20 epochs/s)
epoch   8200  train 2.7611e-07  test 1.3526e+01  (20 epochs/s)
epoch   8300  train 2.7411e-07  test 1.3166e+01  (19 epochs/s)
epoch   8400  train 2.7246e-07  test 1.2785e+01  (19 epochs/s)
epoch   8500  train 2.7070e-07  test 1.2375e+01  (19 epochs/s)
epoch   8600  train 2.6889e-07  test 1.1931e+01  (19 epochs/s)
epoch   8700  train 2.6685e-07  test 1.1460e+01  (19 epochs/s)
epoch   8800  train 2.6413e-07  test 1.0937e+01  (19 epochs/s)
epoch   8900  train 2.6163e-07  test 1.0373e+01  (19 epochs/s)
epoch   9000  train 2.5882e-07  test 9.7746e+00  (19 epochs/s)
epoch   9100  train 2.5546e-07  test 9.1336e+00  (19 epochs/s)
epoch   9200  train 2.5237e-07  test 8.4538e+00  (19 epochs/s)
epoch   9300  train 2.4897e-07  test 7.7698e+00  (19 epochs/s)
epoch   9400  train 2.4554e-07  test 7.0873e+00  (19 epochs/s)
epoch   9500  train 2.4203e-07  test 6.4092e+00  (19 epochs/s)
epoch   9600  train 2.3798e-07  test 5.7275e+00  (19 epochs/s)
epoch   9700  train 2.3353e-07  test 5.0511e+00  (19 epochs/s)
epoch   9800  train 2.2835e-07  test 4.3557e+00  (19 epochs/s)
epoch   9900  train 2.2196e-07  test 3.6369e+00  (19 epochs/s)
epoch  10000  train 2.1493e-07  test 2.9092e+00  (19 epochs/s)
epoch  10100  train 2.0620e-07  test 2.1808e+00  (19 epochs/s)
epoch  10200  train 1.9525e-07  test 1.4924e+00  (19 epochs/s)
epoch  10300  train 1.8519e-07  test 9.1337e-01  (19 epochs/s)
epoch  10400  train 1.7641e-07  test 5.0664e-01  (19 epochs/s)
epoch  10500  train 1.6997e-07  test 2.7244e-01  (19 epochs/s)
epoch  10600  train 1.6491e-07  test 1.4879e-01  (19 epochs/s)
epoch  10700  train 1.6046e-07  test 8.5925e-02  (19 epochs/s)
epoch  10800  train 1.5636e-07  test 5.2689e-02  (19 epochs/s)
epoch  10900  train 1.5251e-07  test 3.4495e-02  (18 epochs/s)
epoch  11000  train 1.4912e-07  test 2.2743e-02  (18 epochs/s)
epoch  11100  train 1.4608e-07  test 1.4907e-02  (18 epochs/s)
epoch  11200  train 1.4316e-07  test 9.7047e-03  (18 epochs/s)
epoch  11300  train 1.4052e-07  test 6.2939e-03  (18 epochs/s)
epoch  11400  train 1.3790e-07  test 4.2235e-03  (18 epochs/s)
epoch  11500  train 1.3516e-07  test 2.9477e-03  (18 epochs/s)
epoch  11600  train 1.3250e-07  test 2.0914e-03  (18 epochs/s)
epoch  11700  train 1.2981e-07  test 1.4541e-03  (18 epochs/s)
epoch  11800  train 1.2728e-07  test 9.6568e-04  (18 epochs/s)
epoch  11900  train 1.2514e-07  test 6.1366e-04  (18 epochs/s)
epoch  12000  train 1.2298e-07  test 3.6937e-04  (18 epochs/s)
epoch  12100  train 1.2094e-07  test 2.0294e-04  (18 epochs/s)
epoch  12200  train 1.1886e-07  test 1.0170e-04  (18 epochs/s)
epoch  12300  train 1.1651e-07  test 4.9544e-05  (18 epochs/s)
epoch  12400  train 1.1371e-07  test 2.0192e-05  (18 epochs/s)
epoch  12500  train 1.1073e-07  test 8.6330e-06  (18 epochs/s)
epoch  12600  train 1.0768e-07  test 3.9589e-06  (18 epochs/s)
epoch  12700  train 1.0497e-07  test 1.7364e-06  (18 epochs/s)
epoch  12800  train 1.0284e-07  test 8.2850e-07  (18 epochs/s)
epoch  12900  train 1.0143e-07  test 4.9055e-07  (18 epochs/s)
epoch  13000  train 1.0035e-07  test 3.5271e-07  (18 epochs/s)
epoch  13100  train 9.9567e-08  test 2.8869e-07  (18 epochs/s)
epoch  13200  train 9.8939e-08  test 2.5769e-07  (18 epochs/s)
epoch  13300  train 9.8500e-08  test 2.3939e-07  (18 epochs/s)
epoch  13400  train 9.8127e-08  test 2.2791e-07  (18 epochs/s)
epoch  13500  train 9.7845e-08  test 2.2059e-07  (17 epochs/s)
epoch  13600  train 9.7569e-08  test 2.1551e-07  (17 epochs/s)
epoch  13700  train 9.7345e-08  test 2.1196e-07  (17 epochs/s)
epoch  13800  train 9.7132e-08  test 2.0894e-07  (17 epochs/s)
epoch  13900  train 9.6951e-08  test 2.0656e-07  (17 epochs/s)
epoch  14000  train 9.6782e-08  test 2.0480e-07  (17 epochs/s)
epoch  14100  train 9.6633e-08  test 2.0331e-07  (17 epochs/s)
epoch  14200  train 9.6501e-08  test 2.0204e-07  (17 epochs/s)
epoch  14300  train 9.6379e-08  test 2.0103e-07  (17 epochs/s)
epoch  14400  train 9.6266e-08  test 2.0032e-07  (17 epochs/s)
epoch  14500  train 9.6163e-08  test 1.9961e-07  (17 epochs/s)
epoch  14600  train 9.6064e-08  test 1.9902e-07  (17 epochs/s)
epoch  14700  train 9.5977e-08  test 1.9861e-07  (17 epochs/s)
epoch  14800  train 9.5890e-08  test 1.9835e-07  (17 epochs/s)
epoch  14900  train 9.5808e-08  test 1.9820e-07  (17 epochs/s)
epoch  15000  train 9.5736e-08  test 1.9806e-07  (17 epochs/s)
epoch  15100  train 9.5657e-08  test 1.9817e-07  (17 epochs/s)
epoch  15200  train 9.5583e-08  test 1.9817e-07  (17 epochs/s)
epoch  15300  train 9.5522e-08  test 1.9810e-07  (17 epochs/s)
epoch  15400  train 9.5458e-08  test 1.9794e-07  (17 epochs/s)
epoch  15500  train 9.5400e-08  test 1.9768e-07  (17 epochs/s)
epoch  15600  train 9.5337e-08  test 1.9745e-07  (17 epochs/s)
epoch  15700  train 9.5283e-08  test 1.9717e-07  (17 epochs/s)
epoch  15800  train 9.5230e-08  test 1.9691e-07  (17 epochs/s)
epoch  15900  train 9.5175e-08  test 1.9662e-07  (17 epochs/s)
epoch  16000  train 9.5121e-08  test 1.9646e-07  (17 epochs/s)
epoch  16100  train 9.5069e-08  test 1.9644e-07  (17 epochs/s)
epoch  16200  train 9.5021e-08  test 1.9639e-07  (17 epochs/s)
epoch  16300  train 9.4969e-08  test 1.9627e-07  (17 epochs/s)
epoch  16400  train 9.4924e-08  test 1.9616e-07  (17 epochs/s)
epoch  16500  train 9.4878e-08  test 1.9608e-07  (17 epochs/s)
epoch  16600  train 9.4837e-08  test 1.9593e-07  (17 epochs/s)
epoch  16700  train 9.4790e-08  test 1.9585e-07  (17 epochs/s)
epoch  16800  train 9.4750e-08  test 1.9566e-07  (17 epochs/s)
epoch  16900  train 9.4709e-08  test 1.9541e-07  (17 epochs/s)
epoch  17000  train 9.4668e-08  test 1.9510e-07  (17 epochs/s)
epoch  17100  train 9.4629e-08  test 1.9475e-07  (17 epochs/s)
epoch  17200  train 9.4594e-08  test 1.9444e-07  (17 epochs/s)
epoch  17300  train 9.4557e-08  test 1.9418e-07  (17 epochs/s)
epoch  17400  train 9.4520e-08  test 1.9388e-07  (17 epochs/s)
epoch  17500  train 9.4486e-08  test 1.9348e-07  (17 epochs/s)
epoch  17600  train 9.4452e-08  test 1.9312e-07  (16 epochs/s)
epoch  17700  train 9.4420e-08  test 1.9282e-07  (16 epochs/s)
epoch  17800  train 9.4386e-08  test 1.9246e-07  (16 epochs/s)
epoch  17900  train 9.4355e-08  test 1.9212e-07  (16 epochs/s)
epoch  18000  train 9.4323e-08  test 1.9171e-07  (16 epochs/s)
epoch  18100  train 9.4292e-08  test 1.9135e-07  (16 epochs/s)
epoch  18200  train 9.4265e-08  test 1.9101e-07  (16 epochs/s)
epoch  18300  train 9.4238e-08  test 1.9066e-07  (16 epochs/s)
epoch  18400  train 9.4210e-08  test 1.9033e-07  (16 epochs/s)
epoch  18500  train 9.4182e-08  test 1.9000e-07  (16 epochs/s)
epoch  18600  train 9.4154e-08  test 1.8967e-07  (16 epochs/s)
epoch  18700  train 9.4126e-08  test 1.8940e-07  (16 epochs/s)
epoch  18800  train 9.4097e-08  test 1.8906e-07  (16 epochs/s)
epoch  18900  train 9.4074e-08  test 1.8871e-07  (16 epochs/s)
epoch  19000  train 9.4049e-08  test 1.8836e-07  (16 epochs/s)
epoch  19100  train 9.4026e-08  test 1.8795e-07  (16 epochs/s)
epoch  19200  train 9.4004e-08  test 1.8758e-07  (16 epochs/s)
epoch  19300  train 9.3983e-08  test 1.8723e-07  (16 epochs/s)
epoch  19400  train 9.3959e-08  test 1.8688e-07  (16 epochs/s)
epoch  19500  train 9.3937e-08  test 1.8656e-07  (16 epochs/s)
epoch  19600  train 9.3915e-08  test 1.8629e-07  (16 epochs/s)
epoch  19700  train 9.3893e-08  test 1.8606e-07  (16 epochs/s)
epoch  19800  train 9.3875e-08  test 1.8582e-07  (16 epochs/s)
epoch  19900  train 9.3856e-08  test 1.8556e-07  (16 epochs/s)
epoch  20000  train 9.3837e-08  test 1.8524e-07  (16 epochs/s)
done: 20000 epochs in 1271s -> runs/orthWE/p-113/seed2034/seed777
=== orthWE p-113 data 2034 init 4242 (19:59:29) ===
train: 3830  test: 8939
epoch    100  train 1.5592e+00  test 8.4498e+00  (7 epochs/s)
epoch    200  train 1.7108e-02  test 1.4566e+01  (5 epochs/s)
epoch    300  train 5.9855e-03  test 1.4842e+01  (6 epochs/s)
epoch    400  train 1.9567e-03  test 1.5467e+01  (7 epochs/s)
epoch    500  train 6.5205e-04  test 1.6154e+01  (7 epochs/s)
epoch    600  train 2.2034e-04  test 1.6862e+01  (8 epochs/s)
epoch    700  train 7.5514e-05  test 1.7577e+01  (8 epochs/s)
epoch    800  train 2.6295e-05  test 1.8251e+01  (9 epochs/s)
epoch    900  train 9.3969e-06  test 1.8875e+01  (9 epochs/s)
epoch   1000  train 3.5406e-06  test 1.9419e+01  (10 epochs/s)
epoch   1100  train 1.4809e-06  test 1.9849e+01  (10 epochs/s)
epoch   1200  train 7.3764e-07  test 2.0099e+01  (10 epochs/s)
epoch   1300  train 4.6257e-07  test 2.0121e+01  (11 epochs/s)
epoch   1400  train 3.6334e-07  test 1.9931e+01  (11 epochs/s)
epoch   1500  train 3.3254e-07  test 1.9587e+01  (11 epochs/s)
epoch   1600  train 3.2453e-07  test 1.9181e+01  (11 epochs/s)
epoch   1700  train 3.2160e-07  test 1.8749e+01  (12 epochs/s)
epoch   1800  train 3.1908e-07  test 1.8297e+01  (12 epochs/s)
epoch   1900  train 3.1670e-07  test 1.7837e+01  (12 epochs/s)
epoch   2000  train 3.1376e-07  test 1.7347e+01  (13 epochs/s)
epoch   2100  train 3.1106e-07  test 1.6835e+01  (13 epochs/s)
epoch   2200  train 3.0810e-07  test 1.6316e+01  (13 epochs/s)
epoch   2300  train 3.0503e-07  test 1.5785e+01  (13 epochs/s)
epoch   2400  train 3.0191e-07  test 1.5245e+01  (14 epochs/s)
epoch   2500  train 2.9884e-07  test 1.4693e+01  (14 epochs/s)
epoch   2600  train 2.9569e-07  test 1.4145e+01  (14 epochs/s)
epoch   2700  train 2.9260e-07  test 1.3592e+01  (14 epochs/s)
epoch   2800  train 2.8942e-07  test 1.3041e+01  (14 epochs/s)
epoch   2900  train 2.8650e-07  test 1.2487e+01  (14 epochs/s)
epoch   3000  train 2.8336e-07  test 1.1937e+01  (15 epochs/s)
epoch   3100  train 2.8032e-07  test 1.1389e+01  (15 epochs/s)
epoch   3200  train 2.7728e-07  test 1.0854e+01  (15 epochs/s)
epoch   3300  train 2.7479e-07  test 1.0339e+01  (15 epochs/s)
epoch   3400  train 2.7187e-07  test 9.8457e+00  (15 epochs/s)
epoch   3500  train 2.6917e-07  test 9.3604e+00  (15 epochs/s)
epoch   3600  train 2.6612e-07  test 8.8847e+00  (15 epochs/s)
epoch   3700  train 2.6294e-07  test 8.4170e+00  (15 epochs/s)
epoch   3800  train 2.6008e-07  test 7.9509e+00  (15 epochs/s)
epoch   3900  train 2.5681e-07  test 7.4774e+00  (15 epochs/s)
epoch   4000  train 2.5341e-07  test 6.9970e+00  (15 epochs/s)
epoch   4100  train 2.4971e-07  test 6.5069e+00  (15 epochs/s)
epoch   4200  train 2.4609e-07  test 5.9965e+00  (15 epochs/s)
epoch   4300  train 2.4193e-07  test 5.4581e+00  (16 epochs/s)
epoch   4400  train 2.3733e-07  test 4.8956e+00  (16 epochs/s)
epoch   4500  train 2.3194e-07  test 4.3140e+00  (16 epochs/s)
epoch   4600  train 2.2679e-07  test 3.7192e+00  (16 epochs/s)
epoch   4700  train 2.2020e-07  test 3.1092e+00  (16 epochs/s)
epoch   4800  train 2.1315e-07  test 2.5018e+00  (16 epochs/s)
epoch   4900  train 2.0510e-07  test 1.9062e+00  (16 epochs/s)
epoch   5000  train 1.9703e-07  test 1.3615e+00  (16 epochs/s)
epoch   5100  train 1.8793e-07  test 8.9808e-01  (16 epochs/s)
epoch   5200  train 1.8021e-07  test 5.5224e-01  (16 epochs/s)
epoch   5300  train 1.7299e-07  test 3.2170e-01  (16 epochs/s)
epoch   5400  train 1.6652e-07  test 1.8222e-01  (16 epochs/s)
epoch   5500  train 1.6009e-07  test 1.0514e-01  (16 epochs/s)
epoch   5600  train 1.5347e-07  test 5.9837e-02  (16 epochs/s)
epoch   5700  train 1.4711e-07  test 3.1050e-02  (16 epochs/s)
epoch   5800  train 1.4117e-07  test 1.3967e-02  (16 epochs/s)
epoch   5900  train 1.3630e-07  test 6.1544e-03  (16 epochs/s)
epoch   6000  train 1.3212e-07  test 2.6651e-03  (16 epochs/s)
epoch   6100  train 1.2811e-07  test 9.8119e-04  (16 epochs/s)
epoch   6200  train 1.2463e-07  test 3.0002e-04  (16 epochs/s)
epoch   6300  train 1.2134e-07  test 9.3372e-05  (16 epochs/s)
epoch   6400  train 1.1818e-07  test 2.9065e-05  (16 epochs/s)
epoch   6500  train 1.1543e-07  test 1.0778e-05  (16 epochs/s)
epoch   6600  train 1.1292e-07  test 5.0472e-06  (17 epochs/s)
epoch   6700  train 1.1094e-07  test 2.8998e-06  (17 epochs/s)
epoch   6800  train 1.0930e-07  test 1.9576e-06  (17 epochs/s)
epoch   6900  train 1.0801e-07  test 1.4499e-06  (17 epochs/s)
epoch   7000  train 1.0696e-07  test 1.1462e-06  (17 epochs/s)
epoch   7100  train 1.0612e-07  test 9.3364e-07  (17 epochs/s)
epoch   7200  train 1.0545e-07  test 7.8575e-07  (17 epochs/s)
epoch   7300  train 1.0485e-07  test 6.6360e-07  (17 epochs/s)
epoch   7400  train 1.0432e-07  test 5.7197e-07  (17 epochs/s)
epoch   7500  train 1.0382e-07  test 5.0444e-07  (17 epochs/s)
epoch   7600  train 1.0330e-07  test 4.5513e-07  (16 epochs/s)
epoch   7700  train 1.0284e-07  test 4.1381e-07  (16 epochs/s)
epoch   7800  train 1.0240e-07  test 3.8280e-07  (16 epochs/s)
epoch   7900  train 1.0194e-07  test 3.5797e-07  (16 epochs/s)
epoch   8000  train 1.0149e-07  test 3.3712e-07  (16 epochs/s)
epoch   8100  train 1.0104e-07  test 3.1871e-07  (16 epochs/s)
epoch   8200  train 1.0064e-07  test 3.0148e-07  (16 epochs/s)
epoch   8300  train 1.0025e-07  test 2.8646e-07  (16 epochs/s)
epoch   8400  train 9.9908e-08  test 2.7429e-07  (16 epochs/s)
epoch   8500  train 9.9591e-08  test 2.6386e-07  (16 epochs/s)
epoch   8600  train 9.9314e-08  test 2.5484e-07  (16 epochs/s)
epoch   8700  train 9.9079e-08  test 2.4767e-07  (16 epochs/s)
epoch   8800  train 9.8864e-08  test 2.4119e-07  (16 epochs/s)
epoch   8900  train 9.8696e-08  test 2.3586e-07  (16 epochs/s)
epoch   9000  train 9.8543e-08  test 2.3143e-07  (16 epochs/s)
epoch   9100  train 9.8418e-08  test 2.2788e-07  (16 epochs/s)
epoch   9200  train 9.8293e-08  test 2.2498e-07  (16 epochs/s)
epoch   9300  train 9.8183e-08  test 2.2244e-07  (16 epochs/s)
epoch   9400  train 9.8086e-08  test 2.2060e-07  (16 epochs/s)
epoch   9500  train 9.7999e-08  test 2.1914e-07  (16 epochs/s)
epoch   9600  train 9.7918e-08  test 2.1772e-07  (16 epochs/s)
epoch   9700  train 9.7846e-08  test 2.1657e-07  (16 epochs/s)
epoch   9800  train 9.7771e-08  test 2.1547e-07  (16 epochs/s)
epoch   9900  train 9.7701e-08  test 2.1467e-07  (16 epochs/s)
epoch  10000  train 9.7627e-08  test 2.1398e-07  (16 epochs/s)
epoch  10100  train 9.7575e-08  test 2.1333e-07  (16 epochs/s)
epoch  10200  train 9.7521e-08  test 2.1274e-07  (16 epochs/s)
epoch  10300  train 9.7465e-08  test 2.1203e-07  (16 epochs/s)
epoch  10400  train 9.7414e-08  test 2.1141e-07  (16 epochs/s)
epoch  10500  train 9.7367e-08  test 2.1078e-07  (16 epochs/s)
epoch  10600  train 9.7318e-08  test 2.1014e-07  (16 epochs/s)
epoch  10700  train 9.7270e-08  test 2.0954e-07  (16 epochs/s)
epoch  10800  train 9.7225e-08  test 2.0894e-07  (16 epochs/s)
epoch  10900  train 9.7179e-08  test 2.0833e-07  (16 epochs/s)
epoch  11000  train 9.7138e-08  test 2.0777e-07  (16 epochs/s)
epoch  11100  train 9.7099e-08  test 2.0726e-07  (16 epochs/s)
epoch  11200  train 9.7057e-08  test 2.0673e-07  (16 epochs/s)
epoch  11300  train 9.7021e-08  test 2.0627e-07  (16 epochs/s)
epoch  11400  train 9.6982e-08  test 2.0588e-07  (16 epochs/s)
epoch  11500  train 9.6941e-08  test 2.0555e-07  (16 epochs/s)
epoch  11600  train 9.6909e-08  test 2.0511e-07  (16 epochs/s)
epoch  11700  train 9.6874e-08  test 2.0472e-07  (16 epochs/s)
epoch  11800  train 9.6840e-08  test 2.0439e-07  (16 epochs/s)
epoch  11900  train 9.6807e-08  test 2.0399e-07  (16 epochs/s)
epoch  12000  train 9.6778e-08  test 2.0362e-07  (16 epochs/s)
epoch  12100  train 9.6747e-08  test 2.0324e-07  (16 epochs/s)
epoch  12200  train 9.6712e-08  test 2.0290e-07  (16 epochs/s)
epoch  12300  train 9.6683e-08  test 2.0259e-07  (16 epochs/s)
epoch  12400  train 9.6653e-08  test 2.0235e-07  (16 epochs/s)
epoch  12500  train 9.6628e-08  test 2.0208e-07  (16 epochs/s)
epoch  12600  train 9.6598e-08  test 2.0179e-07  (16 epochs/s)
epoch  12700  train 9.6570e-08  test 2.0152e-07  (16 epochs/s)
epoch  12800  train 9.6543e-08  test 2.0127e-07  (16 epochs/s)
epoch  12900  train 9.6520e-08  test 2.0103e-07  (16 epochs/s)
epoch  13000  train 9.6493e-08  test 2.0077e-07  (16 epochs/s)
epoch  13100  train 9.6470e-08  test 2.0050e-07  (16 epochs/s)
epoch  13200  train 9.6449e-08  test 2.0026e-07  (16 epochs/s)
epoch  13300  train 9.6426e-08  test 1.9996e-07  (16 epochs/s)
epoch  13400  train 9.6404e-08  test 1.9964e-07  (16 epochs/s)
epoch  13500  train 9.6381e-08  test 1.9935e-07  (16 epochs/s)
epoch  13600  train 9.6358e-08  test 1.9910e-07  (16 epochs/s)
epoch  13700  train 9.6338e-08  test 1.9887e-07  (16 epochs/s)
epoch  13800  train 9.6317e-08  test 1.9861e-07  (16 epochs/s)
epoch  13900  train 9.6298e-08  test 1.9841e-07  (16 epochs/s)
epoch  14000  train 9.6279e-08  test 1.9817e-07  (16 epochs/s)
epoch  14100  train 9.6260e-08  test 1.9798e-07  (16 epochs/s)
epoch  14200  train 9.6242e-08  test 1.9780e-07  (16 epochs/s)
epoch  14300  train 9.6221e-08  test 1.9759e-07  (16 epochs/s)
epoch  14400  train 9.6204e-08  test 1.9736e-07  (16 epochs/s)
epoch  14500  train 9.6185e-08  test 1.9717e-07  (16 epochs/s)
epoch  14600  train 9.6167e-08  test 1.9698e-07  (16 epochs/s)
epoch  14700  train 9.6149e-08  test 1.9682e-07  (16 epochs/s)
epoch  14800  train 9.6133e-08  test 1.9661e-07  (16 epochs/s)
epoch  14900  train 9.6116e-08  test 1.9640e-07  (16 epochs/s)
epoch  15000  train 9.6100e-08  test 1.9629e-07  (16 epochs/s)
epoch  15100  train 9.6085e-08  test 1.9611e-07  (16 epochs/s)
epoch  15200  train 9.6070e-08  test 1.9593e-07  (16 epochs/s)
epoch  15300  train 9.6054e-08  test 1.9573e-07  (16 epochs/s)
epoch  15400  train 9.6039e-08  test 1.9556e-07  (16 epochs/s)
epoch  15500  train 9.6021e-08  test 1.9541e-07  (16 epochs/s)
epoch  15600  train 9.6006e-08  test 1.9524e-07  (16 epochs/s)
epoch  15700  train 9.5994e-08  test 1.9507e-07  (16 epochs/s)
epoch  15800  train 9.5978e-08  test 1.9491e-07  (16 epochs/s)
epoch  15900  train 9.5964e-08  test 1.9477e-07  (16 epochs/s)
epoch  16000  train 9.5948e-08  test 1.9462e-07  (16 epochs/s)
epoch  16100  train 9.5937e-08  test 1.9446e-07  (16 epochs/s)
epoch  16200  train 9.5922e-08  test 1.9431e-07  (16 epochs/s)
epoch  16300  train 9.5908e-08  test 1.9418e-07  (16 epochs/s)
epoch  16400  train 9.5896e-08  test 1.9404e-07  (16 epochs/s)
epoch  16500  train 9.5884e-08  test 1.9392e-07  (17 epochs/s)
epoch  16600  train 9.5872e-08  test 1.9381e-07  (17 epochs/s)
epoch  16700  train 9.5859e-08  test 1.9371e-07  (17 epochs/s)
epoch  16800  train 9.5847e-08  test 1.9364e-07  (17 epochs/s)
epoch  16900  train 9.5835e-08  test 1.9354e-07  (17 epochs/s)
epoch  17000  train 9.5826e-08  test 1.9346e-07  (17 epochs/s)
epoch  17100  train 9.5812e-08  test 1.9336e-07  (17 epochs/s)
epoch  17200  train 9.5801e-08  test 1.9325e-07  (17 epochs/s)
epoch  17300  train 9.5789e-08  test 1.9315e-07  (17 epochs/s)
epoch  17400  train 9.5778e-08  test 1.9303e-07  (17 epochs/s)
epoch  17500  train 9.5766e-08  test 1.9287e-07  (17 epochs/s)
epoch  17600  train 9.5756e-08  test 1.9277e-07  (17 epochs/s)
epoch  17700  train 9.5746e-08  test 1.9261e-07  (17 epochs/s)
epoch  17800  train 9.5734e-08  test 1.9249e-07  (17 epochs/s)
epoch  17900  train 9.5723e-08  test 1.9237e-07  (17 epochs/s)
epoch  18000  train 9.5712e-08  test 1.9223e-07  (17 epochs/s)
epoch  18100  train 9.5701e-08  test 1.9211e-07  (17 epochs/s)
epoch  18200  train 9.5690e-08  test 1.9199e-07  (17 epochs/s)
epoch  18300  train 9.5680e-08  test 1.9191e-07  (17 epochs/s)
epoch  18400  train 9.5671e-08  test 1.9179e-07  (17 epochs/s)
epoch  18500  train 9.5658e-08  test 1.9172e-07  (17 epochs/s)
epoch  18600  train 9.5649e-08  test 1.9163e-07  (17 epochs/s)
epoch  18700  train 9.5639e-08  test 1.9149e-07  (17 epochs/s)
epoch  18800  train 9.5629e-08  test 1.9140e-07  (17 epochs/s)
epoch  18900  train 9.5619e-08  test 1.9129e-07  (17 epochs/s)
epoch  19000  train 9.5609e-08  test 1.9118e-07  (17 epochs/s)
epoch  19100  train 9.5601e-08  test 1.9109e-07  (17 epochs/s)
epoch  19200  train 9.5592e-08  test 1.9100e-07  (17 epochs/s)
epoch  19300  train 9.5581e-08  test 1.9091e-07  (17 epochs/s)
epoch  19400  train 9.5573e-08  test 1.9083e-07  (17 epochs/s)
epoch  19500  train 9.5562e-08  test 1.9073e-07  (17 epochs/s)
epoch  19600  train 9.5554e-08  test 1.9066e-07  (17 epochs/s)
epoch  19700  train 9.5544e-08  test 1.9056e-07  (17 epochs/s)
epoch  19800  train 9.5533e-08  test 1.9045e-07  (17 epochs/s)
epoch  19900  train 9.5517e-08  test 1.9017e-07  (17 epochs/s)
epoch  20000  train 9.5505e-08  test 1.8979e-07  (17 epochs/s)
done: 20000 epochs in 1179s -> runs/orthWE/p-113/seed2034/seed4242
=== orthWE p-113 data 3604 init 54735 (20:19:10) ===
train: 3830  test: 8939
epoch    100  train 1.3483e+00  test 8.8539e+00  (15 epochs/s)
epoch    200  train 1.5333e-02  test 1.5099e+01  (16 epochs/s)
epoch    300  train 5.2713e-03  test 1.5445e+01  (18 epochs/s)
epoch    400  train 1.7198e-03  test 1.6069e+01  (17 epochs/s)
epoch    500  train 5.7169e-04  test 1.6760e+01  (18 epochs/s)
epoch    600  train 1.9273e-04  test 1.7463e+01  (18 epochs/s)
epoch    700  train 6.5828e-05  test 1.8139e+01  (18 epochs/s)
epoch    800  train 2.2917e-05  test 1.8764e+01  (18 epochs/s)
epoch    900  train 8.2088e-06  test 1.9339e+01  (18 epochs/s)
epoch   1000  train 3.1160e-06  test 1.9811e+01  (18 epochs/s)
epoch   1100  train 1.3269e-06  test 2.0141e+01  (18 epochs/s)
epoch   1200  train 6.8124e-07  test 2.0301e+01  (18 epochs/s)
epoch   1300  train 4.4180e-07  test 2.0252e+01  (18 epochs/s)
epoch   1400  train 3.5663e-07  test 2.0012e+01  (18 epochs/s)
epoch   1500  train 3.3104e-07  test 1.9650e+01  (18 epochs/s)
epoch   1600  train 3.2415e-07  test 1.9243e+01  (18 epochs/s)
epoch   1700  train 3.2152e-07  test 1.8815e+01  (18 epochs/s)
epoch   1800  train 3.1947e-07  test 1.8385e+01  (18 epochs/s)
epoch   1900  train 3.1763e-07  test 1.7960e+01  (19 epochs/s)
epoch   2000  train 3.1538e-07  test 1.7532e+01  (18 epochs/s)
epoch   2100  train 3.1300e-07  test 1.7096e+01  (18 epochs/s)
epoch   2200  train 3.1030e-07  test 1.6655e+01  (18 epochs/s)
epoch   2300  train 3.0775e-07  test 1.6204e+01  (18 epochs/s)
epoch   2400  train 3.0529e-07  test 1.5744e+01  (19 epochs/s)
epoch   2500  train 3.0286e-07  test 1.5269e+01  (19 epochs/s)
epoch   2600  train 3.0026e-07  test 1.4779e+01  (19 epochs/s)
epoch   2700  train 2.9752e-07  test 1.4266e+01  (19 epochs/s)
epoch   2800  train 2.9453e-07  test 1.3725e+01  (19 epochs/s)
epoch   2900  train 2.9139e-07  test 1.3154e+01  (19 epochs/s)
epoch   3000  train 2.8788e-07  test 1.2550e+01  (19 epochs/s)
epoch   3100  train 2.8408e-07  test 1.1906e+01  (19 epochs/s)
epoch   3200  train 2.8055e-07  test 1.1226e+01  (19 epochs/s)
epoch   3300  train 2.7637e-07  test 1.0495e+01  (19 epochs/s)
epoch   3400  train 2.7169e-07  test 9.7063e+00  (19 epochs/s)
epoch   3500  train 2.6640e-07  test 8.8632e+00  (19 epochs/s)
epoch   3600  train 2.6019e-07  test 7.9577e+00  (19 epochs/s)
epoch   3700  train 2.5404e-07  test 7.0119e+00  (19 epochs/s)
epoch   3800  train 2.4757e-07  test 6.0530e+00  (19 epochs/s)
epoch   3900  train 2.4023e-07  test 5.0781e+00  (19 epochs/s)
epoch   4000  train 2.3245e-07  test 4.1061e+00  (19 epochs/s)
epoch   4100  train 2.2409e-07  test 3.1784e+00  (19 epochs/s)
epoch   4200  train 2.1498e-07  test 2.3298e+00  (19 epochs/s)
epoch   4300  train 2.0499e-07  test 1.5920e+00  (19 epochs/s)
epoch   4400  train 1.9480e-07  test 1.0003e+00  (19 epochs/s)
epoch   4500  train 1.8580e-07  test 5.7675e-01  (19 epochs/s)
epoch   4600  train 1.7699e-07  test 3.0493e-01  (19 epochs/s)
epoch   4700  train 1.6909e-07  test 1.4568e-01  (19 epochs/s)
epoch   4800  train 1.6292e-07  test 6.6067e-02  (19 epochs/s)
epoch   4900  train 1.5814e-07  test 3.0053e-02  (19 epochs/s)
epoch   5000  train 1.5408e-07  test 1.4772e-02  (19 epochs/s)
epoch   5100  train 1.5058e-07  test 7.7452e-03  (19 epochs/s)
epoch   5200  train 1.4748e-07  test 4.3694e-03  (19 epochs/s)
epoch   5300  train 1.4464e-07  test 2.6808e-03  (19 epochs/s)
epoch   5400  train 1.4220e-07  test 1.7356e-03  (19 epochs/s)
epoch   5500  train 1.4022e-07  test 1.1436e-03  (19 epochs/s)
epoch   5600  train 1.3845e-07  test 7.6377e-04  (19 epochs/s)
epoch   5700  train 1.3678e-07  test 4.8742e-04  (19 epochs/s)
epoch   5800  train 1.3523e-07  test 2.9217e-04  (19 epochs/s)
epoch   5900  train 1.3382e-07  test 1.7642e-04  (19 epochs/s)
epoch   6000  train 1.3242e-07  test 1.1735e-04  (19 epochs/s)
epoch   6100  train 1.3101e-07  test 8.0556e-05  (19 epochs/s)
epoch   6200  train 1.2977e-07  test 5.7417e-05  (19 epochs/s)
epoch   6300  train 1.2855e-07  test 4.3376e-05  (19 epochs/s)
epoch   6400  train 1.2750e-07  test 3.2006e-05  (19 epochs/s)
epoch   6500  train 1.2649e-07  test 2.3913e-05  (19 epochs/s)
epoch   6600  train 1.2545e-07  test 1.8171e-05  (19 epochs/s)
epoch   6700  train 1.2453e-07  test 1.3973e-05  (19 epochs/s)
epoch   6800  train 1.2351e-07  test 1.1108e-05  (19 epochs/s)
epoch   6900  train 1.2243e-07  test 9.0228e-06  (19 epochs/s)
epoch   7000  train 1.2139e-07  test 7.3295e-06  (19 epochs/s)
epoch   7100  train 1.2045e-07  test 6.1159e-06  (19 epochs/s)
epoch   7200  train 1.1957e-07  test 5.1753e-06  (19 epochs/s)
epoch   7300  train 1.1875e-07  test 4.4215e-06  (19 epochs/s)
epoch   7400  train 1.1807e-07  test 3.8748e-06  (19 epochs/s)
epoch   7500  train 1.1752e-07  test 3.4545e-06  (19 epochs/s)
epoch   7600  train 1.1706e-07  test 3.1223e-06  (19 epochs/s)
epoch   7700  train 1.1668e-07  test 2.8604e-06  (19 epochs/s)
epoch   7800  train 1.1634e-07  test 2.6379e-06  (19 epochs/s)
epoch   7900  train 1.1604e-07  test 2.4387e-06  (19 epochs/s)
epoch   8000  train 1.1578e-07  test 2.2776e-06  (19 epochs/s)
epoch   8100  train 1.1553e-07  test 2.1484e-06  (19 epochs/s)
epoch   8200  train 1.1531e-07  test 2.0384e-06  (19 epochs/s)
epoch   8300  train 1.1511e-07  test 1.9577e-06  (19 epochs/s)
epoch   8400  train 1.1492e-07  test 1.8895e-06  (19 epochs/s)
epoch   8500  train 1.1475e-07  test 1.8239e-06  (19 epochs/s)
epoch   8600  train 1.1459e-07  test 1.7633e-06  (19 epochs/s)
epoch   8700  train 1.1443e-07  test 1.7116e-06  (19 epochs/s)
epoch   8800  train 1.1430e-07  test 1.6763e-06  (19 epochs/s)
epoch   8900  train 1.1416e-07  test 1.6409e-06  (19 epochs/s)
epoch   9000  train 1.1404e-07  test 1.6067e-06  (19 epochs/s)
epoch   9100  train 1.1391e-07  test 1.5599e-06  (19 epochs/s)
epoch   9200  train 1.1380e-07  test 1.5332e-06  (19 epochs/s)
epoch   9300  train 1.1369e-07  test 1.4973e-06  (19 epochs/s)
epoch   9400  train 1.1359e-07  test 1.4589e-06  (19 epochs/s)
epoch   9500  train 1.1350e-07  test 1.4149e-06  (19 epochs/s)
epoch   9600  train 1.1341e-07  test 1.3725e-06  (19 epochs/s)
epoch   9700  train 1.1333e-07  test 1.3395e-06  (19 epochs/s)
epoch   9800  train 1.1325e-07  test 1.3051e-06  (19 epochs/s)
epoch   9900  train 1.1317e-07  test 1.2764e-06  (19 epochs/s)
epoch  10000  train 1.1310e-07  test 1.2494e-06  (19 epochs/s)
epoch  10100  train 1.1303e-07  test 1.2263e-06  (19 epochs/s)
epoch  10200  train 1.1296e-07  test 1.2041e-06  (19 epochs/s)
epoch  10300  train 1.1290e-07  test 1.1832e-06  (19 epochs/s)
epoch  10400  train 1.1283e-07  test 1.1621e-06  (19 epochs/s)
epoch  10500  train 1.1278e-07  test 1.1457e-06  (19 epochs/s)
epoch  10600  train 1.1272e-07  test 1.1307e-06  (19 epochs/s)
epoch  10700  train 1.1267e-07  test 1.1175e-06  (19 epochs/s)
epoch  10800  train 1.1261e-07  test 1.1062e-06  (19 epochs/s)
epoch  10900  train 1.1257e-07  test 1.0942e-06  (19 epochs/s)
epoch  11000  train 1.1252e-07  test 1.0852e-06  (19 epochs/s)
epoch  11100  train 1.1247e-07  test 1.0773e-06  (19 epochs/s)
epoch  11200  train 1.1243e-07  test 1.0713e-06  (19 epochs/s)
epoch  11300  train 1.1238e-07  test 1.0663e-06  (19 epochs/s)
epoch  11400  train 1.1234e-07  test 1.0605e-06  (19 epochs/s)
epoch  11500  train 1.1230e-07  test 1.0563e-06  (19 epochs/s)
epoch  11600  train 1.1226e-07  test 1.0522e-06  (19 epochs/s)
epoch  11700  train 1.1223e-07  test 1.0486e-06  (19 epochs/s)
epoch  11800  train 1.1219e-07  test 1.0439e-06  (19 epochs/s)
epoch  11900  train 1.1215e-07  test 1.0400e-06  (19 epochs/s)
epoch  12000  train 1.1211e-07  test 1.0367e-06  (19 epochs/s)
epoch  12100  train 1.1207e-07  test 1.0341e-06  (19 epochs/s)
epoch  12200  train 1.1204e-07  test 1.0302e-06  (19 epochs/s)
epoch  12300  train 1.1201e-07  test 1.0273e-06  (19 epochs/s)
epoch  12400  train 1.1197e-07  test 1.0238e-06  (19 epochs/s)
epoch  12500  train 1.1194e-07  test 1.0205e-06  (19 epochs/s)
epoch  12600  train 1.1191e-07  test 1.0198e-06  (19 epochs/s)
epoch  12700  train 1.1188e-07  test 1.0193e-06  (19 epochs/s)
epoch  12800  train 1.1185e-07  test 1.0189e-06  (19 epochs/s)
epoch  12900  train 1.1182e-07  test 1.0166e-06  (19 epochs/s)
epoch  13000  train 1.1179e-07  test 1.0144e-06  (19 epochs/s)=== orthWE p-113 data 3604 init 54735 (20:33:07) ===
nohup: setsid: No such file or directory
=== orthWE p-113 data 3604 init 54735 (20:33:58) ===
train: 3830  test: 8939
epoch    100  train 1.3400e+00  test 8.8516e+00  (30 epochs/s)
epoch    200  train 1.5420e-02  test 1.5007e+01  (20 epochs/s)
epoch    300  train 5.3042e-03  test 1.5348e+01  (21 epochs/s)
epoch    400  train 1.7317e-03  test 1.5964e+01  (22 epochs/s)
epoch    500  train 5.7607e-04  test 1.6632e+01  (23 epochs/s)
epoch    600  train 1.9420e-04  test 1.7309e+01  (23 epochs/s)
epoch    700  train 6.6344e-05  test 1.7952e+01  (24 epochs/s)
epoch    800  train 2.3088e-05  test 1.8564e+01  (24 epochs/s)
epoch    900  train 8.2620e-06  test 1.9118e+01  (24 epochs/s)
epoch   1000  train 3.1365e-06  test 1.9579e+01  (24 epochs/s)
epoch   1100  train 1.3349e-06  test 1.9888e+01  (24 epochs/s)
epoch   1200  train 6.8325e-07  test 2.0008e+01  (24 epochs/s)
epoch   1300  train 4.4211e-07  test 1.9934e+01  (24 epochs/s)
epoch   1400  train 3.5606e-07  test 1.9673e+01  (24 epochs/s)
epoch   1500  train 3.3030e-07  test 1.9298e+01  (24 epochs/s)
epoch   1600  train 3.2347e-07  test 1.8885e+01  (25 epochs/s)
epoch   1700  train 3.2099e-07  test 1.8460e+01  (24 epochs/s)
epoch   1800  train 3.1881e-07  test 1.8026e+01  (24 epochs/s)
epoch   1900  train 3.1685e-07  test 1.7586e+01  (24 epochs/s)
epoch   2000  train 3.1449e-07  test 1.7141e+01  (24 epochs/s)
epoch   2100  train 3.1194e-07  test 1.6688e+01  (24 epochs/s)
epoch   2200  train 3.0943e-07  test 1.6228e+01  (24 epochs/s)
epoch   2300  train 3.0671e-07  test 1.5747e+01  (24 epochs/s)
epoch   2400  train 3.0378e-07  test 1.5246e+01  (24 epochs/s)
epoch   2500  train 3.0077e-07  test 1.4719e+01  (24 epochs/s)
epoch   2600  train 2.9764e-07  test 1.4163e+01  (24 epochs/s)
epoch   2700  train 2.9443e-07  test 1.3584e+01  (24 epochs/s)
epoch   2800  train 2.9127e-07  test 1.2979e+01  (24 epochs/s)
epoch   2900  train 2.8758e-07  test 1.2343e+01  (24 epochs/s)
epoch   3000  train 2.8364e-07  test 1.1662e+01  (24 epochs/s)
epoch   3100  train 2.7933e-07  test 1.0929e+01  (24 epochs/s)
epoch   3200  train 2.7505e-07  test 1.0160e+01  (24 epochs/s)
epoch   3300  train 2.7032e-07  test 9.3446e+00  (24 epochs/s)
epoch   3400  train 2.6518e-07  test 8.4909e+00  (23 epochs/s)
epoch   3500  train 2.5962e-07  test 7.6178e+00  (23 epochs/s)
epoch   3600  train 2.5378e-07  test 6.7388e+00  (23 epochs/s)
epoch   3700  train 2.4767e-07  test 5.8484e+00  (23 epochs/s)
epoch   3800  train 2.4103e-07  test 4.9515e+00  (23 epochs/s)
epoch   3900  train 2.3380e-07  test 4.0640e+00  (23 epochs/s)
epoch   4000  train 2.2619e-07  test 3.2068e+00  (23 epochs/s)
epoch   4100  train 2.1823e-07  test 2.4174e+00  (23 epochs/s)
epoch   4200  train 2.0954e-07  test 1.7169e+00  (23 epochs/s)
epoch   4300  train 1.9994e-07  test 1.1315e+00  (23 epochs/s)
epoch   4400  train 1.8997e-07  test 6.8002e-01  (23 epochs/s)
epoch   4500  train 1.7970e-07  test 3.6171e-01  (23 epochs/s)
epoch   4600  train 1.7111e-07  test 1.6914e-01  (23 epochs/s)
epoch   4700  train 1.6377e-07  test 7.1972e-02  (23 epochs/s)
epoch   4800  train 1.5767e-07  test 2.9464e-02  (23 epochs/s)
epoch   4900  train 1.5246e-07  test 1.2497e-02  (23 epochs/s)
epoch   5000  train 1.4789e-07  test 5.8533e-03  (22 epochs/s)
epoch   5100  train 1.4376e-07  test 2.9650e-03  (22 epochs/s)
epoch   5200  train 1.3999e-07  test 1.5491e-03  (22 epochs/s)
epoch   5300  train 1.3631e-07  test 7.8291e-04  (22 epochs/s)
epoch   5400  train 1.3294e-07  test 3.5649e-04  (22 epochs/s)
epoch   5500  train 1.2981e-07  test 1.4472e-04  (22 epochs/s)
epoch   5600  train 1.2708e-07  test 6.4711e-05  (22 epochs/s)
epoch   5700  train 1.2468e-07  test 3.2809e-05  (22 epochs/s)
epoch   5800  train 1.2243e-07  test 1.8823e-05  (22 epochs/s)
epoch   5900  train 1.2054e-07  test 1.1768e-05  (22 epochs/s)
epoch   6000  train 1.1879e-07  test 7.9106e-06  (22 epochs/s)
epoch   6100  train 1.1732e-07  test 5.7219e-06  (22 epochs/s)
epoch   6200  train 1.1614e-07  test 4.5501e-06  (22 epochs/s)
epoch   6300  train 1.1523e-07  test 3.9665e-06  (22 epochs/s)
epoch   6400  train 1.1446e-07  test 3.6287e-06  (22 epochs/s)
epoch   6500  train 1.1380e-07  test 3.4098e-06  (22 epochs/s)
epoch   6600  train 1.1320e-07  test 3.1639e-06  (22 epochs/s)
epoch   6700  train 1.1273e-07  test 2.8837e-06  (22 epochs/s)
epoch   6800  train 1.1227e-07  test 2.6063e-06  (22 epochs/s)
epoch   6900  train 1.1187e-07  test 2.3128e-06  (22 epochs/s)
epoch   7000  train 1.1148e-07  test 2.0657e-06  (22 epochs/s)
epoch   7100  train 1.1115e-07  test 1.8145e-06  (22 epochs/s)
epoch   7200  train 1.1082e-07  test 1.5669e-06  (22 epochs/s)
epoch   7300  train 1.1051e-07  test 1.3696e-06  (22 epochs/s)
epoch   7400  train 1.1020e-07  test 1.2116e-06  (22 epochs/s)
epoch   7500  train 1.0991e-07  test 1.0653e-06  (22 epochs/s)
epoch   7600  train 1.0962e-07  test 9.5088e-07  (22 epochs/s)
epoch   7700  train 1.0935e-07  test 8.5990e-07  (22 epochs/s)
epoch   7800  train 1.0908e-07  test 7.8866e-07  (22 epochs/s)
epoch   7900  train 1.0881e-07  test 7.3066e-07  (21 epochs/s)
epoch   8000  train 1.0856e-07  test 6.8230e-07  (21 epochs/s)
epoch   8100  train 1.0832e-07  test 6.4532e-07  (21 epochs/s)
epoch   8200  train 1.0809e-07  test 6.1572e-07  (21 epochs/s)
epoch   8300  train 1.0787e-07  test 5.9047e-07  (21 epochs/s)
epoch   8400  train 1.0768e-07  test 5.6730e-07  (21 epochs/s)
epoch   8500  train 1.0751e-07  test 5.4569e-07  (20 epochs/s)
epoch   8600  train 1.0734e-07  test 5.2872e-07  (20 epochs/s)
epoch   8700  train 1.0719e-07  test 5.1453e-07  (20 epochs/s)
epoch   8800  train 1.0705e-07  test 5.0098e-07  (20 epochs/s)
epoch   8900  train 1.0692e-07  test 4.9056e-07  (20 epochs/s)
epoch   9000  train 1.0679e-07  test 4.8104e-07  (20 epochs/s)
epoch   9100  train 1.0669e-07  test 4.7317e-07  (20 epochs/s)
epoch   9200  train 1.0659e-07  test 4.6541e-07  (20 epochs/s)
epoch   9300  train 1.0648e-07  test 4.5865e-07  (20 epochs/s)
epoch   9400  train 1.0639e-07  test 4.5220e-07  (20 epochs/s)
epoch   9500  train 1.0632e-07  test 4.4624e-07  (20 epochs/s)
epoch   9600  train 1.0623e-07  test 4.3997e-07  (20 epochs/s)
epoch   9700  train 1.0616e-07  test 4.3420e-07  (20 epochs/s)
epoch   9800  train 1.0609e-07  test 4.2838e-07  (20 epochs/s)
epoch   9900  train 1.0602e-07  test 4.2324e-07  (20 epochs/s)
epoch  10000  train 1.0596e-07  test 4.1872e-07  (20 epochs/s)
epoch  10100  train 1.0591e-07  test 4.1482e-07  (20 epochs/s)
epoch  10200  train 1.0585e-07  test 4.1091e-07  (20 epochs/s)
epoch  10300  train 1.0580e-07  test 4.0638e-07  (20 epochs/s)
epoch  10400  train 1.0574e-07  test 4.0319e-07  (20 epochs/s)
epoch  10500  train 1.0569e-07  test 4.0016e-07  (20 epochs/s)
epoch  10600  train 1.0563e-07  test 3.9735e-07  (20 epochs/s)
epoch  10700  train 1.0558e-07  test 3.9471e-07  (20 epochs/s)
epoch  10800  train 1.0554e-07  test 3.9229e-07  (20 epochs/s)
epoch  10900  train 1.0549e-07  test 3.9000e-07  (20 epochs/s)
epoch  11000  train 1.0545e-07  test 3.8756e-07  (20 epochs/s)
epoch  11100  train 1.0541e-07  test 3.8561e-07  (20 epochs/s)
epoch  11200  train 1.0537e-07  test 3.8329e-07  (20 epochs/s)
epoch  11300  train 1.0533e-07  test 3.8106e-07  (20 epochs/s)
epoch  11400  train 1.0529e-07  test 3.7911e-07  (20 epochs/s)
epoch  11500  train 1.0525e-07  test 3.7770e-07  (20 epochs/s)
epoch  11600  train 1.0521e-07  test 3.7596e-07  (20 epochs/s)
epoch  11700  train 1.0518e-07  test 3.7436e-07  (20 epochs/s)
epoch  11800  train 1.0514e-07  test 3.7282e-07  (20 epochs/s)
epoch  11900  train 1.0511e-07  test 3.7138e-07  (20 epochs/s)
epoch  12000  train 1.0507e-07  test 3.7001e-07  (20 epochs/s)
epoch  12100  train 1.0504e-07  test 3.6887e-07  (20 epochs/s)
epoch  12200  train 1.0501e-07  test 3.6795e-07  (20 epochs/s)
epoch  12300  train 1.0498e-07  test 3.6701e-07  (20 epochs/s)
epoch  12400  train 1.0495e-07  test 3.6593e-07  (20 epochs/s)
epoch  12500  train 1.0492e-07  test 3.6480e-07  (20 epochs/s)
epoch  12600  train 1.0489e-07  test 3.6340e-07  (20 epochs/s)
epoch  12700  train 1.0486e-07  test 3.6187e-07  (21 epochs/s)
epoch  12800  train 1.0483e-07  test 3.6094e-07  (21 epochs/s)
epoch  12900  train 1.0480e-07  test 3.6010e-07  (21 epochs/s)
epoch  13000  train 1.0477e-07  test 3.5931e-07  (21 epochs/s)
epoch  13100  train 1.0474e-07  test 3.5845e-07  (21 epochs/s)
epoch  13200  train 1.0471e-07  test 3.5760e-07  (21 epochs/s)
epoch  13300  train 1.0468e-07  test 3.5672e-07  (21 epochs/s)
epoch  13400  train 1.0466e-07  test 3.5587e-07  (21 epochs/s)
epoch  13500  train 1.0463e-07  test 3.5517e-07  (21 epochs/s)
epoch  13600  train 1.0460e-07  test 3.5449e-07  (21 epochs/s)
epoch  13700  train 1.0457e-07  test 3.5360e-07  (21 epochs/s)
epoch  13800  train 1.0455e-07  test 3.5288e-07  (21 epochs/s)
epoch  13900  train 1.0452e-07  test 3.5216e-07  (21 epochs/s)
epoch  14000  train 1.0449e-07  test 3.5141e-07  (21 epochs/s)
epoch  14100  train 1.0447e-07  test 3.5065e-07  (21 epochs/s)
epoch  14200  train 1.0444e-07  test 3.4993e-07  (21 epochs/s)
epoch  14300  train 1.0442e-07  test 3.4929e-07  (21 epochs/s)
epoch  14400  train 1.0439e-07  test 3.4860e-07  (21 epochs/s)
epoch  14500  train 1.0437e-07  test 3.4802e-07  (21 epochs/s)
epoch  14600  train 1.0434e-07  test 3.4742e-07  (21 epochs/s)
epoch  14700  train 1.0432e-07  test 3.4685e-07  (21 epochs/s)
epoch  14800  train 1.0430e-07  test 3.4634e-07  (21 epochs/s)
epoch  14900  train 1.0427e-07  test 3.4587e-07  (21 epochs/s)
epoch  15000  train 1.0425e-07  test 3.4532e-07  (21 epochs/s)
epoch  15100  train 1.0423e-07  test 3.4470e-07  (21 epochs/s)
epoch  15200  train 1.0420e-07  test 3.4412e-07  (21 epochs/s)
epoch  15300  train 1.0418e-07  test 3.4362e-07  (21 epochs/s)
epoch  15400  train 1.0416e-07  test 3.4311e-07  (21 epochs/s)
epoch  15500  train 1.0414e-07  test 3.4246e-07  (21 epochs/s)
epoch  15600  train 1.0412e-07  test 3.4192e-07  (21 epochs/s)
epoch  15700  train 1.0410e-07  test 3.4123e-07  (21 epochs/s)
epoch  15800  train 1.0407e-07  test 3.4055e-07  (21 epochs/s)
epoch  15900  train 1.0405e-07  test 3.3995e-07  (21 epochs/s)
epoch  16000  train 1.0403e-07  test 3.3935e-07  (21 epochs/s)
epoch  16100  train 1.0401e-07  test 3.3880e-07  (21 epochs/s)
epoch  16200  train 1.0399e-07  test 3.3832e-07  (21 epochs/s)
epoch  16300  train 1.0397e-07  test 3.3781e-07  (21 epochs/s)
epoch  16400  train 1.0395e-07  test 3.3714e-07  (21 epochs/s)
epoch  16500  train 1.0393e-07  test 3.3644e-07  (21 epochs/s)
epoch  16600  train 1.0391e-07  test 3.3581e-07  (21 epochs/s)
epoch  16700  train 1.0389e-07  test 3.3523e-07  (21 epochs/s)
epoch  16800  train 1.0387e-07  test 3.3470e-07  (21 epochs/s)
epoch  16900  train 1.0386e-07  test 3.3400e-07  (21 epochs/s)
epoch  17000  train 1.0384e-07  test 3.3330e-07  (21 epochs/s)
epoch  17100  train 1.0382e-07  test 3.3277e-07  (21 epochs/s)
epoch  17200  train 1.0380e-07  test 3.3213e-07  (21 epochs/s)
epoch  17300  train 1.0378e-07  test 3.3138e-07  (21 epochs/s)
epoch  17400  train 1.0377e-07  test 3.3079e-07  (21 epochs/s)
epoch  17500  train 1.0375e-07  test 3.3015e-07  (21 epochs/s)
epoch  17600  train 1.0373e-07  test 3.2955e-07  (21 epochs/s)
epoch  17700  train 1.0372e-07  test 3.2899e-07  (21 epochs/s)
epoch  17800  train 1.0370e-07  test 3.2843e-07  (21 epochs/s)
epoch  17900  train 1.0368e-07  test 3.2790e-07  (21 epochs/s)
epoch  18000  train 1.0367e-07  test 3.2740e-07  (21 epochs/s)
epoch  18100  train 1.0365e-07  test 3.2689e-07  (21 epochs/s)
epoch  18200  train 1.0364e-07  test 3.2640e-07  (21 epochs/s)
epoch  18300  train 1.0362e-07  test 3.2592e-07  (21 epochs/s)
epoch  18400  train 1.0360e-07  test 3.2555e-07  (21 epochs/s)
epoch  18500  train 1.0359e-07  test 3.2507e-07  (21 epochs/s)
epoch  18600  train 1.0357e-07  test 3.2457e-07  (21 epochs/s)
epoch  18700  train 1.0356e-07  test 3.2403e-07  (21 epochs/s)
epoch  18800  train 1.0354e-07  test 3.2345e-07  (21 epochs/s)
epoch  18900  train 1.0353e-07  test 3.2299e-07  (21 epochs/s)
epoch  19000  train 1.0351e-07  test 3.2248e-07  (21 epochs/s)
epoch  19100  train 1.0350e-07  test 3.2197e-07  (21 epochs/s)
epoch  19200  train 1.0348e-07  test 3.2141e-07  (21 epochs/s)
epoch  19300  train 1.0347e-07  test 3.2091e-07  (21 epochs/s)
epoch  19400  train 1.0346e-07  test 3.2053e-07  (21 epochs/s)
epoch  19500  train 1.0344e-07  test 3.2011e-07  (21 epochs/s)
epoch  19600  train 1.0343e-07  test 3.1973e-07  (21 epochs/s)
epoch  19700  train 1.0341e-07  test 3.1936e-07  (21 epochs/s)
epoch  19800  train 1.0340e-07  test 3.1888e-07  (21 epochs/s)
epoch  19900  train 1.0338e-07  test 3.1842e-07  (21 epochs/s)
epoch  20000  train 1.0337e-07  test 3.1796e-07  (21 epochs/s)
done: 20000 epochs in 967s -> runs/orthWE/p-113/seed3604/seed54735
=== orthWE p-113 data 3604 init 66433 (20:50:06) ===
train: 3830  test: 8939
epoch    100  train 1.3570e+00  test 8.8972e+00  (10 epochs/s)
epoch    200  train 1.6952e-02  test 1.5459e+01  (9 epochs/s)
epoch    300  train 5.8333e-03  test 1.5973e+01  (10 epochs/s)
epoch    400  train 1.9069e-03  test 1.6792e+01  (11 epochs/s)
epoch    500  train 6.3705e-04  test 1.7696e+01  (12 epochs/s)
epoch    600  train 2.1568e-04  test 1.8648e+01  (12 epochs/s)
epoch    700  train 7.4037e-05  test 1.9610e+01  (13 epochs/s)
epoch    800  train 2.5853e-05  test 2.0568e+01  (13 epochs/s)
epoch    900  train 9.2795e-06  test 2.1486e+01  (13 epochs/s)
epoch   1000  train 3.5197e-06  test 2.2334e+01  (12 epochs/s)
epoch   1100  train 1.4865e-06  test 2.3060e+01  (12 epochs/s)
epoch   1200  train 7.5039e-07  test 2.3586e+01  (12 epochs/s)
epoch   1300  train 4.7777e-07  test 2.3854e+01  (13 epochs/s)
epoch   1400  train 3.8032e-07  test 2.3872e+01  (13 epochs/s)
epoch   1500  train 3.5103e-07  test 2.3723e+01  (13 epochs/s)
epoch   1600  train 3.4385e-07  test 2.3505e+01  (13 epochs/s)
epoch   1700  train 3.4178e-07  test 2.3276e+01  (13 epochs/s)
epoch   1800  train 3.4033e-07  test 2.3042e+01  (13 epochs/s)
epoch   1900  train 3.3882e-07  test 2.2811e+01  (13 epochs/s)
epoch   2000  train 3.3734e-07  test 2.2576e+01  (12 epochs/s)
epoch   2100  train 3.3588e-07  test 2.2341e+01  (13 epochs/s)
epoch   2200  train 3.3433e-07  test 2.2111e+01  (13 epochs/s)
epoch   2300  train 3.3241e-07  test 2.1872e+01  (13 epochs/s)
epoch   2400  train 3.3059e-07  test 2.1629e+01  (13 epochs/s)
epoch   2500  train 3.2900e-07  test 2.1389e+01  (13 epochs/s)
epoch   2600  train 3.2735e-07  test 2.1154e+01  (13 epochs/s)
epoch   2700  train 3.2606e-07  test 2.0923e+01  (14 epochs/s)
epoch   2800  train 3.2418e-07  test 2.0688e+01  (14 epochs/s)
epoch   2900  train 3.2253e-07  test 2.0453e+01  (14 epochs/s)
epoch   3000  train 3.2102e-07  test 2.0218e+01  (14 epochs/s)
epoch   3100  train 3.1954e-07  test 1.9983e+01  (14 epochs/s)
epoch   3200  train 3.1803e-07  test 1.9748e+01  (15 epochs/s)
epoch   3300  train 3.1666e-07  test 1.9508e+01  (15 epochs/s)
epoch   3400  train 3.1513e-07  test 1.9261e+01  (15 epochs/s)
epoch   3500  train 3.1365e-07  test 1.9012e+01  (15 epochs/s)
epoch   3600  train 3.1222e-07  test 1.8756e+01  (15 epochs/s)
epoch   3700  train 3.1051e-07  test 1.8488e+01  (15 epochs/s)
epoch   3800  train 3.0911e-07  test 1.8209e+01  (16 epochs/s)
epoch   3900  train 3.0734e-07  test 1.7918e+01  (16 epochs/s)
epoch   4000  train 3.0572e-07  test 1.7616e+01  (16 epochs/s)
epoch   4100  train 3.0424e-07  test 1.7308e+01  (16 epochs/s)
epoch   4200  train 3.0271e-07  test 1.6989e+01  (16 epochs/s)
epoch   4300  train 3.0103e-07  test 1.6653e+01  (16 epochs/s)
epoch   4400  train 2.9917e-07  test 1.6308e+01  (16 epochs/s)
epoch   4500  train 2.9750e-07  test 1.5942e+01  (17 epochs/s)
epoch   4600  train 2.9557e-07  test 1.5556e+01  (17 epochs/s)
epoch   4700  train 2.9356e-07  test 1.5146e+01  (17 epochs/s)
epoch   4800  train 2.9156e-07  test 1.4709e+01  (17 epochs/s)
epoch   4900  train 2.8919e-07  test 1.4235e+01  (17 epochs/s)
epoch   5000  train 2.8682e-07  test 1.3717e+01  (17 epochs/s)
epoch   5100  train 2.8382e-07  test 1.3144e+01  (17 epochs/s)
epoch   5200  train 2.8062e-07  test 1.2505e+01  (17 epochs/s)
epoch   5300  train 2.7702e-07  test 1.1808e+01  (17 epochs/s)
epoch   5400  train 2.7310e-07  test 1.1026e+01  (18 epochs/s)
epoch   5500  train 2.6831e-07  test 1.0159e+01  (18 epochs/s)
epoch   5600  train 2.6309e-07  test 9.1952e+00  (18 epochs/s)
epoch   5700  train 2.5648e-07  test 8.1205e+00  (18 epochs/s)
epoch   5800  train 2.4864e-07  test 6.9319e+00  (18 epochs/s)
epoch   5900  train 2.3997e-07  test 5.6632e+00  (18 epochs/s)
epoch   6000  train 2.3006e-07  test 4.3641e+00  (18 epochs/s)
epoch   6100  train 2.1850e-07  test 3.1024e+00  (18 epochs/s)
epoch   6200  train 2.0698e-07  test 2.0024e+00  (18 epochs/s)
epoch   6300  train 1.9557e-07  test 1.1677e+00  (18 epochs/s)
epoch   6400  train 1.8508e-07  test 6.2984e-01  (18 epochs/s)
epoch   6500  train 1.7514e-07  test 3.2457e-01  (19 epochs/s)
epoch   6600  train 1.6626e-07  test 1.6556e-01  (19 epochs/s)
epoch   6700  train 1.5908e-07  test 8.8022e-02  (19 epochs/s)
epoch   6800  train 1.5278e-07  test 4.9157e-02  (19 epochs/s)
epoch   6900  train 1.4683e-07  test 2.9211e-02  (19 epochs/s)
epoch   7000  train 1.4172e-07  test 1.8289e-02  (19 epochs/s)
epoch   7100  train 1.3725e-07  test 1.1404e-02  (19 epochs/s)
epoch   7200  train 1.3344e-07  test 6.8346e-03  (19 epochs/s)
epoch   7300  train 1.2996e-07  test 3.9583e-03  (19 epochs/s)
epoch   7400  train 1.2732e-07  test 2.3433e-03  (19 epochs/s)
epoch   7500  train 1.2514e-07  test 1.4647e-03  (19 epochs/s)
epoch   7600  train 1.2320e-07  test 9.2262e-04  (19 epochs/s)
epoch   7700  train 1.2177e-07  test 6.1024e-04  (19 epochs/s)
epoch   7800  train 1.2041e-07  test 4.3195e-04  (19 epochs/s)
epoch   7900  train 1.1927e-07  test 3.1065e-04  (20 epochs/s)
epoch   8000  train 1.1833e-07  test 2.2512e-04  (20 epochs/s)
epoch   8100  train 1.1748e-07  test 1.6246e-04  (20 epochs/s)
epoch   8200  train 1.1671e-07  test 1.1653e-04  (20 epochs/s)
epoch   8300  train 1.1605e-07  test 8.6046e-05  (20 epochs/s)
epoch   8400  train 1.1547e-07  test 6.1394e-05  (20 epochs/s)
epoch   8500  train 1.1493e-07  test 4.6817e-05  (20 epochs/s)
epoch   8600  train 1.1444e-07  test 3.9241e-05  (20 epochs/s)
epoch   8700  train 1.1399e-07  test 3.4922e-05  (20 epochs/s)
epoch   8800  train 1.1361e-07  test 3.3278e-05  (20 epochs/s)
epoch   8900  train 1.1322e-07  test 3.0622e-05  (20 epochs/s)
epoch   9000  train 1.1290e-07  test 2.9153e-05  (20 epochs/s)
epoch   9100  train 1.1260e-07  test 2.7550e-05  (20 epochs/s)
epoch   9200  train 1.1232e-07  test 2.5359e-05  (20 epochs/s)
epoch   9300  train 1.1206e-07  test 2.3230e-05  (20 epochs/s)
epoch   9400  train 1.1181e-07  test 2.1688e-05  (20 epochs/s)
epoch   9500  train 1.1159e-07  test 2.0510e-05  (20 epochs/s)
epoch   9600  train 1.1138e-07  test 1.9383e-05  (20 epochs/s)
epoch   9700  train 1.1117e-07  test 1.8157e-05  (21 epochs/s)
epoch   9800  train 1.1099e-07  test 1.6756e-05  (21 epochs/s)
epoch   9900  train 1.1080e-07  test 1.5024e-05  (21 epochs/s)
epoch  10000  train 1.1061e-07  test 1.3908e-05  (21 epochs/s)
epoch  10100  train 1.1042e-07  test 1.2627e-05  (21 epochs/s)
epoch  10200  train 1.1022e-07  test 1.0885e-05  (21 epochs/s)
epoch  10300  train 1.1002e-07  test 9.1503e-06  (21 epochs/s)
epoch  10400  train 1.0980e-07  test 7.5064e-06  (21 epochs/s)
epoch  10500  train 1.0954e-07  test 6.0335e-06  (21 epochs/s)
epoch  10600  train 1.0925e-07  test 4.8385e-06  (21 epochs/s)
epoch  10700  train 1.0888e-07  test 3.8215e-06  (21 epochs/s)
epoch  10800  train 1.0843e-07  test 2.9186e-06  (21 epochs/s)
epoch  10900  train 1.0788e-07  test 2.1459e-06  (21 epochs/s)
epoch  11000  train 1.0723e-07  test 1.5378e-06  (21 epochs/s)
epoch  11100  train 1.0647e-07  test 1.0835e-06  (21 epochs/s)
epoch  11200  train 1.0560e-07  test 7.8057e-07  (21 epochs/s)
epoch  11300  train 1.0466e-07  test 5.8855e-07  (21 epochs/s)
epoch  11400  train 1.0362e-07  test 4.6044e-07  (21 epochs/s)
epoch  11500  train 1.0253e-07  test 3.7856e-07  (21 epochs/s)
epoch  11600  train 1.0139e-07  test 3.2543e-07  (21 epochs/s)
epoch  11700  train 1.0027e-07  test 2.9103e-07  (21 epochs/s)
epoch  11800  train 9.9217e-08  test 2.6772e-07  (21 epochs/s)
epoch  11900  train 9.8312e-08  test 2.5275e-07  (21 epochs/s)
epoch  12000  train 9.7600e-08  test 2.4232e-07  (21 epochs/s)
epoch  12100  train 9.7072e-08  test 2.3489e-07  (21 epochs/s)
epoch  12200  train 9.6699e-08  test 2.2984e-07  (22 epochs/s)
epoch  12300  train 9.6436e-08  test 2.2615e-07  (22 epochs/s)
epoch  12400  train 9.6255e-08  test 2.2350e-07  (22 epochs/s)
epoch  12500  train 9.6125e-08  test 2.2133e-07  (22 epochs/s)
epoch  12600  train 9.6027e-08  test 2.1961e-07  (22 epochs/s)
epoch  12700  train 9.5948e-08  test 2.1811e-07  (22 epochs/s)
epoch  12800  train 9.5879e-08  test 2.1682e-07  (22 epochs/s)
epoch  12900  train 9.5821e-08  test 2.1567e-07  (22 epochs/s)
epoch  13000  train 9.5773e-08  test 2.1480e-07  (22 epochs/s)
epoch  13100  train 9.5728e-08  test 2.1391e-07  (22 epochs/s)
epoch  13200  train 9.5685e-08  test 2.1311e-07  (22 epochs/s)
epoch  13300  train 9.5644e-08  test 2.1230e-07  (22 epochs/s)
epoch  13400  train 9.5605e-08  test 2.1161e-07  (22 epochs/s)
epoch  13500  train 9.5565e-08  test 2.1101e-07  (22 epochs/s)
epoch  13600  train 9.5527e-08  test 2.1037e-07  (22 epochs/s)
epoch  13700  train 9.5492e-08  test 2.0975e-07  (22 epochs/s)
epoch  13800  train 9.5456e-08  test 2.0914e-07  (22 epochs/s)
epoch  13900  train 9.5423e-08  test 2.0863e-07  (22 epochs/s)
epoch  14000  train 9.5390e-08  test 2.0816e-07  (22 epochs/s)
epoch  14100  train 9.5362e-08  test 2.0763e-07  (22 epochs/s)
epoch  14200  train 9.5332e-08  test 2.0718e-07  (22 epochs/s)
epoch  14300  train 9.5302e-08  test 2.0671e-07  (22 epochs/s)
epoch  14400  train 9.5272e-08  test 2.0630e-07  (22 epochs/s)
epoch  14500  train 9.5245e-08  test 2.0592e-07  (22 epochs/s)
epoch  14600  train 9.5215e-08  test 2.0546e-07  (22 epochs/s)
epoch  14700  train 9.5190e-08  test 2.0505e-07  (22 epochs/s)
epoch  14800  train 9.5164e-08  test 2.0459e-07  (22 epochs/s)
epoch  14900  train 9.5139e-08  test 2.0414e-07  (22 epochs/s)
epoch  15000  train 9.5113e-08  test 2.0377e-07  (22 epochs/s)
epoch  15100  train 9.5088e-08  test 2.0345e-07  (22 epochs/s)
epoch  15200  train 9.5064e-08  test 2.0308e-07  (22 epochs/s)
epoch  15300  train 9.5041e-08  test 2.0273e-07  (22 epochs/s)
epoch  15400  train 9.5020e-08  test 2.0241e-07  (22 epochs/s)
epoch  15500  train 9.4997e-08  test 2.0210e-07  (23 epochs/s)
epoch  15600  train 9.4975e-08  test 2.0180e-07  (23 epochs/s)
epoch  15700  train 9.4955e-08  test 2.0148e-07  (23 epochs/s)
epoch  15800  train 9.4933e-08  test 2.0115e-07  (23 epochs/s)
epoch  15900  train 9.4914e-08  test 2.0081e-07  (23 epochs/s)
epoch  16000  train 9.4894e-08  test 2.0050e-07  (23 epochs/s)
epoch  16100  train 9.4875e-08  test 2.0018e-07  (23 epochs/s)
epoch  16200  train 9.4856e-08  test 1.9987e-07  (23 epochs/s)
epoch  16300  train 9.4837e-08  test 1.9959e-07  (23 epochs/s)
epoch  16400  train 9.4817e-08  test 1.9933e-07  (23 epochs/s)
epoch  16500  train 9.4800e-08  test 1.9909e-07  (23 epochs/s)
epoch  16600  train 9.4782e-08  test 1.9889e-07  (23 epochs/s)
epoch  16700  train 9.4764e-08  test 1.9872e-07  (23 epochs/s)
epoch  16800  train 9.4748e-08  test 1.9844e-07  (23 epochs/s)
epoch  16900  train 9.4732e-08  test 1.9822e-07  (23 epochs/s)
epoch  17000  train 9.4714e-08  test 1.9801e-07  (23 epochs/s)
epoch  17100  train 9.4697e-08  test 1.9777e-07  (23 epochs/s)
epoch  17200  train 9.4682e-08  test 1.9754e-07  (23 epochs/s)
epoch  17300  train 9.4666e-08  test 1.9735e-07  (23 epochs/s)
epoch  17400  train 9.4651e-08  test 1.9716e-07  (23 epochs/s)
epoch  17500  train 9.4636e-08  test 1.9690e-07  (23 epochs/s)
epoch  17600  train 9.4621e-08  test 1.9670e-07  (23 epochs/s)
epoch  17700  train 9.4605e-08  test 1.9650e-07  (23 epochs/s)
epoch  17800  train 9.4593e-08  test 1.9632e-07  (23 epochs/s)
epoch  17900  train 9.4579e-08  test 1.9614e-07  (23 epochs/s)
epoch  18000  train 9.4564e-08  test 1.9592e-07  (23 epochs/s)
epoch  18100  train 9.4552e-08  test 1.9571e-07  (23 epochs/s)
epoch  18200  train 9.4539e-08  test 1.9553e-07  (23 epochs/s)
epoch  18300  train 9.4526e-08  test 1.9538e-07  (23 epochs/s)
epoch  18400  train 9.4514e-08  test 1.9524e-07  (23 epochs/s)
epoch  18500  train 9.4501e-08  test 1.9508e-07  (23 epochs/s)
epoch  18600  train 9.4490e-08  test 1.9492e-07  (23 epochs/s)
epoch  18700  train 9.4478e-08  test 1.9478e-07  (23 epochs/s)
epoch  18800  train 9.4466e-08  test 1.9466e-07  (23 epochs/s)
epoch  18900  train 9.4455e-08  test 1.9453e-07  (23 epochs/s)
epoch  19000  train 9.4443e-08  test 1.9439e-07  (23 epochs/s)
epoch  19100  train 9.4433e-08  test 1.9427e-07  (23 epochs/s)
epoch  19200  train 9.4422e-08  test 1.9415e-07  (23 epochs/s)
epoch  19300  train 9.4411e-08  test 1.9402e-07  (23 epochs/s)
epoch  19400  train 9.4399e-08  test 1.9389e-07  (23 epochs/s)
epoch  19500  train 9.4388e-08  test 1.9380e-07  (23 epochs/s)
epoch  19600  train 9.4377e-08  test 1.9371e-07  (23 epochs/s)
epoch  19700  train 9.4366e-08  test 1.9361e-07  (23 epochs/s)
epoch  19800  train 9.4356e-08  test 1.9351e-07  (23 epochs/s)
epoch  19900  train 9.4346e-08  test 1.9342e-07  (23 epochs/s)
epoch  20000  train 9.4335e-08  test 1.9332e-07  (23 epochs/s)
done: 20000 epochs in 852s -> runs/orthWE/p-113/seed3604/seed66433
=== orthWE p-113 data 3604 init 777 (21:04:20) ===
train: 3830  test: 8939
epoch    100  train 1.3888e+00  test 9.6564e+00  (29 epochs/s)
epoch    200  train 1.8486e-02  test 1.7401e+01  (27 epochs/s)
epoch    300  train 6.2937e-03  test 1.7957e+01  (27 epochs/s)
epoch    400  train 2.0505e-03  test 1.8861e+01  (27 epochs/s)
epoch    500  train 6.8490e-04  test 1.9841e+01  (28 epochs/s)
epoch    600  train 2.3182e-04  test 2.0889e+01  (28 epochs/s)
epoch    700  train 7.9514e-05  test 2.1940e+01  (28 epochs/s)
epoch    800  train 2.7750e-05  test 2.2968e+01  (28 epochs/s)
epoch    900  train 9.9415e-06  test 2.3969e+01  (28 epochs/s)
epoch   1000  train 3.7610e-06  test 2.4897e+01  (28 epochs/s)
epoch   1100  train 1.5799e-06  test 2.5693e+01  (28 epochs/s)
epoch   1200  train 7.9021e-07  test 2.6277e+01  (28 epochs/s)
epoch   1300  train 4.9710e-07  test 2.6589e+01  (28 epochs/s)
epoch   1400  train 3.9189e-07  test 2.6624e+01  (28 epochs/s)
epoch   1500  train 3.5996e-07  test 2.6462e+01  (28 epochs/s)
epoch   1600  train 3.5202e-07  test 2.6200e+01  (28 epochs/s)
epoch   1700  train 3.5004e-07  test 2.5913e+01  (28 epochs/s)
epoch   1800  train 3.4866e-07  test 2.5624e+01  (28 epochs/s)
epoch   1900  train 3.4708e-07  test 2.5335e+01  (28 epochs/s)
epoch   2000  train 3.4538e-07  test 2.5042e+01  (28 epochs/s)
epoch   2100  train 3.4372e-07  test 2.4732e+01  (28 epochs/s)
epoch   2200  train 3.4174e-07  test 2.4414e+01  (28 epochs/s)
epoch   2300  train 3.3980e-07  test 2.4093e+01  (28 epochs/s)
epoch   2400  train 3.3769e-07  test 2.3765e+01  (28 epochs/s)
epoch   2500  train 3.3570e-07  test 2.3416e+01  (28 epochs/s)
epoch   2600  train 3.3354e-07  test 2.3063e+01  (28 epochs/s)
epoch   2700  train 3.3138e-07  test 2.2693e+01  (28 epochs/s)
epoch   2800  train 3.2916e-07  test 2.2294e+01  (28 epochs/s)
epoch   2900  train 3.2674e-07  test 2.1877e+01  (28 epochs/s)
epoch   3000  train 3.2443e-07  test 2.1442e+01  (28 epochs/s)
epoch   3100  train 3.2208e-07  test 2.0990e+01  (28 epochs/s)
epoch   3200  train 3.2000e-07  test 2.0519e+01  (28 epochs/s)
epoch   3300  train 3.1720e-07  test 2.0013e+01  (28 epochs/s)
epoch   3400  train 3.1442e-07  test 1.9464e+01  (28 epochs/s)
epoch   3500  train 3.1158e-07  test 1.8881e+01  (28 epochs/s)
epoch   3600  train 3.0865e-07  test 1.8250e+01  (28 epochs/s)
epoch   3700  train 3.0541e-07  test 1.7567e+01  (28 epochs/s)
epoch   3800  train 3.0173e-07  test 1.6821e+01  (28 epochs/s)
epoch   3900  train 2.9738e-07  test 1.5983e+01  (28 epochs/s)
epoch   4000  train 2.9292e-07  test 1.5075e+01  (28 epochs/s)
epoch   4100  train 2.8815e-07  test 1.4092e+01  (28 epochs/s)
epoch   4200  train 2.8186e-07  test 1.2995e+01  (28 epochs/s)
epoch   4300  train 2.7520e-07  test 1.1759e+01  (28 epochs/s)
epoch   4400  train 2.6770e-07  test 1.0411e+01  (28 epochs/s)
epoch   4500  train 2.5952e-07  test 8.9728e+00  (28 epochs/s)
epoch   4600  train 2.5028e-07  test 7.4601e+00  (28 epochs/s)
epoch   4700  train 2.3988e-07  test 5.9082e+00  (28 epochs/s)
epoch   4800  train 2.2839e-07  test 4.3643e+00  (27 epochs/s)
epoch   4900  train 2.1740e-07  test 2.9772e+00  (27 epochs/s)
epoch   5000  train 2.0616e-07  test 1.8560e+00  (27 epochs/s)
epoch   5100  train 1.9556e-07  test 1.0616e+00  (27 epochs/s)
epoch   5200  train 1.8587e-07  test 5.7431e-01  (27 epochs/s)
epoch   5300  train 1.7782e-07  test 3.0244e-01  (27 epochs/s)
epoch   5400  train 1.7012e-07  test 1.5707e-01  (27 epochs/s)
epoch   5500  train 1.6264e-07  test 8.0531e-02  (27 epochs/s)
epoch   5600  train 1.5560e-07  test 4.0344e-02  (27 epochs/s)
epoch   5700  train 1.4861e-07  test 1.8726e-02  (27 epochs/s)
epoch   5800  train 1.4197e-07  test 7.9963e-03  (27 epochs/s)
epoch   5900  train 1.3584e-07  test 3.0005e-03  (27 epochs/s)
epoch   6000  train 1.3032e-07  test 9.1828e-04  (27 epochs/s)
epoch   6100  train 1.2520e-07  test 1.9862e-04  (27 epochs/s)
epoch   6200  train 1.2057e-07  test 3.0040e-05  (27 epochs/s)
epoch   6300  train 1.1622e-07  test 6.8894e-06  (27 epochs/s)
epoch   6400  train 1.1219e-07  test 2.2756e-06  (27 epochs/s)
epoch   6500  train 1.0866e-07  test 9.9308e-07  (27 epochs/s)
epoch   6600  train 1.0575e-07  test 5.5275e-07  (27 epochs/s)
epoch   6700  train 1.0335e-07  test 3.7694e-07  (27 epochs/s)
epoch   6800  train 1.0139e-07  test 2.9503e-07  (27 epochs/s)
epoch   6900  train 9.9827e-08  test 2.5128e-07  (27 epochs/s)
epoch   7000  train 9.8558e-08  test 2.2522e-07  (27 epochs/s)
epoch   7100  train 9.7534e-08  test 2.0820e-07  (27 epochs/s)
epoch   7200  train 9.6695e-08  test 1.9677e-07  (27 epochs/s)
epoch   7300  train 9.5978e-08  test 1.8890e-07  (27 epochs/s)
epoch   7400  train 9.5347e-08  test 1.8376e-07  (27 epochs/s)
epoch   7500  train 9.4792e-08  test 1.8037e-07  (27 epochs/s)
epoch   7600  train 9.4301e-08  test 1.7854e-07  (27 epochs/s)
epoch   7700  train 9.3874e-08  test 1.7781e-07  (27 epochs/s)
epoch   7800  train 9.3501e-08  test 1.7761e-07  (27 epochs/s)
epoch   7900  train 9.3127e-08  test 1.7783e-07  (27 epochs/s)
epoch   8000  train 9.2785e-08  test 1.7807e-07  (27 epochs/s)
epoch   8100  train 9.2476e-08  test 1.7839e-07  (27 epochs/s)
epoch   8200  train 9.2198e-08  test 1.7873e-07  (27 epochs/s)
epoch   8300  train 9.1932e-08  test 1.7884e-07  (27 epochs/s)
epoch   8400  train 9.1690e-08  test 1.7841e-07  (27 epochs/s)
epoch   8500  train 9.1472e-08  test 1.7789e-07  (27 epochs/s)
epoch   8600  train 9.1266e-08  test 1.7709e-07  (27 epochs/s)
epoch   8700  train 9.1075e-08  test 1.7647e-07  (27 epochs/s)
epoch   8800  train 9.0906e-08  test 1.7578e-07  (27 epochs/s)
epoch   8900  train 9.0750e-08  test 1.7523e-07  (27 epochs/s)
epoch   9000  train 9.0605e-08  test 1.7474e-07  (27 epochs/s)
epoch   9100  train 9.0480e-08  test 1.7450e-07  (27 epochs/s)
epoch   9200  train 9.0364e-08  test 1.7434e-07  (27 epochs/s)
epoch   9300  train 9.0245e-08  test 1.7423e-07  (27 epochs/s)
epoch   9400  train 9.0143e-08  test 1.7425e-07  (27 epochs/s)
epoch   9500  train 9.0044e-08  test 1.7428e-07  (27 epochs/s)
epoch   9600  train 8.9947e-08  test 1.7414e-07  (27 epochs/s)
epoch   9700  train 8.9864e-08  test 1.7418e-07  (27 epochs/s)
epoch   9800  train 8.9777e-08  test 1.7424e-07  (27 epochs/s)
epoch   9900  train 8.9700e-08  test 1.7432e-07  (27 epochs/s)
epoch  10000  train 8.9618e-08  test 1.7439e-07  (27 epochs/s)
epoch  10100  train 8.9539e-08  test 1.7443e-07  (27 epochs/s)
epoch  10200  train 8.9472e-08  test 1.7450e-07  (27 epochs/s)
epoch  10300  train 8.9401e-08  test 1.7455e-07  (27 epochs/s)
epoch  10400  train 8.9330e-08  test 1.7452e-07  (27 epochs/s)
epoch  10500  train 8.9262e-08  test 1.7447e-07  (27 epochs/s)
epoch  10600  train 8.9197e-08  test 1.7441e-07  (27 epochs/s)
epoch  10700  train 8.9130e-08  test 1.7440e-07  (27 epochs/s)
epoch  10800  train 8.9071e-08  test 1.7424e-07  (27 epochs/s)
epoch  10900  train 8.9012e-08  test 1.7408e-07  (27 epochs/s)
epoch  11000  train 8.8954e-08  test 1.7390e-07  (27 epochs/s)
epoch  11100  train 8.8902e-08  test 1.7371e-07  (27 epochs/s)
epoch  11200  train 8.8846e-08  test 1.7350e-07  (27 epochs/s)
epoch  11300  train 8.8789e-08  test 1.7332e-07  (27 epochs/s)
epoch  11400  train 8.8738e-08  test 1.7305e-07  (27 epochs/s)
epoch  11500  train 8.8690e-08  test 1.7274e-07  (27 epochs/s)
epoch  11600  train 8.8635e-08  test 1.7241e-07  (27 epochs/s)
epoch  11700  train 8.8591e-08  test 1.7213e-07  (27 epochs/s)
epoch  11800  train 8.8542e-08  test 1.7192e-07  (27 epochs/s)
epoch  11900  train 8.8497e-08  test 1.7163e-07  (27 epochs/s)
epoch  12000  train 8.8446e-08  test 1.7125e-07  (27 epochs/s)
epoch  12100  train 8.8398e-08  test 1.7099e-07  (27 epochs/s)
epoch  12200  train 8.8352e-08  test 1.7062e-07  (27 epochs/s)
epoch  12300  train 8.8312e-08  test 1.7028e-07  (27 epochs/s)
epoch  12400  train 8.8273e-08  test 1.6997e-07  (27 epochs/s)
epoch  12500  train 8.8233e-08  test 1.6966e-07  (27 epochs/s)
epoch  12600  train 8.8191e-08  test 1.6940e-07  (27 epochs/s)
epoch  12700  train 8.8151e-08  test 1.6910e-07  (27 epochs/s)
epoch  12800  train 8.8111e-08  test 1.6885e-07  (27 epochs/s)
epoch  12900  train 8.8077e-08  test 1.6863e-07  (27 epochs/s)
epoch  13000  train 8.8043e-08  test 1.6835e-07  (27 epochs/s)
epoch  13100  train 8.8011e-08  test 1.6812e-07  (27 epochs/s)
epoch  13200  train 8.7975e-08  test 1.6792e-07  (27 epochs/s)
epoch  13300  train 8.7943e-08  test 1.6768e-07  (27 epochs/s)
epoch  13400  train 8.7910e-08  test 1.6741e-07  (27 epochs/s)
epoch  13500  train 8.7878e-08  test 1.6720e-07  (27 epochs/s)
epoch  13600  train 8.7849e-08  test 1.6694e-07  (27 epochs/s)
epoch  13700  train 8.7817e-08  test 1.6663e-07  (27 epochs/s)
epoch  13800  train 8.7785e-08  test 1.6636e-07  (27 epochs/s)
epoch  13900  train 8.7756e-08  test 1.6611e-07  (27 epochs/s)
epoch  14000  train 8.7725e-08  test 1.6588e-07  (27 epochs/s)
epoch  14100  train 8.7698e-08  test 1.6561e-07  (27 epochs/s)
epoch  14200  train 8.7670e-08  test 1.6538e-07  (27 epochs/s)
epoch  14300  train 8.7642e-08  test 1.6511e-07  (27 epochs/s)
epoch  14400  train 8.7617e-08  test 1.6484e-07  (27 epochs/s)
epoch  14500  train 8.7590e-08  test 1.6462e-07  (27 epochs/s)
epoch  14600  train 8.7565e-08  test 1.6444e-07  (27 epochs/s)
epoch  14700  train 8.7541e-08  test 1.6428e-07  (27 epochs/s)
epoch  14800  train 8.7517e-08  test 1.6410e-07  (27 epochs/s)
epoch  14900  train 8.7490e-08  test 1.6395e-07  (27 epochs/s)
epoch  15000  train 8.7468e-08  test 1.6377e-07  (27 epochs/s)
epoch  15100  train 8.7447e-08  test 1.6359e-07  (27 epochs/s)
epoch  15200  train 8.7424e-08  test 1.6340e-07  (27 epochs/s)
epoch  15300  train 8.7403e-08  test 1.6322e-07  (27 epochs/s)
epoch  15400  train 8.7381e-08  test 1.6304e-07  (27 epochs/s)
epoch  15500  train 8.7360e-08  test 1.6286e-07  (27 epochs/s)
epoch  15600  train 8.7336e-08  test 1.6268e-07  (27 epochs/s)
epoch  15700  train 8.7317e-08  test 1.6250e-07  (27 epochs/s)
epoch  15800  train 8.7298e-08  test 1.6228e-07  (27 epochs/s)
epoch  15900  train 8.7276e-08  test 1.6210e-07  (27 epochs/s)
epoch  16000  train 8.7259e-08  test 1.6195e-07  (27 epochs/s)
epoch  16100  train 8.7240e-08  test 1.6177e-07  (27 epochs/s)
epoch  16200  train 8.7222e-08  test 1.6158e-07  (27 epochs/s)
epoch  16300  train 8.7204e-08  test 1.6139e-07  (27 epochs/s)
epoch  16400  train 8.7184e-08  test 1.6123e-07  (27 epochs/s)
epoch  16500  train 8.7168e-08  test 1.6107e-07  (27 epochs/s)
epoch  16600  train 8.7150e-08  test 1.6094e-07  (27 epochs/s)
epoch  16700  train 8.7133e-08  test 1.6076e-07  (27 epochs/s)
epoch  16800  train 8.7116e-08  test 1.6059e-07  (27 epochs/s)
epoch  16900  train 8.7101e-08  test 1.6044e-07  (27 epochs/s)
epoch  17000  train 8.7085e-08  test 1.6029e-07  (27 epochs/s)
epoch  17100  train 8.7068e-08  test 1.6014e-07  (27 epochs/s)
epoch  17200  train 8.7052e-08  test 1.5997e-07  (27 epochs/s)
epoch  17300  train 8.7038e-08  test 1.5983e-07  (27 epochs/s)
epoch  17400  train 8.7022e-08  test 1.5967e-07  (27 epochs/s)
epoch  17500  train 8.7007e-08  test 1.5951e-07  (27 epochs/s)
epoch  17600  train 8.6991e-08  test 1.5937e-07  (27 epochs/s)
epoch  17700  train 8.6976e-08  test 1.5925e-07  (27 epochs/s)
epoch  17800  train 8.6963e-08  test 1.5914e-07  (27 epochs/s)
epoch  17900  train 8.6948e-08  test 1.5903e-07  (27 epochs/s)
epoch  18000  train 8.6934e-08  test 1.5892e-07  (27 epochs/s)
epoch  18100  train 8.6922e-08  test 1.5878e-07  (27 epochs/s)
epoch  18200  train 8.6909e-08  test 1.5864e-07  (27 epochs/s)
epoch  18300  train 8.6895e-08  test 1.5852e-07  (27 epochs/s)
epoch  18400  train 8.6881e-08  test 1.5839e-07  (27 epochs/s)
epoch  18500  train 8.6866e-08  test 1.5826e-07  (27 epochs/s)
epoch  18600  train 8.6854e-08  test 1.5813e-07  (27 epochs/s)
epoch  18700  train 8.6842e-08  test 1.5800e-07  (27 epochs/s)
epoch  18800  train 8.6829e-08  test 1.5787e-07  (27 epochs/s)
epoch  18900  train 8.6816e-08  test 1.5774e-07  (27 epochs/s)
epoch  19000  train 8.6805e-08  test 1.5759e-07  (27 epochs/s)
epoch  19100  train 8.6791e-08  test 1.5745e-07  (27 epochs/s)
epoch  19200  train 8.6777e-08  test 1.5730e-07  (27 epochs/s)
epoch  19300  train 8.6764e-08  test 1.5714e-07  (27 epochs/s)
epoch  19400  train 8.6749e-08  test 1.5700e-07  (27 epochs/s)
epoch  19500  train 8.6734e-08  test 1.5686e-07  (27 epochs/s)
epoch  19600  train 8.6718e-08  test 1.5671e-07  (27 epochs/s)
epoch  19700  train 8.6699e-08  test 1.5654e-07  (27 epochs/s)
epoch  19800  train 8.6676e-08  test 1.5635e-07  (27 epochs/s)
epoch  19900  train 8.6640e-08  test 1.5612e-07  (27 epochs/s)
epoch  20000  train 8.6588e-08  test 1.5581e-07  (27 epochs/s)
done: 20000 epochs in 751s -> runs/orthWE/p-113/seed3604/seed777
=== orthWE p-113 data 3604 init 4242 (21:16:52) ===
train: 3830  test: 8939
epoch    100  train 1.4519e+00  test 8.9596e+00  (27 epochs/s)
epoch    200  train 1.7019e-02  test 1.5794e+01  (25 epochs/s)
epoch    300  train 5.8955e-03  test 1.6203e+01  (25 epochs/s)
epoch    400  train 1.9229e-03  test 1.6940e+01  (25 epochs/s)
epoch    500  train 6.3984e-04  test 1.7728e+01  (25 epochs/s)
epoch    600  train 2.1594e-04  test 1.8526e+01  (25 epochs/s)
epoch    700  train 7.3923e-05  test 1.9316e+01  (26 epochs/s)
epoch    800  train 2.5711e-05  test 2.0057e+01  (26 epochs/s)
epoch    900  train 9.1951e-06  test 2.0736e+01  (26 epochs/s)
epoch   1000  train 3.4705e-06  test 2.1316e+01  (26 epochs/s)
epoch   1100  train 1.4587e-06  test 2.1710e+01  (26 epochs/s)
epoch   1200  train 7.3273e-07  test 2.1881e+01  (26 epochs/s)
epoch   1300  train 4.6369e-07  test 2.1812e+01  (26 epochs/s)
epoch   1400  train 3.6711e-07  test 2.1503e+01  (26 epochs/s)
epoch   1500  train 3.3740e-07  test 2.1033e+01  (26 epochs/s)
epoch   1600  train 3.2879e-07  test 2.0485e+01  (26 epochs/s)
epoch   1700  train 3.2522e-07  test 1.9882e+01  (26 epochs/s)
epoch   1800  train 3.2270e-07  test 1.9248e+01  (26 epochs/s)
epoch   1900  train 3.1965e-07  test 1.8577e+01  (26 epochs/s)
epoch   2000  train 3.1602e-07  test 1.7879e+01  (26 epochs/s)
epoch   2100  train 3.1225e-07  test 1.7135e+01  (26 epochs/s)
epoch   2200  train 3.0798e-07  test 1.6348e+01  (26 epochs/s)
epoch   2300  train 3.0360e-07  test 1.5527e+01  (26 epochs/s)
epoch   2400  train 2.9889e-07  test 1.4668e+01  (26 epochs/s)
epoch   2500  train 2.9361e-07  test 1.3758e+01  (26 epochs/s)
epoch   2600  train 2.8789e-07  test 1.2766e+01  (26 epochs/s)
epoch   2700  train 2.8128e-07  test 1.1692e+01  (26 epochs/s)
epoch   2800  train 2.7355e-07  test 1.0500e+01  (26 epochs/s)
epoch   2900  train 2.6482e-07  test 9.1994e+00  (26 epochs/s)
epoch   3000  train 2.5442e-07  test 7.7932e+00  (26 epochs/s)
epoch   3100  train 2.4360e-07  test 6.2919e+00  (26 epochs/s)
epoch   3200  train 2.3125e-07  test 4.7669e+00  (26 epochs/s)
epoch   3300  train 2.1851e-07  test 3.3222e+00  (26 epochs/s)
epoch   3400  train 2.0611e-07  test 2.1024e+00  (27 epochs/s)
epoch   3500  train 1.9415e-07  test 1.2007e+00  (27 epochs/s)
epoch   3600  train 1.8295e-07  test 6.2662e-01  (27 epochs/s)
epoch   3700  train 1.7373e-07  test 3.1358e-01  (27 epochs/s)
epoch   3800  train 1.6602e-07  test 1.5642e-01  (27 epochs/s)
epoch   3900  train 1.5884e-07  test 7.8622e-02  (27 epochs/s)
epoch   4000  train 1.5219e-07  test 3.9030e-02  (27 epochs/s)
epoch   4100  train 1.4557e-07  test 1.9754e-02  (27 epochs/s)
epoch   4200  train 1.3985e-07  test 1.0215e-02  (27 epochs/s)
epoch   4300  train 1.3490e-07  test 5.8064e-03  (27 epochs/s)
epoch   4400  train 1.3035e-07  test 3.5582e-03  (27 epochs/s)
epoch   4500  train 1.2663e-07  test 2.1092e-03  (27 epochs/s)
epoch   4600  train 1.2320e-07  test 1.1265e-03  (27 epochs/s)
epoch   4700  train 1.2010e-07  test 5.5448e-04  (27 epochs/s)
epoch   4800  train 1.1730e-07  test 3.0390e-04  (27 epochs/s)
epoch   4900  train 1.1486e-07  test 1.9675e-04  (27 epochs/s)
epoch   5000  train 1.1266e-07  test 1.2228e-04  (27 epochs/s)
epoch   5100  train 1.1071e-07  test 8.2153e-05  (27 epochs/s)
epoch   5200  train 1.0894e-07  test 5.5049e-05  (27 epochs/s)
epoch   5300  train 1.0734e-07  test 3.4539e-05  (27 epochs/s)
epoch   5400  train 1.0584e-07  test 2.1774e-05  (27 epochs/s)
epoch   5500  train 1.0457e-07  test 1.3261e-05  (27 epochs/s)
epoch   5600  train 1.0354e-07  test 7.9855e-06  (27 epochs/s)
epoch   5700  train 1.0263e-07  test 4.8001e-06  (27 epochs/s)
epoch   5800  train 1.0190e-07  test 3.0250e-06  (27 epochs/s)
epoch   5900  train 1.0127e-07  test 2.0816e-06  (27 epochs/s)
epoch   6000  train 1.0075e-07  test 1.5197e-06  (27 epochs/s)
epoch   6100  train 1.0031e-07  test 1.1713e-06  (27 epochs/s)
epoch   6200  train 9.9928e-08  test 9.3715e-07  (27 epochs/s)
epoch   6300  train 9.9585e-08  test 7.4541e-07  (27 epochs/s)
epoch   6400  train 9.9267e-08  test 6.1682e-07  (27 epochs/s)
epoch   6500  train 9.8994e-08  test 5.2266e-07  (27 epochs/s)
epoch   6600  train 9.8752e-08  test 4.5693e-07  (27 epochs/s)
epoch   6700  train 9.8538e-08  test 4.0884e-07  (27 epochs/s)
epoch   6800  train 9.8350e-08  test 3.7587e-07  (27 epochs/s)
epoch   6900  train 9.8178e-08  test 3.5005e-07  (27 epochs/s)
epoch   7000  train 9.8022e-08  test 3.3015e-07  (27 epochs/s)
epoch   7100  train 9.7883e-08  test 3.1159e-07  (27 epochs/s)
epoch   7200  train 9.7751e-08  test 3.0011e-07  (27 epochs/s)
epoch   7300  train 9.7622e-08  test 2.9014e-07  (27 epochs/s)
epoch   7400  train 9.7512e-08  test 2.8232e-07  (27 epochs/s)
epoch   7500  train 9.7407e-08  test 2.7576e-07  (27 epochs/s)
epoch   7600  train 9.7308e-08  test 2.7071e-07  (27 epochs/s)
epoch   7700  train 9.7218e-08  test 2.6739e-07  (27 epochs/s)
epoch   7800  train 9.7135e-08  test 2.6496e-07  (27 epochs/s)
epoch   7900  train 9.7057e-08  test 2.6239e-07  (27 epochs/s)
epoch   8000  train 9.6980e-08  test 2.6122e-07  (27 epochs/s)
epoch   8100  train 9.6911e-08  test 2.6020e-07  (27 epochs/s)
epoch   8200  train 9.6845e-08  test 2.6005e-07  (27 epochs/s)
epoch   8300  train 9.6785e-08  test 2.5993e-07  (27 epochs/s)
epoch   8400  train 9.6726e-08  test 2.5962e-07  (27 epochs/s)
epoch   8500  train 9.6669e-08  test 2.5980e-07  (27 epochs/s)
epoch   8600  train 9.6611e-08  test 2.5830e-07  (27 epochs/s)
epoch   8700  train 9.6553e-08  test 2.5810e-07  (27 epochs/s)
epoch   8800  train 9.6500e-08  test 2.5833e-07  (27 epochs/s)
epoch   8900  train 9.6449e-08  test 2.5804e-07  (27 epochs/s)
epoch   9000  train 9.6402e-08  test 2.5814e-07  (27 epochs/s)
epoch   9100  train 9.6351e-08  test 2.5873e-07  (27 epochs/s)
epoch   9200  train 9.6302e-08  test 2.5901e-07  (27 epochs/s)
epoch   9300  train 9.6261e-08  test 2.5936e-07  (27 epochs/s)
epoch   9400  train 9.6222e-08  test 2.5988e-07  (27 epochs/s)
epoch   9500  train 9.6182e-08  test 2.5949e-07  (27 epochs/s)
epoch   9600  train 9.6143e-08  test 2.5913e-07  (27 epochs/s)
epoch   9700  train 9.6108e-08  test 2.5925e-07  (27 epochs/s)
epoch   9800  train 9.6071e-08  test 2.5891e-07  (27 epochs/s)
epoch   9900  train 9.6036e-08  test 2.5841e-07  (27 epochs/s)
epoch  10000  train 9.6003e-08  test 2.5807e-07  (27 epochs/s)
epoch  10100  train 9.5971e-08  test 2.5808e-07  (27 epochs/s)
epoch  10200  train 9.5938e-08  test 2.5831e-07  (27 epochs/s)
epoch  10300  train 9.5909e-08  test 2.5829e-07  (27 epochs/s)
epoch  10400  train 9.5877e-08  test 2.5886e-07  (27 epochs/s)
epoch  10500  train 9.5851e-08  test 2.5945e-07  (27 epochs/s)
epoch  10600  train 9.5823e-08  test 2.5972e-07  (27 epochs/s)
epoch  10700  train 9.5794e-08  test 2.5948e-07  (27 epochs/s)
epoch  10800  train 9.5766e-08  test 2.5915e-07  (27 epochs/s)
epoch  10900  train 9.5742e-08  test 2.5893e-07  (27 epochs/s)
epoch  11000  train 9.5718e-08  test 2.5871e-07  (27 epochs/s)
epoch  11100  train 9.5692e-08  test 2.5856e-07  (27 epochs/s)
epoch  11200  train 9.5662e-08  test 2.5796e-07  (27 epochs/s)
epoch  11300  train 9.5637e-08  test 2.5747e-07  (27 epochs/s)
epoch  11400  train 9.5613e-08  test 2.5701e-07  (27 epochs/s)
epoch  11500  train 9.5587e-08  test 2.5683e-07  (27 epochs/s)
epoch  11600  train 9.5563e-08  test 2.5653e-07  (27 epochs/s)
epoch  11700  train 9.5542e-08  test 2.5638e-07  (27 epochs/s)
epoch  11800  train 9.5523e-08  test 2.5601e-07  (27 epochs/s)
epoch  11900  train 9.5501e-08  test 2.5556e-07  (27 epochs/s)
epoch  12000  train 9.5483e-08  test 2.5517e-07  (27 epochs/s)
epoch  12100  train 9.5464e-08  test 2.5459e-07  (27 epochs/s)
epoch  12200  train 9.5444e-08  test 2.5406e-07  (27 epochs/s)
epoch  12300  train 9.5426e-08  test 2.5364e-07  (27 epochs/s)
epoch  12400  train 9.5406e-08  test 2.5337e-07  (27 epochs/s)
epoch  12500  train 9.5390e-08  test 2.5299e-07  (27 epochs/s)
epoch  12600  train 9.5371e-08  test 2.5282e-07  (27 epochs/s)
epoch  12700  train 9.5354e-08  test 2.5258e-07  (27 epochs/s)
epoch  12800  train 9.5337e-08  test 2.5260e-07  (27 epochs/s)
epoch  12900  train 9.5320e-08  test 2.5232e-07  (27 epochs/s)
epoch  13000  train 9.5304e-08  test 2.5213e-07  (27 epochs/s)
epoch  13100  train 9.5289e-08  test 2.5177e-07  (27 epochs/s)
epoch  13200  train 9.5271e-08  test 2.5159e-07  (27 epochs/s)
epoch  13300  train 9.5259e-08  test 2.5132e-07  (27 epochs/s)
epoch  13400  train 9.5242e-08  test 2.5104e-07  (27 epochs/s)
epoch  13500  train 9.5228e-08  test 2.5087e-07  (27 epochs/s)
epoch  13600  train 9.5213e-08  test 2.5067e-07  (27 epochs/s)
epoch  13700  train 9.5201e-08  test 2.5055e-07  (27 epochs/s)
epoch  13800  train 9.5188e-08  test 2.5056e-07  (27 epochs/s)
epoch  13900  train 9.5174e-08  test 2.5052e-07  (27 epochs/s)
epoch  14000  train 9.5160e-08  test 2.5038e-07  (27 epochs/s)
epoch  14100  train 9.5147e-08  test 2.5037e-07  (27 epochs/s)
epoch  14200  train 9.5133e-08  test 2.5016e-07  (27 epochs/s)
epoch  14300  train 9.5121e-08  test 2.4993e-07  (27 epochs/s)
epoch  14400  train 9.5108e-08  test 2.4963e-07  (27 epochs/s)
epoch  14500  train 9.5097e-08  test 2.4958e-07  (27 epochs/s)
epoch  14600  train 9.5082e-08  test 2.4931e-07  (27 epochs/s)
epoch  14700  train 9.5071e-08  test 2.4903e-07  (27 epochs/s)
epoch  14800  train 9.5060e-08  test 2.4895e-07  (27 epochs/s)
epoch  14900  train 9.5047e-08  test 2.4871e-07  (27 epochs/s)
epoch  15000  train 9.5034e-08  test 2.4866e-07  (27 epochs/s)
epoch  15100  train 9.5021e-08  test 2.4879e-07  (27 epochs/s)
epoch  15200  train 9.5010e-08  test 2.4863e-07  (27 epochs/s)
epoch  15300  train 9.5000e-08  test 2.4881e-07  (27 epochs/s)
epoch  15400  train 9.4988e-08  test 2.4864e-07  (27 epochs/s)
epoch  15500  train 9.4979e-08  test 2.4843e-07  (27 epochs/s)
epoch  15600  train 9.4967e-08  test 2.4843e-07  (27 epochs/s)
epoch  15700  train 9.4957e-08  test 2.4837e-07  (27 epochs/s)
epoch  15800  train 9.4946e-08  test 2.4810e-07  (27 epochs/s)
epoch  15900  train 9.4937e-08  test 2.4805e-07  (27 epochs/s)
epoch  16000  train 9.4926e-08  test 2.4789e-07  (27 epochs/s)
epoch  16100  train 9.4916e-08  test 2.4779e-07  (27 epochs/s)
epoch  16200  train 9.4907e-08  test 2.4760e-07  (27 epochs/s)
epoch  16300  train 9.4896e-08  test 2.4746e-07  (27 epochs/s)
epoch  16400  train 9.4887e-08  test 2.4751e-07  (27 epochs/s)
epoch  16500  train 9.4878e-08  test 2.4738e-07  (27 epochs/s)
epoch  16600  train 9.4868e-08  test 2.4716e-07  (27 epochs/s)
epoch  16700  train 9.4859e-08  test 2.4715e-07  (27 epochs/s)
epoch  16800  train 9.4850e-08  test 2.4701e-07  (27 epochs/s)
epoch  16900  train 9.4840e-08  test 2.4688e-07  (27 epochs/s)
epoch  17000  train 9.4831e-08  test 2.4680e-07  (27 epochs/s)
epoch  17100  train 9.4822e-08  test 2.4667e-07  (27 epochs/s)
epoch  17200  train 9.4815e-08  test 2.4663e-07  (27 epochs/s)
epoch  17300  train 9.4806e-08  test 2.4648e-07  (27 epochs/s)
epoch  17400  train 9.4797e-08  test 2.4624e-07  (27 epochs/s)
epoch  17500  train 9.4788e-08  test 2.4607e-07  (27 epochs/s)
epoch  17600  train 9.4780e-08  test 2.4600e-07  (27 epochs/s)
epoch  17700  train 9.4772e-08  test 2.4589e-07  (27 epochs/s)
epoch  17800  train 9.4764e-08  test 2.4584e-07  (27 epochs/s)
epoch  17900  train 9.4756e-08  test 2.4572e-07  (27 epochs/s)
epoch  18000  train 9.4749e-08  test 2.4558e-07  (27 epochs/s)
epoch  18100  train 9.4738e-08  test 2.4545e-07  (27 epochs/s)
epoch  18200  train 9.4733e-08  test 2.4514e-07  (27 epochs/s)
epoch  18300  train 9.4725e-08  test 2.4473e-07  (27 epochs/s)
epoch  18400  train 9.4718e-08  test 2.4423e-07  (27 epochs/s)
epoch  18500  train 9.4711e-08  test 2.4396e-07  (27 epochs/s)
epoch  18600  train 9.4704e-08  test 2.4353e-07  (27 epochs/s)
epoch  18700  train 9.4696e-08  test 2.4316e-07  (27 epochs/s)
epoch  18800  train 9.4689e-08  test 2.4308e-07  (27 epochs/s)
epoch  18900  train 9.4683e-08  test 2.4283e-07  (27 epochs/s)
epoch  19000  train 9.4675e-08  test 2.4253e-07  (27 epochs/s)
epoch  19100  train 9.4668e-08  test 2.4225e-07  (27 epochs/s)
epoch  19200  train 9.4660e-08  test 2.4206e-07  (27 epochs/s)
epoch  19300  train 9.4654e-08  test 2.4201e-07  (27 epochs/s)
epoch  19400  train 9.4646e-08  test 2.4181e-07  (27 epochs/s)
epoch  19500  train 9.4639e-08  test 2.4159e-07  (27 epochs/s)
epoch  19600  train 9.4632e-08  test 2.4140e-07  (27 epochs/s)
epoch  19700  train 9.4627e-08  test 2.4127e-07  (27 epochs/s)
epoch  19800  train 9.4619e-08  test 2.4101e-07  (27 epochs/s)
epoch  19900  train 9.4613e-08  test 2.4071e-07  (27 epochs/s)
epoch  20000  train 9.4606e-08  test 2.4062e-07  (27 epochs/s)
done: 20000 epochs in 739s -> runs/orthWE/p-113/seed3604/seed4242
WORKER-DONE
train: 3830  test: 8939
epoch    100  train 2.9164e+00  test 6.8168e+00  (25 epochs/s)
epoch    200  train 6.1122e-01  test 9.6492e+00  (27 epochs/s)
epoch    300  train 1.7120e-01  test 1.0887e+01  (28 epochs/s)
epoch    400  train 7.1763e-02  test 1.1160e+01  (29 epochs/s)
epoch    500  train 3.8328e-02  test 1.1373e+01  (29 epochs/s)
epoch    600  train 2.1638e-02  test 1.1545e+01  (30 epochs/s)
epoch    700  train 1.2366e-02  test 1.1764e+01  (30 epochs/s)
epoch    800  train 7.4092e-03  test 1.1922e+01  (31 epochs/s)
epoch    900  train 3.8825e-03  test 1.2040e+01  (31 epochs/s)
epoch   1000  train 2.5643e-03  test 1.2041e+01  (31 epochs/s)
epoch   1100  train 1.8421e-03  test 1.2053e+01  (31 epochs/s)
epoch   1200  train 1.1082e-03  test 1.1893e+01  (31 epochs/s)
epoch   1300  train 9.0385e-04  test 1.1813e+01  (31 epochs/s)
epoch   1400  train 5.6633e-04  test 1.1770e+01  (32 epochs/s)
epoch   1500  train 6.2652e-04  test 1.1463e+01  (32 epochs/s)
epoch   1600  train 2.7493e-04  test 1.1129e+01  (32 epochs/s)
epoch   1700  train 5.3961e-04  test 9.7726e+00  (32 epochs/s)
epoch   1800  train 2.8151e-04  test 9.9731e+00  (32 epochs/s)
epoch   1900  train 1.3087e-04  test 1.0132e+01  (32 epochs/s)
epoch   2000  train 6.9325e-05  test 1.0065e+01  (32 epochs/s)
epoch   2100  train 3.6387e-05  test 9.9038e+00  (32 epochs/s)
epoch   2200  train 1.5648e-05  test 9.5509e+00  (32 epochs/s)
epoch   2300  train 2.9691e-04  test 7.3132e+00  (32 epochs/s)
epoch   2400  train 3.0992e-04  test 6.4863e+00  (32 epochs/s)
epoch   2500  train 1.3789e-04  test 6.1838e+00  (32 epochs/s)
epoch   2600  train 5.5233e-05  test 5.6826e+00  (32 epochs/s)
epoch   2700  train 2.0919e-05  test 4.9263e+00  (32 epochs/s)
epoch   2800  train 7.8193e-06  test 3.9971e+00  (31 epochs/s)
epoch   2900  train 3.2567e-06  test 2.9898e+00  (31 epochs/s)
epoch   3000  train 1.3737e-06  test 2.0485e+00  (31 epochs/s)
epoch   3100  train 6.1330e-07  test 1.2596e+00  (31 epochs/s)
epoch   3200  train 3.4144e-07  test 7.0161e-01  (31 epochs/s)
epoch   3300  train 2.3420e-07  test 3.5752e-01  (31 epochs/s)
epoch   3400  train 1.9480e-07  test 1.7589e-01  (31 epochs/s)
epoch   3500  train 1.7917e-07  test 8.6985e-02  (31 epochs/s)
epoch   3600  train 1.7543e-07  test 4.4626e-02  (31 epochs/s)
epoch   3700  train 1.8540e-07  test 2.4497e-02  (31 epochs/s)
epoch   3800  train 1.5607e-07  test 1.4135e-02  (31 epochs/s)
epoch   3900  train 1.5084e-07  test 8.3889e-03  (31 epochs/s)
epoch   4000  train 1.4089e-07  test 4.4926e-03  (31 epochs/s)
epoch   4100  train 1.3525e-07  test 2.3217e-03  (31 epochs/s)
epoch   4200  train 1.3601e-07  test 1.0791e-03  (31 epochs/s)
epoch   4300  train 1.2704e-07  test 4.0735e-04  (30 epochs/s)
epoch   4400  train 1.2794e-07  test 1.4615e-04  (30 epochs/s)
epoch   4500  train 1.2312e-07  test 5.7772e-05  (30 epochs/s)
epoch   4600  train 1.1683e-07  test 2.1679e-05  (30 epochs/s)
epoch   4700  train 1.1275e-07  test 9.6582e-06  (30 epochs/s)
epoch   4800  train 1.1318e-07  test 5.1515e-06  (30 epochs/s)
epoch   4900  train 1.1176e-07  test 3.0103e-06  (30 epochs/s)
epoch   5000  train 1.1150e-07  test 1.9526e-06  (30 epochs/s)
epoch   5100  train 1.1067e-07  test 1.3775e-06  (30 epochs/s)
epoch   5200  train 1.0972e-07  test 1.0703e-06  (30 epochs/s)
epoch   5300  train 1.0900e-07  test 8.6386e-07  (30 epochs/s)
epoch   5400  train 1.0786e-07  test 7.5984e-07  (30 epochs/s)
epoch   5500  train 1.0692e-07  test 7.0302e-07  (30 epochs/s)
epoch   5600  train 1.0750e-07  test 6.6247e-07  (30 epochs/s)
epoch   5700  train 1.0696e-07  test 6.3862e-07  (30 epochs/s)
epoch   5800  train 1.0637e-07  test 6.3414e-07  (29 epochs/s)
epoch   5900  train 1.0629e-07  test 6.3318e-07  (29 epochs/s)
epoch   6000  train 1.0595e-07  test 6.3190e-07  (29 epochs/s)
done: 6000 epochs in 204s -> runs/phase2-probes/noise01
train: 3830  test: 8939
epoch    100  train 3.9262e+00  test 5.7282e+00  (23 epochs/s)
epoch    200  train 2.7555e+00  test 6.4921e+00  (21 epochs/s)
epoch    300  train 1.7110e+00  test 6.4926e+00  (22 epochs/s)
epoch    400  train 9.6183e-01  test 5.7175e+00  (23 epochs/s)
epoch    500  train 5.5686e-01  test 5.3071e+00  (24 epochs/s)
epoch    600  train 3.4966e-01  test 4.8339e+00  (25 epochs/s)
epoch    700  train 2.0844e-01  test 4.1913e+00  (25 epochs/s)
epoch    800  train 1.1308e-01  test 3.3897e+00  (25 epochs/s)
epoch    900  train 5.7406e-02  test 2.3496e+00  (25 epochs/s)
epoch   1000  train 2.0753e-02  test 1.3236e+00  (26 epochs/s)
epoch   1100  train 1.2004e-02  test 6.5663e-01  (26 epochs/s)
epoch   1200  train 4.1093e-03  test 2.8746e-01  (26 epochs/s)
epoch   1300  train 2.4777e-03  test 1.0424e-01  (26 epochs/s)
epoch   1400  train 9.1297e-04  test 2.9589e-02  (26 epochs/s)
epoch   1500  train 2.8774e-04  test 7.8073e-03  (26 epochs/s)
epoch   1600  train 1.3583e-04  test 2.6233e-03  (26 epochs/s)
epoch   1700  train 4.7041e-05  test 8.9337e-04  (26 epochs/s)
epoch   1800  train 2.4007e-05  test 3.8755e-04  (26 epochs/s)
epoch   1900  train 1.0883e-05  test 2.5422e-04  (26 epochs/s)
epoch   2000  train 5.0786e-06  test 1.4711e-04  (26 epochs/s)
epoch   2100  train 3.7168e-06  test 1.2741e-04  (26 epochs/s)
epoch   2200  train 1.4632e-06  test 3.4324e-05  (26 epochs/s)
epoch   2300  train 5.7530e-07  test 1.9346e-05  (26 epochs/s)
epoch   2400  train 4.1259e-07  test 2.1017e-05  (26 epochs/s)
epoch   2500  train 2.3944e-07  test 1.4223e-05  (27 epochs/s)
epoch   2600  train 2.7267e-07  test 7.8966e-06  (27 epochs/s)
epoch   2700  train 2.4045e-07  test 2.0551e-05  (27 epochs/s)
epoch   2800  train 1.7846e-07  test 7.2017e-06  (27 epochs/s)
epoch   2900  train 1.3396e-07  test 2.8068e-06  (27 epochs/s)
epoch   3000  train 1.9890e-07  test 8.5304e-06  (27 epochs/s)
epoch   3100  train 1.6544e-07  test 2.6572e-06  (27 epochs/s)
epoch   3200  train 1.4535e-07  test 2.5932e-06  (27 epochs/s)
epoch   3300  train 1.4906e-07  test 2.8852e-06  (27 epochs/s)
epoch   3400  train 1.3543e-07  test 2.8311e-06  (27 epochs/s)
epoch   3500  train 1.5118e-07  test 2.5048e-06  (27 epochs/s)
epoch   3600  train 1.1847e-07  test 3.5525e-06  (27 epochs/s)
epoch   3700  train 1.6953e-07  test 3.0983e-06  (27 epochs/s)
epoch   3800  train 1.2850e-07  test 3.9779e-06  (27 epochs/s)
epoch   3900  train 1.0886e-07  test 3.8579e-06  (27 epochs/s)
epoch   4000  train 1.2487e-07  test 4.5089e-06  (27 epochs/s)
epoch   4100  train 1.2253e-07  test 4.7454e-06  (27 epochs/s)
epoch   4200  train 1.3592e-07  test 7.1414e-06  (27 epochs/s)
epoch   4300  train 1.2397e-07  test 6.6457e-06  (27 epochs/s)
epoch   4400  train 1.2178e-07  test 9.3945e-06  (27 epochs/s)
epoch   4500  train 1.2220e-07  test 9.8435e-06  (27 epochs/s)
epoch   4600  train 1.1366e-07  test 1.1383e-05  (27 epochs/s)
epoch   4700  train 1.2922e-07  test 1.2685e-05  (27 epochs/s)
epoch   4800  train 1.1386e-07  test 1.8296e-05  (27 epochs/s)
epoch   4900  train 1.1607e-07  test 1.6930e-05  (27 epochs/s)
epoch   5000  train 1.1414e-07  test 1.8904e-05  (27 epochs/s)
epoch   5100  train 1.1462e-07  test 2.6495e-05  (27 epochs/s)
epoch   5200  train 1.1311e-07  test 3.0629e-05  (27 epochs/s)
epoch   5300  train 1.1400e-07  test 3.8053e-05  (27 epochs/s)
epoch   5400  train 1.1249e-07  test 3.9646e-05  (27 epochs/s)
epoch   5500  train 1.1354e-07  test 4.4117e-05  (27 epochs/s)
epoch   5600  train 1.1234e-07  test 4.2859e-05  (27 epochs/s)
epoch   5700  train 1.1305e-07  test 5.0642e-05  (27 epochs/s)
epoch   5800  train 1.1219e-07  test 5.1889e-05  (27 epochs/s)
epoch   5900  train 1.1195e-07  test 5.8173e-05  (27 epochs/s)
epoch   6000  train 1.1170e-07  test 6.3243e-05  (27 epochs/s)
done: 6000 epochs in 221s -> runs/phase2-probes/noise03
train: 3830  test: 8939
epoch    100  train 3.4377e+00  test 1.3042e+01  (13 epochs/s)
epoch    200  train 1.2011e-01  test 4.1526e+01  (18 epochs/s)
epoch    300  train 2.3226e-02  test 4.5346e+01  (20 epochs/s)
epoch    400  train 7.4377e-03  test 4.9413e+01  (21 epochs/s)
epoch    500  train 2.4525e-03  test 5.4098e+01  (22 epochs/s)
epoch    600  train 8.2475e-04  test 5.7401e+01  (23 epochs/s)
epoch    700  train 2.8054e-04  test 6.1952e+01  (24 epochs/s)
epoch    800  train 9.6822e-05  test 6.6180e+01  (24 epochs/s)
epoch    900  train 3.3865e-05  test 7.0295e+01  (25 epochs/s)
epoch   1000  train 1.2143e-05  test 7.4223e+01  (25 epochs/s)
epoch   1100  train 4.5578e-06  test 7.8263e+01  (25 epochs/s)
epoch   1200  train 1.8834e-06  test 8.1387e+01  (25 epochs/s)
epoch   1300  train 9.2008e-07  test 8.3608e+01  (26 epochs/s)
epoch   1400  train 5.6355e-07  test 8.4078e+01  (26 epochs/s)
epoch   1500  train 4.3344e-07  test 8.3304e+01  (26 epochs/s)
epoch   1600  train 3.9139e-07  test 8.2040e+01  (26 epochs/s)
epoch   1700  train 3.8027e-07  test 8.0536e+01  (26 epochs/s)
epoch   1800  train 3.7736e-07  test 7.8888e+01  (26 epochs/s)
epoch   1900  train 3.7601e-07  test 7.7236e+01  (26 epochs/s)
epoch   2000  train 3.7461e-07  test 7.6832e+01  (26 epochs/s)
epoch   2100  train 3.7293e-07  test 7.6714e+01  (26 epochs/s)
epoch   2200  train 3.7110e-07  test 7.6224e+01  (27 epochs/s)
epoch   2300  train 3.6929e-07  test 7.5277e+01  (27 epochs/s)
epoch   2400  train 3.6740e-07  test 7.4223e+01  (27 epochs/s)
epoch   2500  train 3.6533e-07  test 7.3406e+01  (27 epochs/s)
epoch   2600  train 3.6338e-07  test 7.2414e+01  (27 epochs/s)
epoch   2700  train 3.6136e-07  test 7.1395e+01  (27 epochs/s)
epoch   2800  train 3.5931e-07  test 7.0682e+01  (27 epochs/s)
epoch   2900  train 3.5726e-07  test 7.0042e+01  (27 epochs/s)
epoch   3000  train 3.5485e-07  test 6.8958e+01  (27 epochs/s)
epoch   3100  train 3.5304e-07  test 6.7449e+01  (27 epochs/s)
epoch   3200  train 3.5049e-07  test 6.5610e+01  (27 epochs/s)
epoch   3300  train 3.4861e-07  test 6.3554e+01  (27 epochs/s)
epoch   3400  train 3.4620e-07  test 6.1206e+01  (27 epochs/s)
epoch   3500  train 3.4387e-07  test 5.8684e+01  (27 epochs/s)
epoch   3600  train 3.4136e-07  test 5.6522e+01  (27 epochs/s)
epoch   3700  train 3.3871e-07  test 5.4912e+01  (27 epochs/s)
epoch   3800  train 3.3609e-07  test 5.4020e+01  (27 epochs/s)
epoch   3900  train 3.3290e-07  test 5.2534e+01  (27 epochs/s)
epoch   4000  train 3.2990e-07  test 5.0935e+01  (27 epochs/s)
epoch   4100  train 3.2639e-07  test 5.0091e+01  (27 epochs/s)
epoch   4200  train 3.2229e-07  test 5.0175e+01  (27 epochs/s)
epoch   4300  train 3.1792e-07  test 5.0117e+01  (27 epochs/s)
epoch   4400  train 3.1276e-07  test 4.9578e+01  (27 epochs/s)
epoch   4500  train 3.0710e-07  test 4.8716e+01  (27 epochs/s)
epoch   4600  train 2.9989e-07  test 4.7035e+01  (27 epochs/s)
epoch   4700  train 2.9192e-07  test 4.4294e+01  (27 epochs/s)
epoch   4800  train 2.8237e-07  test 4.0444e+01  (27 epochs/s)
epoch   4900  train 2.7193e-07  test 3.6164e+01  (27 epochs/s)
epoch   5000  train 2.6029e-07  test 3.0933e+01  (27 epochs/s)
epoch   5100  train 2.4754e-07  test 2.4661e+01  (27 epochs/s)
epoch   5200  train 2.3510e-07  test 2.1024e+01  (27 epochs/s)
epoch   5300  train 2.2380e-07  test 1.7867e+01  (27 epochs/s)
epoch   5400  train 2.1441e-07  test 1.6039e+01  (27 epochs/s)
epoch   5500  train 2.0497e-07  test 1.3552e+01  (27 epochs/s)
epoch   5600  train 1.9670e-07  test 1.0153e+01  (27 epochs/s)
epoch   5700  train 1.8833e-07  test 6.1890e+00  (27 epochs/s)
epoch   5800  train 1.8209e-07  test 3.6082e+00  (27 epochs/s)
epoch   5900  train 1.7659e-07  test 1.9584e+00  (27 epochs/s)
epoch   6000  train 1.7155e-07  test 6.2953e-01  (27 epochs/s)
done: 6000 epochs in 220s -> runs/phase2-probes/tilt5
PROBES-DONE
=== phase2-noise init 11285 (21:41:45) ===
train: 3830  test: 8939
epoch    100  train 3.9264e+00  test 5.7279e+00  (32 epochs/s)
epoch    200  train 2.7554e+00  test 6.4935e+00  (29 epochs/s)
epoch    300  train 1.7161e+00  test 6.4991e+00  (27 epochs/s)
epoch    400  train 9.6069e-01  test 5.7193e+00  (27 epochs/s)
epoch    500  train 5.5616e-01  test 5.2892e+00  (28 epochs/s)
epoch    600  train 3.4361e-01  test 4.7765e+00  (28 epochs/s)
epoch    700  train 2.0100e-01  test 4.0952e+00  (29 epochs/s)
epoch    800  train 1.0959e-01  test 3.3039e+00  (29 epochs/s)
epoch    900  train 5.4531e-02  test 2.2745e+00  (29 epochs/s)
epoch   1000  train 2.1084e-02  test 1.3108e+00  (29 epochs/s)
epoch   1100  train 1.3603e-02  test 7.0266e-01  (29 epochs/s)
epoch   1200  train 4.7112e-03  test 3.3902e-01  (29 epochs/s)
epoch   1300  train 2.6899e-03  test 1.3117e-01  (29 epochs/s)
epoch   1400  train 1.0030e-03  test 3.8723e-02  (29 epochs/s)
epoch   1500  train 3.3185e-04  test 1.0835e-02  (29 epochs/s)
epoch   1600  train 1.5871e-04  test 3.3075e-03  (29 epochs/s)
epoch   1700  train 6.9168e-05  test 1.3835e-03  (29 epochs/s)
epoch   1800  train 3.2271e-05  test 4.1362e-04  (29 epochs/s)
epoch   1900  train 2.9693e-05  test 4.5353e-04  (29 epochs/s)
epoch   2000  train 1.3528e-05  test 2.7350e-04  (29 epochs/s)
epoch   2100  train 8.2093e-06  test 2.3951e-04  (29 epochs/s)
epoch   2200  train 2.7545e-06  test 7.4997e-05  (29 epochs/s)
epoch   2300  train 1.0260e-06  test 4.7003e-05  (29 epochs/s)
epoch   2400  train 6.9221e-07  test 5.3834e-05  (29 epochs/s)
epoch   2500  train 3.7551e-07  test 2.9454e-05  (29 epochs/s)
epoch   2600  train 3.6016e-07  test 2.5183e-05  (29 epochs/s)
epoch   2700  train 3.0878e-07  test 3.1792e-05  (29 epochs/s)
epoch   2800  train 1.7866e-07  test 2.6495e-05  (29 epochs/s)
epoch   2900  train 1.4200e-07  test 5.3716e-06  (29 epochs/s)
epoch   3000  train 1.9466e-07  test 1.0656e-05  (29 epochs/s)
epoch   3100  train 1.7322e-07  test 4.4502e-06  (29 epochs/s)
epoch   3200  train 1.4696e-07  test 1.0298e-05  (29 epochs/s)
epoch   3300  train 1.4967e-07  test 7.4371e-06  (29 epochs/s)
epoch   3400  train 1.3719e-07  test 7.4625e-06  (29 epochs/s)
epoch   3500  train 1.5082e-07  test 1.0603e-05  (29 epochs/s)
epoch   3600  train 1.1806e-07  test 1.3529e-05  (29 epochs/s)
epoch   3700  train 1.6304e-07  test 2.1381e-05  (29 epochs/s)
epoch   3800  train 1.2495e-07  test 2.9245e-05  (29 epochs/s)
epoch   3900  train 1.0983e-07  test 2.0304e-05  (29 epochs/s)
epoch   4000  train 1.2387e-07  test 2.8196e-05  (29 epochs/s)
epoch   4100  train 1.2503e-07  test 3.5892e-05  (29 epochs/s)
epoch   4200  train 1.3888e-07  test 6.2582e-05  (29 epochs/s)
epoch   4300  train 1.2418e-07  test 4.5732e-05  (29 epochs/s)
epoch   4400  train 1.1822e-07  test 6.8287e-05  (28 epochs/s)
epoch   4500  train 1.1990e-07  test 6.9281e-05  (28 epochs/s)
epoch   4600  train 1.1284e-07  test 7.5282e-05  (28 epochs/s)
epoch   4700  train 1.2761e-07  test 7.7602e-05  (28 epochs/s)
epoch   4800  train 1.1413e-07  test 1.0561e-04  (28 epochs/s)
epoch   4900  train 1.1490e-07  test 9.0682e-05  (28 epochs/s)
epoch   5000  train 1.1389e-07  test 8.9128e-05  (28 epochs/s)
epoch   5100  train 1.1299e-07  test 1.1422e-04  (28 epochs/s)
epoch   5200  train 1.1239e-07  test 1.2949e-04  (28 epochs/s)
epoch   5300  train 1.1441e-07  test 1.5089e-04  (28 epochs/s)
epoch   5400  train 1.1144e-07  test 1.3769e-04  (28 epochs/s)
epoch   5500  train 1.1313e-07  test 1.4309e-04  (28 epochs/s)
epoch   5600  train 1.1160e-07  test 1.3279e-04  (28 epochs/s)
epoch   5700  train 1.1253e-07  test 1.3871e-04  (28 epochs/s)
epoch   5800  train 1.1133e-07  test 1.2816e-04  (28 epochs/s)
epoch   5900  train 1.1107e-07  test 1.3162e-04  (28 epochs/s)
epoch   6000  train 1.1088e-07  test 1.2987e-04  (28 epochs/s)
epoch   6100  train 1.1083e-07  test 1.2821e-04  (28 epochs/s)
epoch   6200  train 1.1078e-07  test 1.2738e-04  (28 epochs/s)
epoch   6300  train 1.1072e-07  test 1.2579e-04  (28 epochs/s)
epoch   6400  train 1.1066e-07  test 1.2516e-04  (28 epochs/s)
epoch   6500  train 1.1060e-07  test 1.2556e-04  (28 epochs/s)
epoch   6600  train 1.1054e-07  test 1.2439e-04  (28 epochs/s)
epoch   6700  train 1.1049e-07  test 1.2046e-04  (28 epochs/s)
epoch   6800  train 1.1044e-07  test 1.1785e-04  (28 epochs/s)
epoch   6900  train 1.1038e-07  test 1.1263e-04  (28 epochs/s)
epoch   7000  train 1.1032e-07  test 1.0680e-04  (28 epochs/s)
epoch   7100  train 1.1026e-07  test 1.0276e-04  (28 epochs/s)
epoch   7200  train 1.1020e-07  test 9.6715e-05  (28 epochs/s)
epoch   7300  train 1.1014e-07  test 9.3612e-05  (28 epochs/s)
epoch   7400  train 1.1008e-07  test 9.3175e-05  (28 epochs/s)
epoch   7500  train 1.1002e-07  test 9.1406e-05  (28 epochs/s)
epoch   7600  train 1.0995e-07  test 9.0454e-05  (28 epochs/s)
epoch   7700  train 1.0987e-07  test 8.9555e-05  (28 epochs/s)
epoch   7800  train 1.0979e-07  test 8.5902e-05  (28 epochs/s)
epoch   7900  train 1.0970e-07  test 8.2230e-05  (28 epochs/s)
epoch   8000  train 1.0960e-07  test 7.8237e-05  (28 epochs/s)
epoch   8100  train 1.0950e-07  test 7.3888e-05  (28 epochs/s)
epoch   8200  train 1.0939e-07  test 7.1450e-05  (28 epochs/s)
epoch   8300  train 1.0928e-07  test 6.7680e-05  (28 epochs/s)
epoch   8400  train 1.0917e-07  test 6.2872e-05  (28 epochs/s)
epoch   8500  train 1.0906e-07  test 5.8543e-05  (28 epochs/s)
epoch   8600  train 1.0896e-07  test 5.4944e-05  (28 epochs/s)
epoch   8700  train 1.0887e-07  test 5.1398e-05  (28 epochs/s)
epoch   8800  train 1.0879e-07  test 4.6716e-05  (28 epochs/s)
epoch   8900  train 1.0872e-07  test 4.2360e-05  (28 epochs/s)
epoch   9000  train 1.0866e-07  test 3.8369e-05  (28 epochs/s)
epoch   9100  train 1.0860e-07  test 3.4919e-05  (28 epochs/s)
epoch   9200  train 1.0854e-07  test 3.1639e-05  (28 epochs/s)
epoch   9300  train 1.0849e-07  test 2.8193e-05  (28 epochs/s)
epoch   9400  train 1.0842e-07  test 2.5512e-05  (28 epochs/s)
epoch   9500  train 1.0837e-07  test 2.4188e-05  (28 epochs/s)
epoch   9600  train 1.0832e-07  test 2.2054e-05  (28 epochs/s)
epoch   9700  train 1.0826e-07  test 1.9700e-05  (28 epochs/s)
epoch   9800  train 1.0819e-07  test 1.7189e-05  (28 epochs/s)
epoch   9900  train 1.0813e-07  test 1.4820e-05  (28 epochs/s)
epoch  10000  train 1.0806e-07  test 1.2779e-05  (28 epochs/s)
epoch  10100  train 1.0798e-07  test 1.1116e-05  (28 epochs/s)
epoch  10200  train 1.0789e-07  test 9.9069e-06  (27 epochs/s)
epoch  10300  train 1.0780e-07  test 8.8951e-06  (27 epochs/s)
epoch  10400  train 1.0770e-07  test 8.1023e-06  (27 epochs/s)
epoch  10500  train 1.0760e-07  test 7.4250e-06  (27 epochs/s)
epoch  10600  train 1.0750e-07  test 6.8995e-06  (27 epochs/s)
epoch  10700  train 1.0738e-07  test 6.3568e-06  (27 epochs/s)
epoch  10800  train 1.0729e-07  test 5.9202e-06  (27 epochs/s)
epoch  10900  train 1.0721e-07  test 5.6582e-06  (27 epochs/s)
epoch  11000  train 1.0713e-07  test 5.3771e-06  (27 epochs/s)
epoch  11100  train 1.0706e-07  test 5.1662e-06  (27 epochs/s)
epoch  11200  train 1.0701e-07  test 4.9693e-06  (27 epochs/s)
epoch  11300  train 1.0696e-07  test 4.8044e-06  (27 epochs/s)
epoch  11400  train 1.0692e-07  test 4.6398e-06  (27 epochs/s)
epoch  11500  train 1.0687e-07  test 4.4928e-06  (27 epochs/s)
epoch  11600  train 1.0684e-07  test 4.3537e-06  (27 epochs/s)
epoch  11700  train 1.0680e-07  test 4.2270e-06  (27 epochs/s)
epoch  11800  train 1.0677e-07  test 4.0927e-06  (27 epochs/s)
epoch  11900  train 1.0673e-07  test 3.9625e-06  (27 epochs/s)
epoch  12000  train 1.0669e-07  test 3.8382e-06  (27 epochs/s)
epoch  12100  train 1.0664e-07  test 3.7367e-06  (27 epochs/s)
epoch  12200  train 1.0658e-07  test 3.6365e-06  (27 epochs/s)
epoch  12300  train 1.0650e-07  test 3.5511e-06  (27 epochs/s)
epoch  12400  train 1.0639e-07  test 3.4763e-06  (27 epochs/s)
epoch  12500  train 1.0624e-07  test 3.4093e-06  (27 epochs/s)
epoch  12600  train 1.0603e-07  test 3.4058e-06  (27 epochs/s)
epoch  12700  train 1.0575e-07  test 3.4167e-06  (27 epochs/s)
epoch  12800  train 1.0540e-07  test 3.4388e-06  (27 epochs/s)
epoch  12900  train 1.0498e-07  test 3.4994e-06  (27 epochs/s)
epoch  13000  train 1.0454e-07  test 3.5617e-06  (27 epochs/s)
epoch  13100  train 1.0411e-07  test 3.6295e-06  (27 epochs/s)
epoch  13200  train 1.0375e-07  test 3.7393e-06  (27 epochs/s)
epoch  13300  train 1.0345e-07  test 3.8478e-06  (27 epochs/s)
epoch  13400  train 1.0323e-07  test 4.0028e-06  (27 epochs/s)
epoch  13500  train 1.0306e-07  test 4.1551e-06  (27 epochs/s)
epoch  13600  train 1.0294e-07  test 4.3039e-06  (27 epochs/s)
epoch  13700  train 1.0284e-07  test 4.4472e-06  (27 epochs/s)
epoch  13800  train 1.0277e-07  test 4.5851e-06  (27 epochs/s)
epoch  13900  train 1.0272e-07  test 4.7350e-06  (27 epochs/s)
epoch  14000  train 1.0265e-07  test 4.8998e-06  (27 epochs/s)
epoch  14100  train 1.0261e-07  test 5.0657e-06  (27 epochs/s)
epoch  14200  train 1.0257e-07  test 5.2135e-06  (27 epochs/s)
epoch  14300  train 1.0254e-07  test 5.3511e-06  (27 epochs/s)
epoch  14400  train 1.0250e-07  test 5.4995e-06  (27 epochs/s)
epoch  14500  train 1.0247e-07  test 5.6909e-06  (27 epochs/s)
epoch  14600  train 1.0245e-07  test 5.9215e-06  (27 epochs/s)
epoch  14700  train 1.0242e-07  test 6.1073e-06  (27 epochs/s)
epoch  14800  train 1.0239e-07  test 6.2305e-06  (27 epochs/s)
epoch  14900  train 1.0237e-07  test 6.3842e-06  (27 epochs/s)
epoch  15000  train 1.0234e-07  test 6.5545e-06  (27 epochs/s)
epoch  15100  train 1.0231e-07  test 6.7188e-06  (27 epochs/s)
epoch  15200  train 1.0228e-07  test 6.9123e-06  (27 epochs/s)
epoch  15300  train 1.0226e-07  test 7.1266e-06  (27 epochs/s)
epoch  15400  train 1.0224e-07  test 7.2876e-06  (27 epochs/s)
epoch  15500  train 1.0221e-07  test 7.3614e-06  (27 epochs/s)
epoch  15600  train 1.0218e-07  test 7.4883e-06  (27 epochs/s)
epoch  15700  train 1.0217e-07  test 7.6132e-06  (27 epochs/s)
epoch  15800  train 1.0215e-07  test 7.7349e-06  (27 epochs/s)
epoch  15900  train 1.0213e-07  test 7.8486e-06  (27 epochs/s)
epoch  16000  train 1.0212e-07  test 7.9202e-06  (27 epochs/s)
epoch  16100  train 1.0210e-07  test 8.0293e-06  (27 epochs/s)
epoch  16200  train 1.0208e-07  test 8.1805e-06  (27 epochs/s)
epoch  16300  train 1.0206e-07  test 8.3091e-06  (27 epochs/s)
epoch  16400  train 1.0205e-07  test 8.4218e-06  (27 epochs/s)
epoch  16500  train 1.0204e-07  test 8.5237e-06  (27 epochs/s)
epoch  16600  train 1.0202e-07  test 8.6556e-06  (27 epochs/s)
epoch  16700  train 1.0200e-07  test 8.7812e-06  (27 epochs/s)
epoch  16800  train 1.0199e-07  test 8.8933e-06  (27 epochs/s)
epoch  16900  train 1.0198e-07  test 8.9987e-06  (27 epochs/s)
epoch  17000  train 1.0196e-07  test 9.0947e-06  (27 epochs/s)
epoch  17100  train 1.0195e-07  test 9.1881e-06  (27 epochs/s)
epoch  17200  train 1.0193e-07  test 9.2947e-06  (27 epochs/s)
epoch  17300  train 1.0192e-07  test 9.4316e-06  (27 epochs/s)
epoch  17400  train 1.0191e-07  test 9.5320e-06  (27 epochs/s)
epoch  17500  train 1.0190e-07  test 9.6328e-06  (27 epochs/s)
epoch  17600  train 1.0189e-07  test 9.7194e-06  (27 epochs/s)
epoch  17700  train 1.0188e-07  test 9.7796e-06  (27 epochs/s)
epoch  17800  train 1.0186e-07  test 9.8347e-06  (27 epochs/s)
epoch  17900  train 1.0185e-07  test 9.9027e-06  (27 epochs/s)
epoch  18000  train 1.0184e-07  test 9.9920e-06  (27 epochs/s)
epoch  18100  train 1.0183e-07  test 1.0042e-05  (27 epochs/s)
epoch  18200  train 1.0182e-07  test 1.0113e-05  (27 epochs/s)
epoch  18300  train 1.0181e-07  test 1.0198e-05  (27 epochs/s)
epoch  18400  train 1.0180e-07  test 1.0244e-05  (27 epochs/s)
epoch  18500  train 1.0179e-07  test 1.0241e-05  (27 epochs/s)
epoch  18600  train 1.0178e-07  test 1.0233e-05  (27 epochs/s)
epoch  18700  train 1.0177e-07  test 1.0229e-05  (27 epochs/s)
epoch  18800  train 1.0176e-07  test 1.0244e-05  (27 epochs/s)
epoch  18900  train 1.0175e-07  test 1.0224e-05  (27 epochs/s)
epoch  19000  train 1.0175e-07  test 1.0198e-05  (27 epochs/s)
epoch  19100  train 1.0175e-07  test 1.0204e-05  (27 epochs/s)
epoch  19200  train 1.0173e-07  test 1.0206e-05  (27 epochs/s)
epoch  19300  train 1.0172e-07  test 1.0179e-05  (27 epochs/s)
epoch  19400  train 1.0172e-07  test 1.0151e-05  (27 epochs/s)
epoch  19500  train 1.0171e-07  test 1.0130e-05  (27 epochs/s)
epoch  19600  train 1.0170e-07  test 1.0115e-05  (27 epochs/s)
epoch  19700  train 1.0170e-07  test 1.0074e-05  (27 epochs/s)
epoch  19800  train 1.0169e-07  test 1.0054e-05  (27 epochs/s)
epoch  19900  train 1.0168e-07  test 1.0043e-05  (27 epochs/s)
epoch  20000  train 1.0168e-07  test 1.0058e-05  (27 epochs/s)
done: 20000 epochs in 738s -> runs/phase2-noise/p-113/seed2034/seed11285
=== phase2-noise init 33428 (21:54:02) ===
train: 3830  test: 8939
epoch    100  train 4.0005e+00  test 5.7036e+00  (27 epochs/s)
epoch    200  train 2.8149e+00  test 6.6018e+00  (26 epochs/s)
epoch    300  train 1.8686e+00  test 6.9933e+00  (24 epochs/s)
epoch    400  train 1.0753e+00  test 6.6685e+00  (23 epochs/s)
epoch    500  train 6.2678e-01  test 5.9277e+00  (24 epochs/s)
epoch    600  train 3.4438e-01  test 5.2608e+00  (24 epochs/s)
epoch    700  train 2.1640e-01  test 4.5885e+00  (24 epochs/s)
epoch    800  train 1.3543e-01  test 4.1213e+00  (25 epochs/s)
epoch    900  train 9.1285e-02  test 3.6900e+00  (25 epochs/s)
epoch   1000  train 6.0398e-02  test 3.2233e+00  (25 epochs/s)
epoch   1100  train 3.8496e-02  test 2.5936e+00  (25 epochs/s)
epoch   1200  train 2.2011e-02  test 1.8757e+00  (25 epochs/s)
epoch   1300  train 1.3370e-02  test 1.2070e+00  (25 epochs/s)
epoch   1400  train 7.2688e-03  test 6.7162e-01  (25 epochs/s)
epoch   1500  train 3.3410e-03  test 3.3836e-01  (25 epochs/s)
epoch   1600  train 1.7999e-03  test 1.4305e-01  (25 epochs/s)
epoch   1700  train 8.1477e-04  test 5.4057e-02  (25 epochs/s)
epoch   1800  train 3.2092e-04  test 1.8681e-02  (25 epochs/s)
epoch   1900  train 1.5515e-04  test 6.6576e-03  (25 epochs/s)
epoch   2000  train 8.0059e-05  test 2.6911e-03  (25 epochs/s)
epoch   2100  train 3.9410e-05  test 1.1004e-03  (25 epochs/s)
epoch   2200  train 5.9596e-05  test 6.6798e-04  (25 epochs/s)
epoch   2300  train 2.3504e-05  test 2.4572e-04  (25 epochs/s)
epoch   2400  train 8.9574e-06  test 1.1533e-04  (25 epochs/s)
epoch   2500  train 4.2119e-06  test 5.3398e-05  (25 epochs/s)
epoch   2600  train 1.7394e-06  test 1.5209e-05  (25 epochs/s)
epoch   2700  train 6.5787e-07  test 5.2285e-06  (25 epochs/s)
epoch   2800  train 5.0079e-07  test 2.9909e-06  (25 epochs/s)
epoch   2900  train 2.0384e-07  test 1.5224e-06  (25 epochs/s)
epoch   3000  train 1.5005e-07  test 8.0320e-07  (25 epochs/s)
epoch   3100  train 1.9556e-07  test 6.5999e-07  (25 epochs/s)
epoch   3200  train 1.4158e-07  test 4.8952e-07  (25 epochs/s)
epoch   3300  train 1.8639e-07  test 3.0153e-07  (25 epochs/s)
epoch   3400  train 1.4765e-07  test 2.9334e-07  (25 epochs/s)
epoch   3500  train 1.2047e-07  test 2.3511e-07  (26 epochs/s)
epoch   3600  train 1.4261e-07  test 2.0309e-07  (26 epochs/s)
epoch   3700  train 9.7398e-08  test 2.1871e-07  (26 epochs/s)
epoch   3800  train 1.2487e-07  test 2.2543e-07  (26 epochs/s)
epoch   3900  train 1.0030e-07  test 1.9757e-07  (26 epochs/s)
epoch   4000  train 1.2037e-07  test 2.1009e-07  (26 epochs/s)
epoch   4100  train 1.0150e-07  test 2.1442e-07  (26 epochs/s)
epoch   4200  train 1.3251e-07  test 2.0257e-07  (26 epochs/s)
epoch   4300  train 1.1959e-07  test 2.1001e-07  (26 epochs/s)
epoch   4400  train 1.0873e-07  test 2.0256e-07  (26 epochs/s)
epoch   4500  train 1.0112e-07  test 2.2025e-07  (26 epochs/s)
epoch   4600  train 1.0880e-07  test 2.2138e-07  (26 epochs/s)
epoch   4700  train 1.0704e-07  test 2.2407e-07  (26 epochs/s)
epoch   4800  train 1.1650e-07  test 2.3032e-07  (26 epochs/s)
epoch   4900  train 1.0343e-07  test 2.3059e-07  (27 epochs/s)
epoch   5000  train 1.0780e-07  test 2.4171e-07  (27 epochs/s)
epoch   5100  train 1.0406e-07  test 2.4700e-07  (27 epochs/s)
epoch   5200  train 1.1060e-07  test 2.5112e-07  (27 epochs/s)
epoch   5300  train 1.0128e-07  test 2.5401e-07  (27 epochs/s)
epoch   5400  train 1.0348e-07  test 2.6338e-07  (27 epochs/s)
epoch   5500  train 1.0434e-07  test 2.6804e-07  (27 epochs/s)
epoch   5600  train 1.0037e-07  test 2.6885e-07  (27 epochs/s)
epoch   5700  train 1.0159e-07  test 2.7222e-07  (27 epochs/s)
epoch   5800  train 1.0182e-07  test 2.7541e-07  (27 epochs/s)
epoch   5900  train 1.0200e-07  test 2.7722e-07  (27 epochs/s)
epoch   6000  train 1.0173e-07  test 2.7785e-07  (27 epochs/s)
epoch   6100  train 1.0167e-07  test 2.7858e-07  (27 epochs/s)
epoch   6200  train 1.0165e-07  test 2.7893e-07  (28 epochs/s)
epoch   6300  train 1.0163e-07  test 2.7914e-07  (28 epochs/s)
epoch   6400  train 1.0161e-07  test 2.7927e-07  (28 epochs/s)
epoch   6500  train 1.0160e-07  test 2.7944e-07  (28 epochs/s)
epoch   6600  train 1.0158e-07  test 2.7956e-07  (28 epochs/s)
epoch   6700  train 1.0156e-07  test 2.7973e-07  (28 epochs/s)
epoch   6800  train 1.0155e-07  test 2.7991e-07  (28 epochs/s)
epoch   6900  train 1.0153e-07  test 2.8004e-07  (28 epochs/s)
epoch   7000  train 1.0152e-07  test 2.8017e-07  (28 epochs/s)
epoch   7100  train 1.0150e-07  test 2.8034e-07  (28 epochs/s)
epoch   7200  train 1.0149e-07  test 2.8059e-07  (28 epochs/s)
epoch   7300  train 1.0147e-07  test 2.8086e-07  (28 epochs/s)
epoch   7400  train 1.0146e-07  test 2.8115e-07  (28 epochs/s)
epoch   7500  train 1.0145e-07  test 2.8145e-07  (28 epochs/s)
epoch   7600  train 1.0144e-07  test 2.8175e-07  (28 epochs/s)
epoch   7700  train 1.0142e-07  test 2.8197e-07  (28 epochs/s)
epoch   7800  train 1.0141e-07  test 2.8210e-07  (28 epochs/s)
epoch   7900  train 1.0140e-07  test 2.8243e-07  (28 epochs/s)
epoch   8000  train 1.0139e-07  test 2.8262e-07  (29 epochs/s)
epoch   8100  train 1.0138e-07  test 2.8279e-07  (29 epochs/s)
epoch   8200  train 1.0137e-07  test 2.8311e-07  (29 epochs/s)
epoch   8300  train 1.0136e-07  test 2.8335e-07  (29 epochs/s)
epoch   8400  train 1.0135e-07  test 2.8361e-07  (29 epochs/s)
epoch   8500  train 1.0134e-07  test 2.8382e-07  (29 epochs/s)
epoch   8600  train 1.0133e-07  test 2.8412e-07  (29 epochs/s)
epoch   8700  train 1.0132e-07  test 2.8431e-07  (29 epochs/s)
epoch   8800  train 1.0131e-07  test 2.8453e-07  (29 epochs/s)
epoch   8900  train 1.0130e-07  test 2.8485e-07  (29 epochs/s)
epoch   9000  train 1.0129e-07  test 2.8503e-07  (29 epochs/s)
epoch   9100  train 1.0128e-07  test 2.8532e-07  (29 epochs/s)
epoch   9200  train 1.0127e-07  test 2.8548e-07  (29 epochs/s)
epoch   9300  train 1.0126e-07  test 2.8558e-07  (29 epochs/s)
epoch   9400  train 1.0126e-07  test 2.8570e-07  (29 epochs/s)
epoch   9500  train 1.0125e-07  test 2.8583e-07  (29 epochs/s)
epoch   9600  train 1.0124e-07  test 2.8601e-07  (29 epochs/s)
epoch   9700  train 1.0123e-07  test 2.8623e-07  (29 epochs/s)
epoch   9800  train 1.0122e-07  test 2.8643e-07  (29 epochs/s)
epoch   9900  train 1.0122e-07  test 2.8656e-07  (29 epochs/s)
epoch  10000  train 1.0121e-07  test 2.8669e-07  (29 epochs/s)
epoch  10100  train 1.0120e-07  test 2.8684e-07  (29 epochs/s)
epoch  10200  train 1.0119e-07  test 2.8702e-07  (29 epochs/s)
epoch  10300  train 1.0119e-07  test 2.8721e-07  (29 epochs/s)
epoch  10400  train 1.0118e-07  test 2.8733e-07  (29 epochs/s)
epoch  10500  train 1.0117e-07  test 2.8744e-07  (29 epochs/s)
epoch  10600  train 1.0117e-07  test 2.8768e-07  (29 epochs/s)
epoch  10700  train 1.0116e-07  test 2.8772e-07  (29 epochs/s)
epoch  10800  train 1.0115e-07  test 2.8793e-07  (29 epochs/s)
epoch  10900  train 1.0114e-07  test 2.8813e-07  (29 epochs/s)
epoch  11000  train 1.0114e-07  test 2.8836e-07  (29 epochs/s)
epoch  11100  train 1.0113e-07  test 2.8850e-07  (29 epochs/s)
epoch  11200  train 1.0113e-07  test 2.8865e-07  (29 epochs/s)
epoch  11300  train 1.0112e-07  test 2.8881e-07  (29 epochs/s)
epoch  11400  train 1.0111e-07  test 2.8892e-07  (29 epochs/s)
epoch  11500  train 1.0111e-07  test 2.8909e-07  (29 epochs/s)
epoch  11600  train 1.0110e-07  test 2.8935e-07  (29 epochs/s)
epoch  11700  train 1.0109e-07  test 2.8948e-07  (29 epochs/s)
epoch  11800  train 1.0109e-07  test 2.8959e-07  (29 epochs/s)
epoch  11900  train 1.0108e-07  test 2.8971e-07  (29 epochs/s)
epoch  12000  train 1.0108e-07  test 2.8989e-07  (29 epochs/s)
epoch  12100  train 1.0107e-07  test 2.8994e-07  (29 epochs/s)
epoch  12200  train 1.0106e-07  test 2.9012e-07  (29 epochs/s)
epoch  12300  train 1.0106e-07  test 2.9020e-07  (29 epochs/s)
epoch  12400  train 1.0105e-07  test 2.9040e-07  (29 epochs/s)
epoch  12500  train 1.0105e-07  test 2.9048e-07  (29 epochs/s)
epoch  12600  train 1.0104e-07  test 2.9061e-07  (30 epochs/s)
epoch  12700  train 1.0104e-07  test 2.9084e-07  (30 epochs/s)
epoch  12800  train 1.0103e-07  test 2.9093e-07  (30 epochs/s)
epoch  12900  train 1.0103e-07  test 2.9105e-07  (30 epochs/s)
epoch  13000  train 1.0102e-07  test 2.9118e-07  (30 epochs/s)
epoch  13100  train 1.0102e-07  test 2.9137e-07  (30 epochs/s)
epoch  13200  train 1.0101e-07  test 2.9151e-07  (30 epochs/s)
epoch  13300  train 1.0101e-07  test 2.9163e-07  (30 epochs/s)
epoch  13400  train 1.0100e-07  test 2.9183e-07  (30 epochs/s)
epoch  13500  train 1.0100e-07  test 2.9201e-07  (30 epochs/s)
epoch  13600  train 1.0099e-07  test 2.9218e-07  (30 epochs/s)
epoch  13700  train 1.0099e-07  test 2.9236e-07  (30 epochs/s)
epoch  13800  train 1.0098e-07  test 2.9251e-07  (30 epochs/s)
epoch  13900  train 1.0098e-07  test 2.9262e-07  (30 epochs/s)
epoch  14000  train 1.0097e-07  test 2.9288e-07  (30 epochs/s)
epoch  14100  train 1.0097e-07  test 2.9302e-07  (30 epochs/s)
epoch  14200  train 1.0096e-07  test 2.9314e-07  (30 epochs/s)
epoch  14300  train 1.0096e-07  test 2.9331e-07  (30 epochs/s)
epoch  14400  train 1.0096e-07  test 2.9345e-07  (30 epochs/s)
epoch  14500  train 1.0095e-07  test 2.9349e-07  (30 epochs/s)
epoch  14600  train 1.0095e-07  test 2.9350e-07  (30 epochs/s)
epoch  14700  train 1.0094e-07  test 2.9356e-07  (30 epochs/s)
epoch  14800  train 1.0094e-07  test 2.9364e-07  (30 epochs/s)
epoch  14900  train 1.0093e-07  test 2.9362e-07  (30 epochs/s)
epoch  15000  train 1.0093e-07  test 2.9375e-07  (30 epochs/s)
epoch  15100  train 1.0092e-07  test 2.9377e-07  (30 epochs/s)
epoch  15200  train 1.0092e-07  test 2.9390e-07  (30 epochs/s)
epoch  15300  train 1.0091e-07  test 2.9396e-07  (30 epochs/s)
epoch  15400  train 1.0091e-07  test 2.9414e-07  (30 epochs/s)
epoch  15500  train 1.0091e-07  test 2.9419e-07  (30 epochs/s)
epoch  15600  train 1.0090e-07  test 2.9427e-07  (30 epochs/s)
epoch  15700  train 1.0090e-07  test 2.9431e-07  (30 epochs/s)
epoch  15800  train 1.0090e-07  test 2.9439e-07  (30 epochs/s)
epoch  15900  train 1.0089e-07  test 2.9460e-07  (30 epochs/s)
epoch  16000  train 1.0089e-07  test 2.9463e-07  (30 epochs/s)
epoch  16100  train 1.0088e-07  test 2.9474e-07  (30 epochs/s)
epoch  16200  train 1.0088e-07  test 2.9488e-07  (30 epochs/s)
epoch  16300  train 1.0087e-07  test 2.9503e-07  (30 epochs/s)
epoch  16400  train 1.0087e-07  test 2.9510e-07  (30 epochs/s)
epoch  16500  train 1.0087e-07  test 2.9522e-07  (30 epochs/s)
epoch  16600  train 1.0086e-07  test 2.9531e-07  (30 epochs/s)
epoch  16700  train 1.0086e-07  test 2.9536e-07  (30 epochs/s)
epoch  16800  train 1.0086e-07  test 2.9547e-07  (30 epochs/s)
epoch  16900  train 1.0085e-07  test 2.9565e-07  (30 epochs/s)
epoch  17000  train 1.0085e-07  test 2.9575e-07  (30 epochs/s)
epoch  17100  train 1.0084e-07  test 2.9577e-07  (30 epochs/s)
epoch  17200  train 1.0084e-07  test 2.9590e-07  (30 epochs/s)
epoch  17300  train 1.0084e-07  test 2.9593e-07  (30 epochs/s)
epoch  17400  train 1.0083e-07  test 2.9599e-07  (30 epochs/s)
epoch  17500  train 1.0083e-07  test 2.9618e-07  (30 epochs/s)
epoch  17600  train 1.0083e-07  test 2.9632e-07  (30 epochs/s)
epoch  17700  train 1.0082e-07  test 2.9640e-07  (30 epochs/s)
epoch  17800  train 1.0082e-07  test 2.9656e-07  (30 epochs/s)
epoch  17900  train 1.0082e-07  test 2.9678e-07  (30 epochs/s)
epoch  18000  train 1.0081e-07  test 2.9678e-07  (30 epochs/s)
epoch  18100  train 1.0081e-07  test 2.9685e-07  (30 epochs/s)
epoch  18200  train 1.0081e-07  test 2.9711e-07  (30 epochs/s)
epoch  18300  train 1.0080e-07  test 2.9719e-07  (30 epochs/s)
epoch  18400  train 1.0080e-07  test 2.9730e-07  (30 epochs/s)
epoch  18500  train 1.0080e-07  test 2.9742e-07  (30 epochs/s)
epoch  18600  train 1.0079e-07  test 2.9748e-07  (30 epochs/s)
epoch  18700  train 1.0079e-07  test 2.9758e-07  (30 epochs/s)
epoch  18800  train 1.0079e-07  test 2.9769e-07  (30 epochs/s)
epoch  18900  train 1.0078e-07  test 2.9781e-07  (30 epochs/s)
epoch  19000  train 1.0078e-07  test 2.9784e-07  (30 epochs/s)
epoch  19100  train 1.0077e-07  test 2.9791e-07  (30 epochs/s)
epoch  19200  train 1.0077e-07  test 2.9797e-07  (30 epochs/s)
epoch  19300  train 1.0077e-07  test 2.9803e-07  (30 epochs/s)
epoch  19400  train 1.0076e-07  test 2.9810e-07  (30 epochs/s)
epoch  19500  train 1.0076e-07  test 2.9815e-07  (30 epochs/s)
epoch  19600  train 1.0076e-07  test 2.9816e-07  (30 epochs/s)
epoch  19700  train 1.0075e-07  test 2.9818e-07  (30 epochs/s)
epoch  19800  train 1.0075e-07  test 2.9822e-07  (30 epochs/s)
epoch  19900  train 1.0075e-07  test 2.9828e-07  (30 epochs/s)
epoch  20000  train 1.0075e-07  test 2.9823e-07  (30 epochs/s)
done: 20000 epochs in 675s -> runs/phase2-noise/p-113/seed2034/seed33428
=== phase2-noise init 777 (22:05:17) ===
train: 3830  test: 8939
epoch    100  train 3.9214e+00  test 5.7811e+00  (30 epochs/s)
epoch    200  train 2.8245e+00  test 6.8174e+00  (28 epochs/s)
epoch    300  train 1.9050e+00  test 7.4725e+00  (26 epochs/s)
epoch    400  train 1.1767e+00  test 7.4534e+00  (25 epochs/s)
epoch    500  train 7.0926e-01  test 6.8883e+00  (25 epochs/s)
epoch    600  train 3.9454e-01  test 6.1632e+00  (26 epochs/s)
epoch    700  train 2.4756e-01  test 5.3076e+00  (26 epochs/s)
epoch    800  train 1.3497e-01  test 4.1043e+00  (27 epochs/s)
epoch    900  train 6.9612e-02  test 2.7744e+00  (27 epochs/s)
epoch   1000  train 2.5180e-02  test 1.5661e+00  (27 epochs/s)
epoch   1100  train 1.7137e-02  test 7.5956e-01  (27 epochs/s)
epoch   1200  train 6.0203e-03  test 3.2801e-01  (27 epochs/s)
epoch   1300  train 4.6009e-03  test 1.6305e-01  (27 epochs/s)
epoch   1400  train 2.7284e-03  test 8.9866e-02  (27 epochs/s)
epoch   1500  train 1.5573e-03  test 5.8620e-02  (27 epochs/s)
epoch   1600  train 7.6138e-04  test 3.6655e-02  (27 epochs/s)
epoch   1700  train 9.4890e-04  test 3.0893e-02  (27 epochs/s)
epoch   1800  train 4.5744e-04  test 1.8062e-02  (27 epochs/s)
epoch   1900  train 4.7114e-04  test 1.4810e-02  (27 epochs/s)
epoch   2000  train 5.4059e-04  test 1.1080e-02  (27 epochs/s)
epoch   2100  train 2.4935e-04  test 6.7907e-03  (27 epochs/s)
epoch   2200  train 1.7992e-04  test 4.9273e-03  (27 epochs/s)
epoch   2300  train 1.3997e-04  test 3.6154e-03  (28 epochs/s)
epoch   2400  train 5.9521e-05  test 1.9244e-03  (28 epochs/s)
epoch   2500  train 2.7354e-05  test 1.2271e-03  (28 epochs/s)
epoch   2600  train 1.6828e-05  test 7.4354e-04  (28 epochs/s)
epoch   2700  train 7.9539e-06  test 4.2301e-04  (28 epochs/s)
epoch   2800  train 6.3744e-06  test 4.4802e-04  (28 epochs/s)
epoch   2900  train 3.5576e-06  test 2.0774e-04  (28 epochs/s)
epoch   3000  train 1.7356e-06  test 8.6841e-05  (28 epochs/s)
epoch   3100  train 1.1965e-06  test 1.1443e-04  (28 epochs/s)
epoch   3200  train 1.9204e-06  test 5.2455e-05  (28 epochs/s)
epoch   3300  train 1.1537e-06  test 2.8476e-05  (28 epochs/s)
epoch   3400  train 5.4932e-07  test 1.1888e-05  (28 epochs/s)
epoch   3500  train 3.3486e-07  test 7.7609e-06  (28 epochs/s)
epoch   3600  train 2.0473e-07  test 4.6241e-06  (28 epochs/s)
epoch   3700  train 1.8927e-07  test 3.3694e-06  (28 epochs/s)
epoch   3800  train 1.4211e-07  test 2.1178e-06  (28 epochs/s)
epoch   3900  train 1.2524e-07  test 1.4047e-06  (28 epochs/s)
epoch   4000  train 1.2183e-07  test 1.2966e-06  (28 epochs/s)
epoch   4100  train 1.3389e-07  test 1.1115e-06  (28 epochs/s)
epoch   4200  train 1.2728e-07  test 1.0379e-06  (28 epochs/s)
epoch   4300  train 1.3043e-07  test 7.7926e-07  (28 epochs/s)
epoch   4400  train 1.2502e-07  test 7.3147e-07  (28 epochs/s)
epoch   4500  train 1.1723e-07  test 6.1740e-07  (28 epochs/s)
epoch   4600  train 1.0731e-07  test 7.3658e-07  (28 epochs/s)
epoch   4700  train 9.5699e-08  test 6.0487e-07  (28 epochs/s)
epoch   4800  train 9.1045e-08  test 4.5883e-07  (28 epochs/s)
epoch   4900  train 9.5922e-08  test 4.6162e-07  (28 epochs/s)
epoch   5000  train 9.8549e-08  test 4.2150e-07  (28 epochs/s)
epoch   5100  train 9.6858e-08  test 3.6365e-07  (28 epochs/s)
epoch   5200  train 9.7185e-08  test 3.3624e-07  (28 epochs/s)
epoch   5300  train 9.4629e-08  test 3.1894e-07  (28 epochs/s)
epoch   5400  train 9.0954e-08  test 2.9615e-07  (28 epochs/s)
epoch   5500  train 9.3548e-08  test 2.7692e-07  (28 epochs/s)
epoch   5600  train 9.2703e-08  test 2.6492e-07  (28 epochs/s)
epoch   5700  train 9.3386e-08  test 2.4844e-07  (28 epochs/s)
epoch   5800  train 9.1506e-08  test 2.3787e-07  (28 epochs/s)
epoch   5900  train 9.1154e-08  test 2.2636e-07  (28 epochs/s)
epoch   6000  train 9.1422e-08  test 2.1777e-07  (28 epochs/s)
epoch   6100  train 9.1313e-08  test 2.0948e-07  (28 epochs/s)
epoch   6200  train 9.1218e-08  test 2.0232e-07  (28 epochs/s)
epoch   6300  train 9.1129e-08  test 1.9643e-07  (28 epochs/s)
epoch   6400  train 9.1037e-08  test 1.9130e-07  (28 epochs/s)
epoch   6500  train 9.0956e-08  test 1.8704e-07  (28 epochs/s)
epoch   6600  train 9.0881e-08  test 1.8344e-07  (28 epochs/s)
epoch   6700  train 9.0812e-08  test 1.8053e-07  (27 epochs/s)
epoch   6800  train 9.0744e-08  test 1.7803e-07  (27 epochs/s)
epoch   6900  train 9.0684e-08  test 1.7587e-07  (27 epochs/s)
epoch   7000  train 9.0623e-08  test 1.7391e-07  (27 epochs/s)
epoch   7100  train 9.0566e-08  test 1.7226e-07  (27 epochs/s)
epoch   7200  train 9.0510e-08  test 1.7077e-07  (27 epochs/s)
epoch   7300  train 9.0458e-08  test 1.6950e-07  (27 epochs/s)
epoch   7400  train 9.0410e-08  test 1.6838e-07  (27 epochs/s)
epoch   7500  train 9.0363e-08  test 1.6742e-07  (27 epochs/s)
epoch   7600  train 9.0322e-08  test 1.6653e-07  (27 epochs/s)
epoch   7700  train 9.0280e-08  test 1.6573e-07  (27 epochs/s)
epoch   7800  train 9.0242e-08  test 1.6502e-07  (27 epochs/s)
epoch   7900  train 9.0205e-08  test 1.6440e-07  (27 epochs/s)
epoch   8000  train 9.0173e-08  test 1.6382e-07  (27 epochs/s)
epoch   8100  train 9.0143e-08  test 1.6330e-07  (27 epochs/s)
epoch   8200  train 9.0112e-08  test 1.6281e-07  (27 epochs/s)
epoch   8300  train 9.0083e-08  test 1.6237e-07  (27 epochs/s)
epoch   8400  train 9.0058e-08  test 1.6198e-07  (27 epochs/s)
epoch   8500  train 9.0033e-08  test 1.6161e-07  (27 epochs/s)
epoch   8600  train 9.0012e-08  test 1.6128e-07  (27 epochs/s)
epoch   8700  train 8.9989e-08  test 1.6097e-07  (27 epochs/s)
epoch   8800  train 8.9969e-08  test 1.6070e-07  (27 epochs/s)
epoch   8900  train 8.9952e-08  test 1.6047e-07  (27 epochs/s)
epoch   9000  train 8.9934e-08  test 1.6027e-07  (27 epochs/s)
epoch   9100  train 8.9915e-08  test 1.6006e-07  (27 epochs/s)
epoch   9200  train 8.9898e-08  test 1.5988e-07  (27 epochs/s)
epoch   9300  train 8.9881e-08  test 1.5971e-07  (27 epochs/s)
epoch   9400  train 8.9865e-08  test 1.5960e-07  (27 epochs/s)
epoch   9500  train 8.9852e-08  test 1.5944e-07  (27 epochs/s)
epoch   9600  train 8.9838e-08  test 1.5928e-07  (27 epochs/s)
epoch   9700  train 8.9825e-08  test 1.5915e-07  (27 epochs/s)
epoch   9800  train 8.9812e-08  test 1.5902e-07  (27 epochs/s)
epoch   9900  train 8.9800e-08  test 1.5890e-07  (27 epochs/s)
epoch  10000  train 8.9789e-08  test 1.5880e-07  (27 epochs/s)
epoch  10100  train 8.9778e-08  test 1.5869e-07  (27 epochs/s)
epoch  10200  train 8.9769e-08  test 1.5860e-07  (27 epochs/s)
epoch  10300  train 8.9758e-08  test 1.5853e-07  (27 epochs/s)
epoch  10400  train 8.9748e-08  test 1.5845e-07  (27 epochs/s)
epoch  10500  train 8.9739e-08  test 1.5836e-07  (27 epochs/s)
epoch  10600  train 8.9731e-08  test 1.5828e-07  (27 epochs/s)
epoch  10700  train 8.9721e-08  test 1.5820e-07  (27 epochs/s)
epoch  10800  train 8.9713e-08  test 1.5810e-07  (27 epochs/s)
epoch  10900  train 8.9705e-08  test 1.5802e-07  (27 epochs/s)
epoch  11000  train 8.9698e-08  test 1.5796e-07  (27 epochs/s)
epoch  11100  train 8.9691e-08  test 1.5789e-07  (27 epochs/s)
epoch  11200  train 8.9684e-08  test 1.5782e-07  (27 epochs/s)
epoch  11300  train 8.9677e-08  test 1.5778e-07  (27 epochs/s)
epoch  11400  train 8.9669e-08  test 1.5772e-07  (27 epochs/s)
epoch  11500  train 8.9662e-08  test 1.5766e-07  (27 epochs/s)
epoch  11600  train 8.9656e-08  test 1.5759e-07  (27 epochs/s)
epoch  11700  train 8.9649e-08  test 1.5752e-07  (27 epochs/s)
epoch  11800  train 8.9643e-08  test 1.5747e-07  (27 epochs/s)
epoch  11900  train 8.9637e-08  test 1.5743e-07  (27 epochs/s)
epoch  12000  train 8.9631e-08  test 1.5736e-07  (27 epochs/s)
epoch  12100  train 8.9626e-08  test 1.5729e-07  (27 epochs/s)
epoch  12200  train 8.9620e-08  test 1.5723e-07  (27 epochs/s)
epoch  12300  train 8.9616e-08  test 1.5717e-07  (27 epochs/s)
epoch  12400  train 8.9610e-08  test 1.5711e-07  (27 epochs/s)
epoch  12500  train 8.9604e-08  test 1.5707e-07  (27 epochs/s)
epoch  12600  train 8.9599e-08  test 1.5705e-07  (27 epochs/s)
epoch  12700  train 8.9593e-08  test 1.5701e-07  (27 epochs/s)
epoch  12800  train 8.9588e-08  test 1.5699e-07  (27 epochs/s)
epoch  12900  train 8.9583e-08  test 1.5695e-07  (27 epochs/s)
epoch  13000  train 8.9579e-08  test 1.5694e-07  (27 epochs/s)
epoch  13100  train 8.9574e-08  test 1.5690e-07  (27 epochs/s)
epoch  13200  train 8.9569e-08  test 1.5687e-07  (27 epochs/s)
epoch  13300  train 8.9563e-08  test 1.5682e-07  (27 epochs/s)
epoch  13400  train 8.9559e-08  test 1.5679e-07  (27 epochs/s)
epoch  13500  train 8.9554e-08  test 1.5674e-07  (27 epochs/s)
epoch  13600  train 8.9549e-08  test 1.5670e-07  (27 epochs/s)
epoch  13700  train 8.9545e-08  test 1.5667e-07  (27 epochs/s)
epoch  13800  train 8.9541e-08  test 1.5667e-07  (27 epochs/s)
epoch  13900  train 8.9536e-08  test 1.5665e-07  (27 epochs/s)
epoch  14000  train 8.9532e-08  test 1.5664e-07  (27 epochs/s)
epoch  14100  train 8.9527e-08  test 1.5662e-07  (27 epochs/s)
epoch  14200  train 8.9523e-08  test 1.5658e-07  (27 epochs/s)
epoch  14300  train 8.9519e-08  test 1.5655e-07  (27 epochs/s)
epoch  14400  train 8.9514e-08  test 1.5651e-07  (27 epochs/s)
epoch  14500  train 8.9510e-08  test 1.5649e-07  (27 epochs/s)
epoch  14600  train 8.9506e-08  test 1.5645e-07  (27 epochs/s)
epoch  14700  train 8.9502e-08  test 1.5641e-07  (27 epochs/s)
epoch  14800  train 8.9497e-08  test 1.5640e-07  (27 epochs/s)
epoch  14900  train 8.9493e-08  test 1.5638e-07  (27 epochs/s)
epoch  15000  train 8.9490e-08  test 1.5635e-07  (27 epochs/s)
epoch  15100  train 8.9487e-08  test 1.5631e-07  (27 epochs/s)
epoch  15200  train 8.9482e-08  test 1.5629e-07  (27 epochs/s)
epoch  15300  train 8.9479e-08  test 1.5628e-07  (27 epochs/s)
epoch  15400  train 8.9475e-08  test 1.5625e-07  (27 epochs/s)
epoch  15500  train 8.9471e-08  test 1.5623e-07  (27 epochs/s)
epoch  15600  train 8.9467e-08  test 1.5622e-07  (27 epochs/s)
epoch  15700  train 8.9463e-08  test 1.5620e-07  (27 epochs/s)
epoch  15800  train 8.9459e-08  test 1.5619e-07  (27 epochs/s)
epoch  15900  train 8.9456e-08  test 1.5618e-07  (27 epochs/s)
epoch  16000  train 8.9452e-08  test 1.5616e-07  (27 epochs/s)
epoch  16100  train 8.9448e-08  test 1.5613e-07  (27 epochs/s)
epoch  16200  train 8.9444e-08  test 1.5612e-07  (27 epochs/s)
epoch  16300  train 8.9440e-08  test 1.5612e-07  (27 epochs/s)
epoch  16400  train 8.9437e-08  test 1.5610e-07  (27 epochs/s)
epoch  16500  train 8.9433e-08  test 1.5607e-07  (27 epochs/s)
epoch  16600  train 8.9429e-08  test 1.5606e-07  (27 epochs/s)
epoch  16700  train 8.9426e-08  test 1.5606e-07  (27 epochs/s)
epoch  16800  train 8.9422e-08  test 1.5607e-07  (27 epochs/s)
epoch  16900  train 8.9419e-08  test 1.5609e-07  (27 epochs/s)
epoch  17000  train 8.9415e-08  test 1.5610e-07  (27 epochs/s)
epoch  17100  train 8.9411e-08  test 1.5611e-07  (27 epochs/s)
epoch  17200  train 8.9408e-08  test 1.5611e-07  (27 epochs/s)
epoch  17300  train 8.9405e-08  test 1.5611e-07  (27 epochs/s)
epoch  17400  train 8.9401e-08  test 1.5611e-07  (27 epochs/s)
epoch  17500  train 8.9398e-08  test 1.5610e-07  (27 epochs/s)
epoch  17600  train 8.9394e-08  test 1.5611e-07  (27 epochs/s)
epoch  17700  train 8.9391e-08  test 1.5613e-07  (27 epochs/s)
epoch  17800  train 8.9387e-08  test 1.5614e-07  (27 epochs/s)
epoch  17900  train 8.9384e-08  test 1.5615e-07  (27 epochs/s)
epoch  18000  train 8.9381e-08  test 1.5615e-07  (27 epochs/s)
epoch  18100  train 8.9377e-08  test 1.5616e-07  (27 epochs/s)
epoch  18200  train 8.9375e-08  test 1.5617e-07  (27 epochs/s)
epoch  18300  train 8.9372e-08  test 1.5618e-07  (27 epochs/s)
epoch  18400  train 8.9368e-08  test 1.5619e-07  (27 epochs/s)
epoch  18500  train 8.9364e-08  test 1.5620e-07  (27 epochs/s)
epoch  18600  train 8.9361e-08  test 1.5620e-07  (27 epochs/s)
epoch  18700  train 8.9358e-08  test 1.5620e-07  (27 epochs/s)
epoch  18800  train 8.9355e-08  test 1.5621e-07  (27 epochs/s)
epoch  18900  train 8.9352e-08  test 1.5622e-07  (27 epochs/s)
epoch  19000  train 8.9348e-08  test 1.5621e-07  (27 epochs/s)
epoch  19100  train 8.9345e-08  test 1.5622e-07  (27 epochs/s)
epoch  19200  train 8.9341e-08  test 1.5622e-07  (27 epochs/s)
epoch  19300  train 8.9338e-08  test 1.5621e-07  (27 epochs/s)
epoch  19400  train 8.9335e-08  test 1.5621e-07  (27 epochs/s)
epoch  19500  train 8.9333e-08  test 1.5622e-07  (26 epochs/s)
epoch  19600  train 8.9330e-08  test 1.5623e-07  (26 epochs/s)
epoch  19700  train 8.9327e-08  test 1.5623e-07  (26 epochs/s)
epoch  19800  train 8.9324e-08  test 1.5623e-07  (26 epochs/s)
epoch  19900  train 8.9322e-08  test 1.5624e-07  (26 epochs/s)
epoch  20000  train 8.9318e-08  test 1.5626e-07  (26 epochs/s)
done: 20000 epochs in 755s -> runs/phase2-noise/p-113/seed2034/seed777
=== phase2-noise init 4242 (22:17:53) ===
train: 3830  test: 8939
epoch    100  train 4.0624e+00  test 5.6199e+00  (26 epochs/s)
epoch    200  train 2.8609e+00  test 6.4279e+00  (23 epochs/s)
epoch    300  train 1.6348e+00  test 5.8860e+00  (23 epochs/s)
epoch    400  train 9.9085e-01  test 5.5383e+00  (24 epochs/s)
epoch    500  train 6.4311e-01  test 5.3849e+00  (24 epochs/s)
epoch    600  train 4.1019e-01  test 5.0206e+00  (25 epochs/s)
epoch    700  train 2.3146e-01  test 4.4807e+00  (25 epochs/s)
epoch    800  train 1.3618e-01  test 3.5989e+00  (25 epochs/s)
epoch    900  train 6.6723e-02  test 2.5294e+00  (25 epochs/s)
epoch   1000  train 3.2374e-02  test 1.6407e+00  (25 epochs/s)
epoch   1100  train 1.7843e-02  test 9.7343e-01  (25 epochs/s)
epoch   1200  train 9.1097e-03  test 5.1270e-01  (25 epochs/s)
epoch   1300  train 4.4875e-03  test 2.1050e-01  (25 epochs/s)
epoch   1400  train 1.7878e-03  test 7.8903e-02  (25 epochs/s)
epoch   1500  train 1.1066e-03  test 2.3717e-02  (25 epochs/s)
epoch   1600  train 3.5388e-04  test 7.5060e-03  (25 epochs/s)
epoch   1700  train 1.9861e-04  test 1.9636e-03  (25 epochs/s)
epoch   1800  train 7.3063e-05  test 5.0362e-04  (25 epochs/s)
epoch   1900  train 2.7398e-05  test 1.4026e-04  (25 epochs/s)
epoch   2000  train 5.5086e-05  test 9.3375e-05  (25 epochs/s)
epoch   2100  train 2.8712e-05  test 6.6131e-05  (25 epochs/s)
epoch   2200  train 1.5981e-05  test 3.0352e-05  (25 epochs/s)
epoch   2300  train 4.3653e-06  test 9.5538e-06  (25 epochs/s)
epoch   2400  train 2.9937e-06  test 3.8802e-06  (25 epochs/s)
epoch   2500  train 1.0874e-05  test 2.2194e-05  (25 epochs/s)
epoch   2600  train 6.2272e-06  test 8.5991e-06  (25 epochs/s)
epoch   2700  train 3.0016e-06  test 4.2202e-06  (25 epochs/s)
epoch   2800  train 1.4546e-06  test 1.7684e-06  (25 epochs/s)
epoch   2900  train 8.0997e-07  test 9.7939e-07  (25 epochs/s)
epoch   3000  train 2.5423e-07  test 4.8475e-07  (25 epochs/s)
epoch   3100  train 1.9069e-07  test 3.6558e-07  (25 epochs/s)
epoch   3200  train 1.9131e-07  test 2.6607e-07  (25 epochs/s)
epoch   3300  train 1.5767e-07  test 2.0813e-07  (25 epochs/s)
epoch   3400  train 1.2597e-07  test 2.0991e-07  (25 epochs/s)
epoch   3500  train 1.4846e-07  test 2.0750e-07  (25 epochs/s)
epoch   3600  train 1.1814e-07  test 1.9362e-07  (25 epochs/s)
epoch   3700  train 1.1323e-07  test 1.9811e-07  (25 epochs/s)
epoch   3800  train 1.0694e-07  test 2.9850e-07  (25 epochs/s)
epoch   3900  train 9.6856e-08  test 2.4964e-07  (25 epochs/s)
epoch   4000  train 1.1535e-07  test 2.9865e-07  (25 epochs/s)
epoch   4100  train 1.4036e-07  test 2.9717e-07  (25 epochs/s)
epoch   4200  train 1.1130e-07  test 3.6780e-07  (25 epochs/s)
epoch   4300  train 1.1797e-07  test 3.8416e-07  (25 epochs/s)
epoch   4400  train 1.1749e-07  test 3.6579e-07  (25 epochs/s)
epoch   4500  train 1.0950e-07  test 4.6657e-07  (25 epochs/s)
epoch   4600  train 1.0976e-07  test 4.8696e-07  (25 epochs/s)
epoch   4700  train 1.0381e-07  test 5.2839e-07  (25 epochs/s)
epoch   4800  train 1.0722e-07  test 5.8515e-07  (25 epochs/s)
epoch   4900  train 1.1051e-07  test 6.6296e-07  (25 epochs/s)
epoch   5000  train 1.0501e-07  test 6.9107e-07  (25 epochs/s)
epoch   5100  train 1.0399e-07  test 9.6371e-07  (25 epochs/s)
epoch   5200  train 1.0245e-07  test 9.4207e-07  (25 epochs/s)
epoch   5300  train 1.0338e-07  test 1.1099e-06  (25 epochs/s)
epoch   5400  train 1.0333e-07  test 1.4158e-06  (25 epochs/s)
epoch   5500  train 1.0497e-07  test 1.3934e-06  (25 epochs/s)
epoch   5600  train 1.0331e-07  test 1.5916e-06  (25 epochs/s)
epoch   5700  train 1.0258e-07  test 1.7284e-06  (25 epochs/s)
epoch   5800  train 1.0382e-07  test 1.8472e-06  (25 epochs/s)
epoch   5900  train 1.0297e-07  test 2.0540e-06  (25 epochs/s)
epoch   6000  train 1.0282e-07  test 2.1613e-06  (25 epochs/s)
epoch   6100  train 1.0274e-07  test 2.2378e-06  (25 epochs/s)
epoch   6200  train 1.0269e-07  test 2.2520e-06  (25 epochs/s)
epoch   6300  train 1.0263e-07  test 2.2442e-06  (25 epochs/s)
epoch   6400  train 1.0258e-07  test 2.2040e-06  (25 epochs/s)
epoch   6500  train 1.0251e-07  test 2.1212e-06  (25 epochs/s)
epoch   6600  train 1.0245e-07  test 2.0382e-06  (25 epochs/s)
epoch   6700  train 1.0240e-07  test 1.9502e-06  (25 epochs/s)
epoch   6800  train 1.0235e-07  test 1.8620e-06  (25 epochs/s)
epoch   6900  train 1.0229e-07  test 1.7736e-06  (25 epochs/s)
epoch   7000  train 1.0224e-07  test 1.7047e-06  (25 epochs/s)
epoch   7100  train 1.0219e-07  test 1.6352e-06  (25 epochs/s)
epoch   7200  train 1.0214e-07  test 1.5681e-06  (25 epochs/s)
epoch   7300  train 1.0209e-07  test 1.5104e-06  (25 epochs/s)
epoch   7400  train 1.0205e-07  test 1.4647e-06  (25 epochs/s)
epoch   7500  train 1.0200e-07  test 1.4375e-06  (25 epochs/s)
epoch   7600  train 1.0196e-07  test 1.4047e-06  (25 epochs/s)
epoch   7700  train 1.0191e-07  test 1.3657e-06  (25 epochs/s)
epoch   7800  train 1.0187e-07  test 1.3191e-06  (25 epochs/s)
epoch   7900  train 1.0183e-07  test 1.2770e-06  (25 epochs/s)
epoch   8000  train 1.0179e-07  test 1.2441e-06  (25 epochs/s)
epoch   8100  train 1.0176e-07  test 1.2097e-06  (25 epochs/s)
epoch   8200  train 1.0172e-07  test 1.1727e-06  (25 epochs/s)
epoch   8300  train 1.0169e-07  test 1.1429e-06  (25 epochs/s)
epoch   8400  train 1.0166e-07  test 1.1119e-06  (25 epochs/s)
epoch   8500  train 1.0163e-07  test 1.0855e-06  (25 epochs/s)
epoch   8600  train 1.0160e-07  test 1.0519e-06  (25 epochs/s)
epoch   8700  train 1.0157e-07  test 1.0239e-06  (25 epochs/s)
epoch   8800  train 1.0154e-07  test 1.0068e-06  (25 epochs/s)
epoch   8900  train 1.0151e-07  test 9.8844e-07  (25 epochs/s)
epoch   9000  train 1.0149e-07  test 9.7501e-07  (25 epochs/s)
epoch   9100  train 1.0147e-07  test 9.6254e-07  (25 epochs/s)
epoch   9200  train 1.0145e-07  test 9.5098e-07  (25 epochs/s)
epoch   9300  train 1.0142e-07  test 9.3973e-07  (25 epochs/s)
epoch   9400  train 1.0140e-07  test 9.2969e-07  (25 epochs/s)
epoch   9500  train 1.0139e-07  test 9.2137e-07  (25 epochs/s)
epoch   9600  train 1.0137e-07  test 9.1325e-07  (25 epochs/s)
epoch   9700  train 1.0135e-07  test 9.0718e-07  (25 epochs/s)
epoch   9800  train 1.0134e-07  test 9.0334e-07  (25 epochs/s)
epoch   9900  train 1.0132e-07  test 9.0062e-07  (25 epochs/s)
epoch  10000  train 1.0131e-07  test 8.9884e-07  (25 epochs/s)
epoch  10100  train 1.0129e-07  test 8.9724e-07  (25 epochs/s)
epoch  10200  train 1.0127e-07  test 8.9483e-07  (25 epochs/s)
epoch  10300  train 1.0126e-07  test 8.9312e-07  (25 epochs/s)
epoch  10400  train 1.0125e-07  test 8.9056e-07  (25 epochs/s)
epoch  10500  train 1.0123e-07  test 8.8965e-07  (26 epochs/s)
epoch  10600  train 1.0122e-07  test 8.8843e-07  (26 epochs/s)
epoch  10700  train 1.0121e-07  test 8.8886e-07  (26 epochs/s)
epoch  10800  train 1.0120e-07  test 8.9066e-07  (26 epochs/s)
epoch  10900  train 1.0119e-07  test 8.9225e-07  (26 epochs/s)
epoch  11000  train 1.0118e-07  test 8.9245e-07  (26 epochs/s)
epoch  11100  train 1.0117e-07  test 8.9311e-07  (26 epochs/s)
epoch  11200  train 1.0115e-07  test 8.9439e-07  (26 epochs/s)
epoch  11300  train 1.0114e-07  test 8.9453e-07  (26 epochs/s)
epoch  11400  train 1.0113e-07  test 8.9457e-07  (26 epochs/s)
epoch  11500  train 1.0113e-07  test 8.9628e-07  (26 epochs/s)
epoch  11600  train 1.0111e-07  test 8.9860e-07  (26 epochs/s)
epoch  11700  train 1.0110e-07  test 9.0154e-07  (26 epochs/s)
epoch  11800  train 1.0110e-07  test 9.0338e-07  (26 epochs/s)
epoch  11900  train 1.0109e-07  test 9.0482e-07  (26 epochs/s)
epoch  12000  train 1.0108e-07  test 9.0736e-07  (26 epochs/s)
epoch  12100  train 1.0107e-07  test 9.1008e-07  (26 epochs/s)
epoch  12200  train 1.0106e-07  test 9.1259e-07  (26 epochs/s)
epoch  12300  train 1.0106e-07  test 9.1486e-07  (26 epochs/s)
epoch  12400  train 1.0105e-07  test 9.1703e-07  (26 epochs/s)
epoch  12500  train 1.0104e-07  test 9.1867e-07  (26 epochs/s)
epoch  12600  train 1.0103e-07  test 9.1925e-07  (26 epochs/s)
epoch  12700  train 1.0102e-07  test 9.1942e-07  (26 epochs/s)
epoch  12800  train 1.0102e-07  test 9.2076e-07  (26 epochs/s)
epoch  12900  train 1.0101e-07  test 9.2029e-07  (26 epochs/s)
epoch  13000  train 1.0100e-07  test 9.1997e-07  (26 epochs/s)
epoch  13100  train 1.0100e-07  test 9.2058e-07  (26 epochs/s)
epoch  13200  train 1.0099e-07  test 9.2100e-07  (26 epochs/s)
epoch  13300  train 1.0098e-07  test 9.2069e-07  (27 epochs/s)
epoch  13400  train 1.0098e-07  test 9.1989e-07  (27 epochs/s)
epoch  13500  train 1.0097e-07  test 9.2078e-07  (27 epochs/s)
epoch  13600  train 1.0096e-07  test 9.1991e-07  (27 epochs/s)
epoch  13700  train 1.0096e-07  test 9.1836e-07  (27 epochs/s)
epoch  13800  train 1.0095e-07  test 9.1785e-07  (27 epochs/s)
epoch  13900  train 1.0094e-07  test 9.1807e-07  (27 epochs/s)
epoch  14000  train 1.0094e-07  test 9.1865e-07  (27 epochs/s)
epoch  14100  train 1.0093e-07  test 9.1948e-07  (27 epochs/s)
epoch  14200  train 1.0093e-07  test 9.1967e-07  (27 epochs/s)
epoch  14300  train 1.0092e-07  test 9.1863e-07  (27 epochs/s)
epoch  14400  train 1.0091e-07  test 9.1932e-07  (27 epochs/s)
epoch  14500  train 1.0091e-07  test 9.1929e-07  (27 epochs/s)
epoch  14600  train 1.0090e-07  test 9.1959e-07  (27 epochs/s)
epoch  14700  train 1.0090e-07  test 9.1988e-07  (27 epochs/s)
epoch  14800  train 1.0089e-07  test 9.2034e-07  (27 epochs/s)
epoch  14900  train 1.0089e-07  test 9.2026e-07  (27 epochs/s)
epoch  15000  train 1.0088e-07  test 9.2024e-07  (27 epochs/s)
epoch  15100  train 1.0088e-07  test 9.1969e-07  (27 epochs/s)
epoch  15200  train 1.0087e-07  test 9.1860e-07  (27 epochs/s)
epoch  15300  train 1.0087e-07  test 9.1752e-07  (27 epochs/s)
epoch  15400  train 1.0086e-07  test 9.1605e-07  (27 epochs/s)
epoch  15500  train 1.0086e-07  test 9.1541e-07  (27 epochs/s)
epoch  15600  train 1.0085e-07  test 9.1556e-07  (27 epochs/s)
epoch  15700  train 1.0085e-07  test 9.1511e-07  (27 epochs/s)
epoch  15800  train 1.0084e-07  test 9.1460e-07  (27 epochs/s)
epoch  15900  train 1.0084e-07  test 9.1326e-07  (27 epochs/s)
epoch  16000  train 1.0083e-07  test 9.1209e-07  (27 epochs/s)
epoch  16100  train 1.0083e-07  test 9.1121e-07  (27 epochs/s)
epoch  16200  train 1.0082e-07  test 9.1087e-07  (27 epochs/s)
epoch  16300  train 1.0082e-07  test 9.1127e-07  (27 epochs/s)
epoch  16400  train 1.0081e-07  test 9.1107e-07  (27 epochs/s)
epoch  16500  train 1.0081e-07  test 9.1138e-07  (28 epochs/s)
epoch  16600  train 1.0081e-07  test 9.1116e-07  (28 epochs/s)
epoch  16700  train 1.0080e-07  test 9.1056e-07  (28 epochs/s)
epoch  16800  train 1.0080e-07  test 9.0944e-07  (28 epochs/s)
epoch  16900  train 1.0079e-07  test 9.0843e-07  (28 epochs/s)
epoch  17000  train 1.0079e-07  test 9.0814e-07  (28 epochs/s)
epoch  17100  train 1.0078e-07  test 9.0708e-07  (28 epochs/s)
epoch  17200  train 1.0078e-07  test 9.0755e-07  (28 epochs/s)
epoch  17300  train 1.0078e-07  test 9.0710e-07  (28 epochs/s)
epoch  17400  train 1.0077e-07  test 9.0745e-07  (28 epochs/s)
epoch  17500  train 1.0077e-07  test 9.0695e-07  (28 epochs/s)
epoch  17600  train 1.0077e-07  test 9.0726e-07  (28 epochs/s)
epoch  17700  train 1.0076e-07  test 9.0815e-07  (28 epochs/s)
epoch  17800  train 1.0076e-07  test 9.0849e-07  (28 epochs/s)
epoch  17900  train 1.0075e-07  test 9.0778e-07  (28 epochs/s)
epoch  18000  train 1.0075e-07  test 9.0842e-07  (28 epochs/s)
epoch  18100  train 1.0075e-07  test 9.0730e-07  (28 epochs/s)
epoch  18200  train 1.0074e-07  test 9.0744e-07  (28 epochs/s)
epoch  18300  train 1.0074e-07  test 9.0701e-07  (28 epochs/s)
epoch  18400  train 1.0074e-07  test 9.0595e-07  (28 epochs/s)
epoch  18500  train 1.0073e-07  test 9.0684e-07  (28 epochs/s)
epoch  18600  train 1.0073e-07  test 9.0508e-07  (28 epochs/s)
epoch  18700  train 1.0073e-07  test 9.0424e-07  (28 epochs/s)
epoch  18800  train 1.0072e-07  test 9.0397e-07  (28 epochs/s)
epoch  18900  train 1.0072e-07  test 9.0344e-07  (28 epochs/s)
epoch  19000  train 1.0071e-07  test 9.0269e-07  (28 epochs/s)
epoch  19100  train 1.0071e-07  test 9.0247e-07  (28 epochs/s)
epoch  19200  train 1.0071e-07  test 9.0135e-07  (28 epochs/s)
epoch  19300  train 1.0070e-07  test 9.0160e-07  (28 epochs/s)
epoch  19400  train 1.0070e-07  test 9.0096e-07  (28 epochs/s)
epoch  19500  train 1.0070e-07  test 8.9962e-07  (28 epochs/s)
epoch  19600  train 1.0069e-07  test 8.9877e-07  (28 epochs/s)
epoch  19700  train 1.0069e-07  test 8.9810e-07  (28 epochs/s)
epoch  19800  train 1.0069e-07  test 8.9701e-07  (28 epochs/s)
epoch  19900  train 1.0068e-07  test 8.9493e-07  (28 epochs/s)
epoch  20000  train 1.0068e-07  test 8.9382e-07  (28 epochs/s)
done: 20000 epochs in 708s -> runs/phase2-noise/p-113/seed2034/seed4242
=== phase2-tilt init 11285 (22:29:41) ===
=== phase2-noise2 sigma0.2-until16k init 11285 (22:32:41) ===
train: 3830  test: 8939
epoch    100  train 3.4379e+00  test 1.3110e+01  (34 epochs/s)
epoch    200  train 1.5953e-01  test 4.1900e+01  (34 epochs/s)
epoch    300  train 2.6877e-02  test 4.6685e+01  (35 epochs/s)
epoch    400  train 8.5873e-03  test 4.7871e+01  (33 epochs/s)
epoch    500  train 2.8237e-03  test 4.8973e+01  (32 epochs/s)
epoch    600  train 9.4719e-04  test 5.0233e+01  (31 epochs/s)
epoch    700  train 3.2211e-04  test 5.3211e+01  (31 epochs/s)
epoch    800  train 1.1106e-04  test 5.6483e+01  (31 epochs/s)
epoch    900  train 3.8818e-05  test 6.3046e+01  (31 epochs/s)
epoch   1000  train 1.3899e-05  test 6.9034e+01  (31 epochs/s)
epoch   1100  train 5.1820e-06  test 7.5120e+01  (30 epochs/s)
epoch   1200  train 2.1083e-06  test 7.9276e+01  (31 epochs/s)
epoch   1300  train 1.0023e-06  test 8.2097e+01  (31 epochs/s)
epoch   1400  train 5.9350e-07  test 8.4009e+01  (31 epochs/s)
epoch   1500  train 4.4315e-07  test 8.4051e+01  (31 epochs/s)
epoch   1600  train 3.9326e-07  test 8.3161e+01  (31 epochs/s)
epoch   1700  train 3.7988e-07  test 8.2147e+01  (32 epochs/s)
epoch   1800  train 3.7629e-07  test 8.1051e+01  (32 epochs/s)
epoch   1900  train 3.7462e-07  test 7.9761e+01  (32 epochs/s)
epoch   2000  train 3.7304e-07  test 7.8402e+01  (32 epochs/s)
epoch   2100  train 3.7115e-07  test 7.6673e+01  (32 epochs/s)
epoch   2200  train 3.6920e-07  test 7.4907e+01  (32 epochs/s)
epoch   2300  train 3.6730e-07  test 7.3698e+01  (32 epochs/s)
epoch   2400  train 3.6544e-07  test 7.2130e+01  (32 epochs/s)
epoch   2500  train 3.6340e-07  test 7.0904e+01  (32 epochs/s)
epoch   2600  train 3.6150e-07  test 7.0589e+01  (32 epochs/s)
epoch   2700  train 3.5946e-07  test 7.0377e+01  (32 epochs/s)
epoch   2800  train 3.5764e-07  test 6.9976e+01  (32 epochs/s)
epoch   2900  train 3.5552e-07  test 6.9078e+01  (32 epochs/s)
epoch   3000  train 3.5344e-07  test 6.8126e+01  (32 epochs/s)
epoch   3100  train 3.5175e-07  test 6.7093e+01  (32 epochs/s)
epoch   3200  train 3.4977e-07  test 6.5693e+01  (32 epochs/s)
epoch   3300  train 3.4758e-07  test 6.4362e+01  (32 epochs/s)
epoch   3400  train 3.4557e-07  test 6.2920e+01  (33 epochs/s)
epoch   3500  train 3.4386e-07  test 6.1454e+01  (33 epochs/s)
epoch   3600  train 3.4186e-07  test 5.9886e+01  (33 epochs/s)
epoch   3700  train 3.3958e-07  test 5.8389e+01  (33 epochs/s)
epoch   3800  train 3.3723e-07  test 5.7941e+01  (33 epochs/s)
epoch   3900  train 3.3512e-07  test 5.7037e+01  (33 epochs/s)
epoch   4000  train 3.3283e-07  test 5.6162e+01  (33 epochs/s)
epoch   4100  train 3.2988e-07  test 5.5563e+01  (33 epochs/s)
epoch   4200  train 3.2705e-07  test 5.5492e+01  (33 epochs/s)
epoch   4300  train 3.2416e-07  test 5.5628e+01  (33 epochs/s)
epoch   4400  train 3.2065e-07  test 5.5656e+01  (33 epochs/s)
epoch   4500  train 3.1673e-07  test 5.5824e+01  (33 epochs/s)
epoch   4600  train 3.1263e-07  test 5.5814e+01  (33 epochs/s)
epoch   4700  train 3.0727e-07  test 5.4859e+01  (33 epochs/s)
epoch   4800  train 3.0179e-07  test 5.2655e+01  (33 epochs/s)
epoch   4900  train 2.9504e-07  test 4.9142e+01  (33 epochs/s)
epoch   5000  train 2.8702e-07  test 4.4355e+01  (33 epochs/s)
epoch   5100  train 2.7727e-07  test 3.9751e+01  (33 epochs/s)
epoch   5200  train 2.6480e-07  test 3.4944e+01  (33 epochs/s)
epoch   5300  train 2.4915e-07  test 3.0684e+01  (33 epochs/s)
epoch   5400  train 2.3217e-07  test 2.4966e+01  (33 epochs/s)
epoch   5500  train 2.1797e-07  test 1.9478e+01  (33 epochs/s)
epoch   5600  train 2.0630e-07  test 1.4324e+01  (33 epochs/s)
epoch   5700  train 1.9831e-07  test 8.6315e+00  (33 epochs/s)
epoch   5800  train 1.9204e-07  test 6.5207e+00  (33 epochs/s)
epoch   5900  train 1.8669e-07  test 4.8889e+00  (33 epochs/s)
epoch   6000  train 1.8153e-07  test 3.3751e+00  (33 epochs/s)
epoch   6100  train 1.7757e-07  test 1.7273e+00  (33 epochs/s)
epoch   6200  train 1.7347e-07  test 2.1637e-01  (33 epochs/s)
epoch   6300  train 1.7013e-07  test 2.1751e-02  (32 epochs/s)
epoch   6400  train 1.6671e-07  test 6.6404e-03  (32 epochs/s)
epoch   6500  train 1.6320e-07  test 1.5070e-03  (32 epochs/s)
epoch   6600  train 1.5890e-07  test 3.1698e-04  (31 epochs/s)
epoch   6700  train 1.5443e-07  test 8.7869e-05  (31 epochs/s)
epoch   6800  train 1.5031e-07  test 2.6256e-05  (31 epochs/s)
epoch   6900  train 1.4675e-07  test 7.5912e-06  (31 epochs/s)
epoch   7000  train 1.4407e-07  test 2.6035e-06  (30 epochs/s)
epoch   7100  train 1.4245e-07  test 1.1940e-06  (30 epochs/s)
epoch   7200  train 1.4099e-07  test 7.2390e-07  (30 epochs/s)
epoch   7300  train 1.4001e-07  test 5.2530e-07  (30 epochs/s)
epoch   7400  train 1.3911e-07  test 4.3036e-07  (30 epochs/s)
epoch   7500  train 1.3840e-07  test 3.7655e-07  (29 epochs/s)
epoch   7600  train 1.3782e-07  test 3.4286e-07  (29 epochs/s)
epoch   7700  train 1.3752e-07  test 3.1936e-07  (29 epochs/s)
epoch   7800  train 1.3718e-07  test 3.0187e-07  (29 epochs/s)
epoch   7900  train 1.3675e-07  test 2.8847e-07  (29 epochs/s)
epoch   8000  train 1.3666e-07  test 2.7820e-07  (29 epochs/s)
epoch   8100  train 1.3632e-07  test 2.7013e-07  (28 epochs/s)
epoch   8200  train 1.3624e-07  test 2.6366e-07  (28 epochs/s)
epoch   8300  train 1.3588e-07  test 2.5781e-07  (28 epochs/s)
epoch   8400  train 1.3582e-07  test 2.5294e-07  (28 epochs/s)
epoch   8500  train 1.3564e-07  test 2.4861e-07  (28 epochs/s)
epoch   8600  train 1.3555e-07  test 2.4542e-07  (28 epochs/s)
epoch   8700  train 1.3528e-07  test 2.4280e-07  (28 epochs/s)
epoch   8800  train 1.3535e-07  test 2.4094e-07  (27 epochs/s)
epoch   8900  train 1.3521e-07  test 2.3927e-07  (27 epochs/s)
epoch   9000  train 1.3503e-07  test 2.3803e-07  (27 epochs/s)
epoch   9100  train 1.3497e-07  test 2.3687e-07  (27 epochs/s)
epoch   9200  train 1.3492e-07  test 2.3606e-07  (27 epochs/s)
epoch   9300  train 1.3487e-07  test 2.3523e-07  (27 epochs/s)
epoch   9400  train 1.3471e-07  test 2.3484e-07  (27 epochs/s)
epoch   9500  train 1.3472e-07  test 2.3429e-07  (27 epochs/s)
epoch   9600  train 1.3465e-07  test 2.3370e-07  (27 epochs/s)
epoch   9700  train 1.3457e-07  test 2.3335e-07  (26 epochs/s)
epoch   9800  train 1.3443e-07  test 2.3315e-07  (26 epochs/s)
epoch   9900  train 1.3425e-07  test 2.3280e-07  (26 epochs/s)
epoch  10000  train 1.3419e-07  test 2.3244e-07  (26 epochs/s)
epoch  10100  train 1.3405e-07  test 2.3213e-07  (26 epochs/s)
epoch  10200  train 1.3404e-07  test 2.3208e-07  (26 epochs/s)
epoch  10300  train 1.3401e-07  test 2.3167e-07  (26 epochs/s)
epoch  10400  train 1.3411e-07  test 2.3147e-07  (26 epochs/s)
epoch  10500  train 1.3404e-07  test 2.3148e-07  (26 epochs/s)
epoch  10600  train 1.3400e-07  test 2.3155e-07  (26 epochs/s)
epoch  10700  train 1.3396e-07  test 2.3164e-07  (26 epochs/s)
epoch  10800  train 1.3392e-07  test 2.3186e-07  (26 epochs/s)
epoch  10900  train 1.3384e-07  test 2.3223e-07  (26 epochs/s)
epoch  11000  train 1.3374e-07  test 2.3255e-07  (26 epochs/s)
epoch  11100  train 1.3366e-07  test 2.3279e-07  (25 epochs/s)
epoch  11200  train 1.3363e-07  test 2.3323e-07  (25 epochs/s)
epoch  11300  train 1.3366e-07  test 2.3360e-07  (25 epochs/s)
epoch  11400  train 1.3363e-07  test 2.3407e-07  (25 epochs/s)
epoch  11500  train 1.3364e-07  test 2.3432e-07  (25 epochs/s)
epoch  11600  train 1.3353e-07  test 2.3439e-07  (25 epochs/s)
epoch  11700  train 1.3354e-07  test 2.3448e-07  (25 epochs/s)
epoch  11800  train 1.3352e-07  test 2.3444e-07  (25 epochs/s)
epoch  11900  train 1.3345e-07  test 2.3453e-07  (25 epochs/s)
epoch  12000  train 1.3340e-07  test 2.3458e-07  (25 epochs/s)
epoch  12100  train 1.3337e-07  test 2.3468e-07  (25 epochs/s)
epoch  12200  train 1.3324e-07  test 2.3481e-07  (25 epochs/s)
epoch  12300  train 1.3336e-07  test 2.3492e-07  (25 epochs/s)
epoch  12400  train 1.3321e-07  test 2.3507e-07  (25 epochs/s)
epoch  12500  train 1.3325e-07  test 2.3520e-07  (25 epochs/s)
epoch  12600  train 1.3326e-07  test 2.3536e-07  (25 epochs/s)
epoch  12700  train 1.3327e-07  test 2.3558e-07  (25 epochs/s)
epoch  12800  train 1.3316e-07  test 2.3553e-07  (25 epochs/s)
epoch  12900  train 1.3306e-07  test 2.3576e-07  (25 epochs/s)
epoch  13000  train 1.3321e-07  test 2.3566e-07  (25 epochs/s)
epoch  13100  train 1.3316e-07  test 2.3576e-07  (25 epochs/s)
epoch  13200  train 1.3314e-07  test 2.3591e-07  (25 epochs/s)
epoch  13300  train 1.3318e-07  test 2.3580e-07  (24 epochs/s)
epoch  13400  train 1.3309e-07  test 2.3587e-07  (24 epochs/s)
epoch  13500  train 1.3299e-07  test 2.3592e-07  (24 epochs/s)
epoch  13600  train 1.3293e-07  test 2.3581e-07  (24 epochs/s)
epoch  13700  train 1.3295e-07  test 2.3579e-07  (24 epochs/s)
epoch  13800  train 1.3297e-07  test 2.3571e-07  (24 epochs/s)
epoch  13900  train 1.3290e-07  test 2.3568e-07  (24 epochs/s)
epoch  14000  train 1.3302e-07  test 2.3561e-07  (24 epochs/s)
epoch  14100  train 1.3295e-07  test 2.3549e-07  (24 epochs/s)
epoch  14200  train 1.3294e-07  test 2.3555e-07  (24 epochs/s)
epoch  14300  train 1.3288e-07  test 2.3544e-07  (24 epochs/s)
epoch  14400  train 1.3283e-07  test 2.3528e-07  (24 epochs/s)
epoch  14500  train 1.3278e-07  test 2.3532e-07  (24 epochs/s)
epoch  14600  train 1.3280e-07  test 2.3532e-07  (24 epochs/s)
epoch  14700  train 1.3278e-07  test 2.3536e-07  (24 epochs/s)
epoch  14800  train 1.3277e-07  test 2.3538e-07  (24 epochs/s)
epoch  14900  train 1.3268e-07  test 2.3523e-07  (24 epochs/s)
epoch  15000  train 1.3277e-07  test 2.3511e-07  (24 epochs/s)
epoch  15100  train 1.3284e-07  test 2.3518e-07  (24 epochs/s)
epoch  15200  train 1.3285e-07  test 2.3514e-07  (24 epochs/s)
epoch  15300  train 1.3275e-07  test 2.3501e-07  (23 epochs/s)
epoch  15400  train 1.3274e-07  test 2.3487e-07  (23 epochs/s)
epoch  15500  train 1.3270e-07  test 2.3467e-07  (23 epochs/s)
epoch  15600  train 1.3267e-07  test 2.3455e-07  (23 epochs/s)
epoch  15700  train 1.3260e-07  test 2.3444e-07  (23 epochs/s)
epoch  15800  train 1.3262e-07  test 2.3424e-07  (23 epochs/s)
epoch  15900  train 1.3258e-07  test 2.3424e-07  (23 epochs/s)
epoch  16000  train 1.3252e-07  test 2.3422e-07  (22 epochs/s)
epoch  16100  train 1.3252e-07  test 2.3410e-07  (22 epochs/s)
epoch  16200  train 1.3250e-07  test 2.3408e-07  (22 epochs/s)
epoch  16300  train 1.3252e-07  test 2.3391e-07  (22 epochs/s)
epoch  16400  train 1.3256e-07  test 2.3383e-07  (22 epochs/s)
epoch  16500  train 1.3243e-07  test 2.3388e-07  (22 epochs/s)
epoch  16600  train 1.3243e-07  test 2.3395e-07  (22 epochs/s)
epoch  16700  train 1.3244e-07  test 2.3389e-07  (22 epochs/s)
epoch  16800  train 1.3245e-07  test 2.3385e-07  (22 epochs/s)
epoch  16900  train 1.3249e-07  test 2.3371e-07  (22 epochs/s)
epoch  17000  train 1.3249e-07  test 2.3358e-07  (22 epochs/s)
epoch  17100  train 1.3248e-07  test 2.3344e-07  (22 epochs/s)
epoch  17200  train 1.3248e-07  test 2.3337e-07  (22 epochs/s)
epoch  17300  train 1.3246e-07  test 2.3319e-07  (22 epochs/s)
epoch  17400  train 1.3242e-07  test 2.3296e-07  (22 epochs/s)
epoch  17500  train 1.3241e-07  test 2.3285e-07  (22 epochs/s)
epoch  17600  train 1.3253e-07  test 2.3266e-07  (22 epochs/s)
epoch  17700  train 1.3249e-07  test 2.3264e-07  (22 epochs/s)
epoch  17800  train 1.3241e-07  test 2.3259e-07  (22 epochs/s)
epoch  17900  train 1.3246e-07  test 2.3254e-07  (22 epochs/s)
epoch  18000  train 1.3243e-07  test 2.3252e-07  (22 epochs/s)
epoch  18100  train 1.3242e-07  test 2.3239e-07  (22 epochs/s)
epoch  18200  train 1.3240e-07  test 2.3235e-07  (22 epochs/s)
epoch  18300  train 1.3243e-07  test 2.3227e-07  (22 epochs/s)
epoch  18400  train 1.3240e-07  test 2.3218e-07  (22 epochs/s)
epoch  18500  train 1.3241e-07  test 2.3204e-07  (22 epochs/s)
epoch  18600  train 1.3241e-07  test 2.3199e-07  (22 epochs/s)
epoch  18700  train 1.3237e-07  test 2.3190e-07  (22 epochs/s)
epoch  18800  train 1.3234e-07  test 2.3192e-07  (22 epochs/s)
epoch  18900  train 1.3231e-07  test 2.3184e-07  (22 epochs/s)
epoch  19000  train 1.3233e-07  test 2.3169e-07  (22 epochs/s)
epoch  19100  train 1.3231e-07  test 2.3161e-07  (22 epochs/s)
epoch  19200  train 1.3230e-07  test 2.3154e-07  (22 epochs/s)
epoch  19300  train 1.3227e-07  test 2.3143e-07  (22 epochs/s)
epoch  19400  train 1.3223e-07  test 2.3132e-07  (22 epochs/s)
epoch  19500  train 1.3223e-07  test 2.3138e-07  (22 epochs/s)
epoch  19600  train 1.3225e-07  test 2.3116e-07  (22 epochs/s)
epoch  19700  train 1.3217e-07  test 2.3121e-07  (22 epochs/s)
epoch  19800  train 1.3224e-07  test 2.3105e-07  (22 epochs/s)
epoch  19900  train 1.3220e-07  test 2.3083e-07  (22 epochs/s)
epoch  20000  train 1.3220e-07  test 2.3089e-07  (22 epochs/s)
done: 20000 epochs in 907s -> runs/phase2-tilt/p-113/seed2034/seed11285
=== phase2-tilt init 33428 (22:44:48) ===
train: 3830  test: 8939
epoch    100  train 3.5415e+00  test 6.1386e+00  (14 epochs/s)
epoch    200  train 1.8196e+00  test 7.4515e+00  (15 epochs/s)
epoch    300  train 8.7977e-01  test 8.1923e+00  (16 epochs/s)
epoch    400  train 4.4121e-01  test 8.3080e+00  (16 epochs/s)
epoch    500  train 2.4200e-01  test 8.0150e+00  (17 epochs/s)
epoch    600  train 1.3514e-01  test 7.4826e+00  (17 epochs/s)
epoch    700  train 8.2905e-02  test 6.8843e+00  (17 epochs/s)
epoch    800  train 5.1757e-02  test 6.2290e+00  (17 epochs/s)
epoch    900  train 3.2023e-02  test 5.3984e+00  (17 epochs/s)
epoch   1000  train 1.7062e-02  test 4.4762e+00  (18 epochs/s)
epoch   1100  train 1.2016e-02  test 3.4243e+00  (18 epochs/s)
epoch   1200  train 6.0950e-03  test 2.4501e+00  (18 epochs/s)
epoch   1300  train 4.0731e-03  test 1.6312e+00  (18 epochs/s)
epoch   1400  train 2.3299e-03  test 1.0511e+00  (17 epochs/s)
epoch   1500  train 1.2486e-03  test 6.0776e-01  (17 epochs/s)
epoch   1600  train 4.7204e-04  test 3.4159e-01  (18 epochs/s)
epoch   1700  train 3.0933e-04  test 1.6688e-01  (18 epochs/s)
epoch   1800  train 2.7152e-04  test 9.5267e-02  (18 epochs/s)
epoch   1900  train 1.2580e-04  test 2.9403e-02  (18 epochs/s)
epoch   2000  train 5.6204e-05  test 1.0384e-02  (18 epochs/s)
epoch   2100  train 3.1880e-04  test 5.3015e-03  (18 epochs/s)
epoch   2200  train 3.1270e-05  test 2.0237e-03  (18 epochs/s)
epoch   2300  train 1.3198e-05  test 9.8180e-04  (18 epochs/s)
epoch   2400  train 5.6020e-06  test 4.4356e-04  (18 epochs/s)
epoch   2500  train 2.1071e-06  test 2.5104e-04  (18 epochs/s)
epoch   2600  train 1.4617e-06  test 1.2983e-04  (18 epochs/s)
epoch   2700  train 6.1631e-07  test 1.3478e-04  (18 epochs/s)
epoch   2800  train 4.3138e-07  test 3.6419e-05  (18 epochs/s)
epoch   2900  train 2.0467e-07  test 2.1337e-05  (18 epochs/s)
epoch   3000  train 5.7945e-07  test 2.7890e-05  (18 epochs/s)
epoch   3100  train 2.8586e-07  test 2.6455e-05  (18 epochs/s)
epoch   3200  train 1.8349e-07  test 2.2634e-05  (18 epochs/s)
epoch   3300  train 2.0235e-07  test 8.6918e-06  (18 epochs/s)
epoch   3400  train 1.4824e-07  test 8.3125e-06  (18 epochs/s)
epoch   3500  train 2.0420e-07  test 8.8344e-06  (18 epochs/s)
epoch   3600  train 1.3760e-07  test 8.3631e-06  (18 epochs/s)
epoch   3700  train 2.3596e-07  test 7.4469e-06  (18 epochs/s)
epoch   3800  train 1.5100e-07  test 9.6509e-06  (18 epochs/s)
epoch   3900  train 1.3780e-07  test 4.9656e-06  (18 epochs/s)
epoch   4000  train 1.3960e-07  test 3.9051e-06  (18 epochs/s)
epoch   4100  train 1.5816e-07  test 4.6786e-06  (18 epochs/s)
epoch   4200  train 1.5150e-07  test 1.0055e-05  (18 epochs/s)
epoch   4300  train 1.4562e-07  test 5.5326e-06  (18 epochs/s)
epoch   4400  train 1.3327e-07  test 7.4676e-06  (18 epochs/s)
epoch   4500  train 1.4917e-07  test 5.1797e-06  (18 epochs/s)
epoch   4600  train 1.1274e-07  test 6.1337e-06  (18 epochs/s)
epoch   4700  train 1.6041e-07  test 5.7504e-06  (18 epochs/s)
epoch   4800  train 1.1665e-07  test 7.6879e-06  (18 epochs/s)
epoch   4900  train 1.4959e-07  test 6.5105e-06  (18 epochs/s)
epoch   5000  train 1.5593e-07  test 6.0079e-06  (18 epochs/s)
epoch   5100  train 1.3301e-07  test 6.0593e-06  (18 epochs/s)
epoch   5200  train 1.0918e-07  test 8.3683e-06  (18 epochs/s)
epoch   5300  train 1.3775e-07  test 1.1881e-05  (18 epochs/s)
epoch   5400  train 1.1092e-07  test 1.0859e-05  (18 epochs/s)
epoch   5500  train 1.6288e-07  test 1.0968e-05  (18 epochs/s)
epoch   5600  train 1.1471e-07  test 9.8067e-06  (18 epochs/s)
epoch   5700  train 1.6111e-07  test 8.8921e-06  (18 epochs/s)
epoch   5800  train 1.1677e-07  test 8.6908e-06  (18 epochs/s)
epoch   5900  train 1.2605e-07  test 1.4031e-05  (18 epochs/s)
epoch   6000  train 1.2175e-07  test 1.1408e-05  (18 epochs/s)
epoch   6100  train 1.4190e-07  test 1.1846e-05  (18 epochs/s)
epoch   6200  train 1.1076e-07  test 9.5712e-06  (18 epochs/s)
epoch   6300  train 1.3022e-07  test 9.6798e-06  (18 epochs/s)
epoch   6400  train 1.1248e-07  test 8.8038e-06  (18 epochs/s)
epoch   6500  train 1.1416e-07  test 9.5288e-06  (18 epochs/s)
epoch   6600  train 1.2553e-07  test 1.5756e-05  (18 epochs/s)
epoch   6700  train 1.0797e-07  test 1.2322e-05  (18 epochs/s)
epoch   6800  train 1.1443e-07  test 1.1757e-05  (18 epochs/s)
epoch   6900  train 1.1729e-07  test 1.5841e-05  (18 epochs/s)
epoch   7000  train 1.4951e-07  test 1.2274e-05  (18 epochs/s)
epoch   7100  train 1.2774e-07  test 1.5391e-05  (18 epochs/s)
epoch   7200  train 1.2529e-07  test 1.7257e-05  (18 epochs/s)
epoch   7300  train 1.2150e-07  test 1.8221e-05  (18 epochs/s)
epoch   7400  train 1.6080e-07  test 1.4542e-05  (18 epochs/s)
epoch   7500  train 1.3625e-07  test 1.9447e-05  (18 epochs/s)
epoch   7600  train 1.2099e-07  test 1.4803e-05  (18 epochs/s)
epoch   7700  train 1.1065e-07  test 1.9147e-05  (18 epochs/s)
epoch   7800  train 1.1392e-07  test 2.0224e-05  (18 epochs/s)
epoch   7900  train 1.0554e-07  test 2.1055e-05  (18 epochs/s)
epoch   8000  train 1.3249e-07  test 1.8660e-05  (18 epochs/s)
epoch   8100  train 1.1324e-07  test 1.8863e-05  (18 epochs/s)
epoch   8200  train 1.1854e-07  test 1.7661e-05  (18 epochs/s)
epoch   8300  train 1.1879e-07  test 3.0616e-05  (18 epochs/s)
epoch   8400  train 1.2080e-07  test 2.2086e-05  (18 epochs/s)
epoch   8500  train 1.2656e-07  test 2.5611e-05  (17 epochs/s)
epoch   8600  train 1.1480e-07  test 2.1280e-05  (17 epochs/s)
epoch   8700  train 1.2963e-07  test 3.0970e-05  (17 epochs/s)
epoch   8800  train 1.0463e-07  test 2.5695e-05  (17 epochs/s)
epoch   8900  train 1.1946e-07  test 2.7677e-05  (17 epochs/s)
epoch   9000  train 1.1800e-07  test 3.1383e-05  (17 epochs/s)
epoch   9100  train 1.2594e-07  test 3.0244e-05  (17 epochs/s)
epoch   9200  train 1.1420e-07  test 3.0895e-05  (17 epochs/s)
epoch   9300  train 1.1474e-07  test 2.4957e-05  (17 epochs/s)
epoch   9400  train 1.1435e-07  test 2.7941e-05  (17 epochs/s)
epoch   9500  train 1.1859e-07  test 3.0737e-05  (17 epochs/s)
epoch   9600  train 1.2085e-07  test 2.2779e-05  (17 epochs/s)
epoch   9700  train 1.0781e-07  test 2.7846e-05  (17 epochs/s)
epoch   9800  train 1.2309e-07  test 3.3390e-05  (17 epochs/s)
epoch   9900  train 1.2227e-07  test 2.6636e-05  (17 epochs/s)
epoch  10000  train 1.1067e-07  test 2.7376e-05  (17 epochs/s)
epoch  10100  train 1.1621e-07  test 2.9590e-05  (17 epochs/s)
epoch  10200  train 1.2018e-07  test 3.5497e-05  (17 epochs/s)
epoch  10300  train 1.0871e-07  test 3.0794e-05  (17 epochs/s)
epoch  10400  train 1.1875e-07  test 3.4271e-05  (17 epochs/s)
epoch  10500  train 1.1365e-07  test 3.3047e-05  (17 epochs/s)
epoch  10600  train 1.0926e-07  test 3.0289e-05  (17 epochs/s)
epoch  10700  train 1.1718e-07  test 3.6501e-05  (17 epochs/s)
epoch  10800  train 1.1046e-07  test 3.4399e-05  (17 epochs/s)
epoch  10900  train 1.1856e-07  test 3.2309e-05  (17 epochs/s)
epoch  11000  train 1.1375e-07  test 3.8901e-05  (17 epochs/s)
epoch  11100  train 1.1290e-07  test 3.2852e-05  (17 epochs/s)
epoch  11200  train 1.0892e-07  test 3.3485e-05  (17 epochs/s)
epoch  11300  train 1.0712e-07  test 3.5523e-05  (17 epochs/s)
epoch  11400  train 1.1414e-07  test 3.7772e-05  (17 epochs/s)
epoch  11500  train 1.1653e-07  test 3.9455e-05  (17 epochs/s)
epoch  11600  train 1.1175e-07  test 3.7293e-05  (17 epochs/s)
epoch  11700  train 1.0656e-07  test 3.5042e-05  (17 epochs/s)
epoch  11800  train 1.1330e-07  test 3.9495e-05  (17 epochs/s)
epoch  11900  train 1.1688e-07  test 3.6350e-05  (17 epochs/s)
epoch  12000  train 1.1072e-07  test 3.5405e-05  (17 epochs/s)
epoch  12100  train 1.1013e-07  test 4.1614e-05  (17 epochs/s)
epoch  12200  train 1.1128e-07  test 4.4274e-05  (17 epochs/s)
epoch  12300  train 1.1007e-07  test 3.8624e-05  (17 epochs/s)
epoch  12400  train 1.1242e-07  test 4.4784e-05  (17 epochs/s)
epoch  12500  train 1.1232e-07  test 4.5229e-05  (17 epochs/s)
epoch  12600  train 1.0691e-07  test 4.4194e-05  (17 epochs/s)
epoch  12700  train 1.0915e-07  test 4.9234e-05  (17 epochs/s)
epoch  12800  train 1.0999e-07  test 5.0551e-05  (17 epochs/s)
epoch  12900  train 1.1092e-07  test 5.9833e-05  (17 epochs/s)
epoch  13000  train 1.0689e-07  test 6.1639e-05  (17 epochs/s)
epoch  13100  train 1.1248e-07  test 6.7057e-05  (17 epochs/s)
epoch  13200  train 1.0683e-07  test 6.1297e-05  (17 epochs/s)
epoch  13300  train 1.1034e-07  test 6.2327e-05  (17 epochs/s)
epoch  13400  train 1.1334e-07  test 6.1460e-05  (17 epochs/s)
epoch  13500  train 1.0908e-07  test 6.9145e-05  (17 epochs/s)
epoch  13600  train 1.1057e-07  test 6.3520e-05  (17 epochs/s)
epoch  13700  train 1.0884e-07  test 7.3616e-05  (17 epochs/s)
epoch  13800  train 1.0879e-07  test 7.2458e-05  (18 epochs/s)
epoch  13900  train 1.1092e-07  test 7.9150e-05  (18 epochs/s)
epoch  14000  train 1.0843e-07  test 6.8559e-05  (18 epochs/s)
epoch  14100  train 1.0926e-07  test 7.8610e-05  (18 epochs/s)
epoch  14200  train 1.1025e-07  test 7.9032e-05  (18 epochs/s)
epoch  14300  train 1.0884e-07  test 6.8285e-05  (18 epochs/s)
epoch  14400  train 1.1006e-07  test 8.0178e-05  (18 epochs/s)
epoch  14500  train 1.0811e-07  test 8.0370e-05  (18 epochs/s)
epoch  14600  train 1.0973e-07  test 8.0192e-05  (18 epochs/s)
epoch  14700  train 1.0998e-07  test 8.2265e-05  (18 epochs/s)
epoch  14800  train 1.0936e-07  test 8.0261e-05  (18 epochs/s)
epoch  14900  train 1.0926e-07  test 8.2524e-05  (18 epochs/s)
epoch  15000  train 1.0866e-07  test 8.4977e-05  (18 epochs/s)
epoch  15100  train 1.0960e-07  test 8.0618e-05  (18 epochs/s)
epoch  15200  train 1.0869e-07  test 8.3719e-05  (18 epochs/s)
epoch  15300  train 1.0917e-07  test 9.0100e-05  (18 epochs/s)
epoch  15400  train 1.0911e-07  test 8.7466e-05  (18 epochs/s)
epoch  15500  train 1.0934e-07  test 8.9717e-05  (18 epochs/s)
epoch  15600  train 1.0886e-07  test 9.1999e-05  (18 epochs/s)
epoch  15700  train 1.0883e-07  test 8.8875e-05  (18 epochs/s)
epoch  15800  train 1.0890e-07  test 9.2388e-05  (18 epochs/s)
epoch  15900  train 1.0897e-07  test 9.2643e-05  (18 epochs/s)
epoch  16000  train 1.0895e-07  test 9.2369e-05  (18 epochs/s)
epoch  16100  train 1.0895e-07  test 9.2851e-05  (18 epochs/s)
epoch  16200  train 1.0895e-07  test 9.3046e-05  (18 epochs/s)
epoch  16300  train 1.0895e-07  test 9.3612e-05  (18 epochs/s)
epoch  16400  train 1.0895e-07  test 9.3724e-05  (18 epochs/s)
epoch  16500  train 1.0895e-07  test 9.3943e-05  (18 epochs/s)
epoch  16600  train 1.0894e-07  test 9.3885e-05  (18 epochs/s)
epoch  16700  train 1.0894e-07  test 9.3722e-05  (18 epochs/s)
epoch  16800  train 1.0894e-07  test 9.3812e-05  (18 epochs/s)
epoch  16900  train 1.0893e-07  test 9.3981e-05  (18 epochs/s)
epoch  17000  train 1.0893e-07  test 9.3935e-05  (18 epochs/s)
epoch  17100  train 1.0893e-07  test 9.4009e-05  (18 epochs/s)
epoch  17200  train 1.0893e-07  test 9.4427e-05  (18 epochs/s)
epoch  17300  train 1.0892e-07  test 9.4637e-05  (18 epochs/s)
epoch  17400  train 1.0892e-07  test 9.4769e-05  (18 epochs/s)
epoch  17500  train 1.0892e-07  test 9.4919e-05  (18 epochs/s)
epoch  17600  train 1.0892e-07  test 9.4973e-05  (18 epochs/s)
epoch  17700  train 1.0891e-07  test 9.4993e-05  (18 epochs/s)
epoch  17800  train 1.0891e-07  test 9.4983e-05  (18 epochs/s)
epoch  17900  train 1.0891e-07  test 9.5281e-05  (18 epochs/s)
epoch  18000  train 1.0891e-07  test 9.4846e-05  (18 epochs/s)
epoch  18100  train 1.0890e-07  test 9.4973e-05  (18 epochs/s)
epoch  18200  train 1.0890e-07  test 9.4931e-05  (18 epochs/s)
epoch  18300  train 1.0890e-07  test 9.4888e-05  (18 epochs/s)
epoch  18400  train 1.0890e-07  test 9.4779e-05  (18 epochs/s)
epoch  18500  train 1.0890e-07  test 9.4836e-05  (18 epochs/s)
epoch  18600  train 1.0889e-07  test 9.4738e-05  (18 epochs/s)
epoch  18700  train 1.0889e-07  test 9.4792e-05  (18 epochs/s)
epoch  18800  train 1.0889e-07  test 9.4941e-05  (18 epochs/s)
epoch  18900  train 1.0889e-07  test 9.5250e-05  (18 epochs/s)
epoch  19000  train 1.0888e-07  test 9.5328e-05  (18 epochs/s)
epoch  19100  train 1.0888e-07  test 9.5460e-05  (18 epochs/s)
epoch  19200  train 1.0887e-07  test 9.5350e-05  (18 epochs/s)
epoch  19300  train 1.0887e-07  test 9.5429e-05  (18 epochs/s)
epoch  19400  train 1.0887e-07  test 9.5258e-05  (18 epochs/s)
epoch  19500  train 1.0887e-07  test 9.5076e-05  (18 epochs/s)
epoch  19600  train 1.0887e-07  test 9.4735e-05  (18 epochs/s)
epoch  19700  train 1.0886e-07  test 9.4039e-05  (18 epochs/s)
epoch  19800  train 1.0886e-07  test 9.3736e-05  (18 epochs/s)
epoch  19900  train 1.0886e-07  test 9.3047e-05  (18 epochs/s)
epoch  20000  train 1.0885e-07  test 9.2416e-05  (18 epochs/s)
done: 20000 epochs in 1127s -> runs/phase2-noise2/p-113/seed2034/seed11285
=== phase2-noise2 sigma0.2-until16k init 33428 (22:51:29) ===
train: 3830  test: 8939
epoch    100  train 3.5501e+00  test 1.3227e+01  (18 epochs/s)
epoch    200  train 1.4845e-01  test 4.6254e+01  (18 epochs/s)
epoch    300  train 2.4785e-02  test 5.2630e+01  (19 epochs/s)
epoch    400  train 7.9007e-03  test 5.5423e+01  (19 epochs/s)
epoch    500  train 2.5941e-03  test 5.8524e+01  (19 epochs/s)
epoch    600  train 8.6955e-04  test 6.1636e+01  (19 epochs/s)
epoch    700  train 2.9534e-04  test 6.4223e+01  (19 epochs/s)
epoch    800  train 1.0178e-04  test 6.7612e+01  (19 epochs/s)
epoch    900  train 3.5483e-05  test 7.1362e+01  (19 epochs/s)
epoch   1000  train 1.2680e-05  test 7.6071e+01  (19 epochs/s)
epoch   1100  train 4.7345e-06  test 8.0635e+01  (20 epochs/s)
epoch   1200  train 1.9383e-06  test 8.4126e+01  (20 epochs/s)
epoch   1300  train 9.3308e-07  test 8.6098e+01  (20 epochs/s)
epoch   1400  train 5.6188e-07  test 8.7191e+01  (20 epochs/s)
epoch   1500  train 4.2552e-07  test 8.7432e+01  (20 epochs/s)
epoch   1600  train 3.8053e-07  test 8.6769e+01  (20 epochs/s)
epoch   1700  train 3.6813e-07  test 8.5308e+01  (20 epochs/s)
epoch   1800  train 3.6436e-07  test 8.3175e+01  (20 epochs/s)
epoch   1900  train 3.6190e-07  test 8.0631e+01  (20 epochs/s)
epoch   2000  train 3.5970e-07  test 7.7910e+01  (20 epochs/s)
epoch   2100  train 3.5708e-07  test 7.5014e+01  (20 epochs/s)
epoch   2200  train 3.5430e-07  test 7.2318e+01  (20 epochs/s)
epoch   2300  train 3.5097e-07  test 6.9225e+01  (20 epochs/s)
epoch   2400  train 3.4736e-07  test 6.5885e+01  (20 epochs/s)
epoch   2500  train 3.4403e-07  test 6.2464e+01  (20 epochs/s)
epoch   2600  train 3.4033e-07  test 5.8905e+01  (20 epochs/s)
epoch   2700  train 3.3654e-07  test 5.5282e+01  (20 epochs/s)
epoch   2800  train 3.3238e-07  test 5.1666e+01  (20 epochs/s)
epoch   2900  train 3.2816e-07  test 4.9772e+01  (20 epochs/s)
epoch   3000  train 3.2334e-07  test 4.7666e+01  (20 epochs/s)
epoch   3100  train 3.1831e-07  test 4.6254e+01  (20 epochs/s)
epoch   3200  train 3.1283e-07  test 4.5321e+01  (20 epochs/s)
epoch   3300  train 3.0709e-07  test 4.4678e+01  (20 epochs/s)
epoch   3400  train 3.0101e-07  test 4.3108e+01  (20 epochs/s)
epoch   3500  train 2.9418e-07  test 4.1038e+01  (20 epochs/s)
epoch   3600  train 2.8742e-07  test 3.8619e+01  (20 epochs/s)
epoch   3700  train 2.7965e-07  test 3.4773e+01  (20 epochs/s)
epoch   3800  train 2.7135e-07  test 3.1016e+01  (20 epochs/s)
epoch   3900  train 2.6169e-07  test 3.0605e+01  (20 epochs/s)
epoch   4000  train 2.5087e-07  test 2.9281e+01  (20 epochs/s)
epoch   4100  train 2.3869e-07  test 2.6213e+01  (20 epochs/s)
epoch   4200  train 2.2692e-07  test 2.1440e+01  (20 epochs/s)
epoch   4300  train 2.1661e-07  test 1.8907e+01  (20 epochs/s)
epoch   4400  train 2.0813e-07  test 1.6662e+01  (20 epochs/s)
epoch   4500  train 2.0180e-07  test 1.4037e+01  (20 epochs/s)
epoch   4600  train 1.9667e-07  test 1.1428e+01  (20 epochs/s)
epoch   4700  train 1.9149e-07  test 9.0095e+00  (20 epochs/s)
epoch   4800  train 1.8570e-07  test 6.4086e+00  (20 epochs/s)
epoch   4900  train 1.7856e-07  test 4.0293e+00  (20 epochs/s)
epoch   5000  train 1.7268e-07  test 2.3864e+00  (20 epochs/s)
epoch   5100  train 1.6621e-07  test 1.4167e+00  (20 epochs/s)
epoch   5200  train 1.6063e-07  test 8.1811e-02  (20 epochs/s)
epoch   5300  train 1.5532e-07  test 3.6818e-04  (20 epochs/s)
epoch   5400  train 1.5089e-07  test 4.9704e-05  (20 epochs/s)
epoch   5500  train 1.4724e-07  test 1.4264e-05  (20 epochs/s)
epoch   5600  train 1.4474e-07  test 5.3015e-06  (20 epochs/s)
epoch   5700  train 1.4278e-07  test 2.4376e-06  (20 epochs/s)
epoch   5800  train 1.4143e-07  test 1.3788e-06  (20 epochs/s)
epoch   5900  train 1.4033e-07  test 9.2487e-07  (20 epochs/s)
epoch   6000  train 1.3952e-07  test 7.2331e-07  (20 epochs/s)
epoch   6100  train 1.3893e-07  test 6.0656e-07  (20 epochs/s)
epoch   6200  train 1.3845e-07  test 5.3898e-07  (20 epochs/s)
epoch   6300  train 1.3803e-07  test 4.9851e-07  (20 epochs/s)
epoch   6400  train 1.3771e-07  test 4.7199e-07  (20 epochs/s)
epoch   6500  train 1.3752e-07  test 4.5328e-07  (20 epochs/s)
epoch   6600  train 1.3722e-07  test 4.4103e-07  (20 epochs/s)
epoch   6700  train 1.3700e-07  test 4.3354e-07  (20 epochs/s)
epoch   6800  train 1.3683e-07  test 4.3081e-07  (20 epochs/s)
epoch   6900  train 1.3666e-07  test 4.2840e-07  (20 epochs/s)
epoch   7000  train 1.3651e-07  test 4.2626e-07  (20 epochs/s)
epoch   7100  train 1.3637e-07  test 4.2658e-07  (20 epochs/s)
epoch   7200  train 1.3623e-07  test 4.2653e-07  (20 epochs/s)
epoch   7300  train 1.3616e-07  test 4.2594e-07  (20 epochs/s)
epoch   7400  train 1.3596e-07  test 4.2470e-07  (20 epochs/s)
epoch   7500  train 1.3576e-07  test 4.2247e-07  (20 epochs/s)
epoch   7600  train 1.3559e-07  test 4.1943e-07  (20 epochs/s)
epoch   7700  train 1.3557e-07  test 4.1464e-07  (20 epochs/s)
epoch   7800  train 1.3544e-07  test 4.0877e-07  (20 epochs/s)
epoch   7900  train 1.3526e-07  test 4.0096e-07  (20 epochs/s)
epoch   8000  train 1.3517e-07  test 3.9333e-07  (20 epochs/s)
epoch   8100  train 1.3497e-07  test 3.8531e-07  (20 epochs/s)
epoch   8200  train 1.3484e-07  test 3.7680e-07  (20 epochs/s)
epoch   8300  train 1.3484e-07  test 3.6836e-07  (20 epochs/s)
epoch   8400  train 1.3465e-07  test 3.5979e-07  (20 epochs/s)
epoch   8500  train 1.3447e-07  test 3.5233e-07  (20 epochs/s)
epoch   8600  train 1.3442e-07  test 3.4580e-07  (20 epochs/s)
epoch   8700  train 1.3420e-07  test 3.3991e-07  (20 epochs/s)
epoch   8800  train 1.3413e-07  test 3.3474e-07  (20 epochs/s)
epoch   8900  train 1.3396e-07  test 3.3007e-07  (20 epochs/s)
epoch   9000  train 1.3381e-07  test 3.2753e-07  (20 epochs/s)
epoch   9100  train 1.3361e-07  test 3.2556e-07  (20 epochs/s)
epoch   9200  train 1.3362e-07  test 3.2462e-07  (20 epochs/s)
epoch   9300  train 1.3363e-07  test 3.2524e-07  (20 epochs/s)
epoch   9400  train 1.3345e-07  test 3.2576e-07  (20 epochs/s)
epoch   9500  train 1.3338e-07  test 3.2562e-07  (20 epochs/s)
epoch   9600  train 1.3310e-07  test 3.2500e-07  (21 epochs/s)
epoch   9700  train 1.3302e-07  test 3.2620e-07  (21 epochs/s)
epoch   9800  train 1.3294e-07  test 3.2704e-07  (21 epochs/s)
epoch   9900  train 1.3285e-07  test 3.2798e-07  (21 epochs/s)
epoch  10000  train 1.3278e-07  test 3.2758e-07  (21 epochs/s)
epoch  10100  train 1.3270e-07  test 3.2775e-07  (21 epochs/s)
epoch  10200  train 1.3257e-07  test 3.2689e-07  (21 epochs/s)
epoch  10300  train 1.3244e-07  test 3.2523e-07  (21 epochs/s)
epoch  10400  train 1.3249e-07  test 3.2443e-07  (21 epochs/s)
epoch  10500  train 1.3245e-07  test 3.2360e-07  (21 epochs/s)
epoch  10600  train 1.3240e-07  test 3.2273e-07  (21 epochs/s)
epoch  10700  train 1.3224e-07  test 3.2120e-07  (21 epochs/s)
epoch  10800  train 1.3220e-07  test 3.1895e-07  (21 epochs/s)
epoch  10900  train 1.3217e-07  test 3.1715e-07  (22 epochs/s)
epoch  11000  train 1.3208e-07  test 3.1584e-07  (22 epochs/s)
epoch  11100  train 1.3204e-07  test 3.1444e-07  (22 epochs/s)
epoch  11200  train 1.3202e-07  test 3.1253e-07  (22 epochs/s)
epoch  11300  train 1.3188e-07  test 3.1004e-07  (22 epochs/s)
epoch  11400  train 1.3187e-07  test 3.0780e-07  (22 epochs/s)
epoch  11500  train 1.3179e-07  test 3.0575e-07  (22 epochs/s)
epoch  11600  train 1.3186e-07  test 3.0347e-07  (22 epochs/s)
epoch  11700  train 1.3176e-07  test 3.0151e-07  (22 epochs/s)
epoch  11800  train 1.3176e-07  test 3.0029e-07  (22 epochs/s)
epoch  11900  train 1.3169e-07  test 2.9930e-07  (22 epochs/s)
epoch  12000  train 1.3151e-07  test 2.9813e-07  (22 epochs/s)
epoch  12100  train 1.3159e-07  test 2.9706e-07  (22 epochs/s)
epoch  12200  train 1.3152e-07  test 2.9605e-07  (22 epochs/s)
epoch  12300  train 1.3153e-07  test 2.9452e-07  (22 epochs/s)
epoch  12400  train 1.3146e-07  test 2.9390e-07  (22 epochs/s)
epoch  12500  train 1.3137e-07  test 2.9281e-07  (23 epochs/s)
epoch  12600  train 1.3136e-07  test 2.9168e-07  (23 epochs/s)
epoch  12700  train 1.3133e-07  test 2.9036e-07  (23 epochs/s)
epoch  12800  train 1.3129e-07  test 2.8954e-07  (23 epochs/s)
epoch  12900  train 1.3123e-07  test 2.8903e-07  (23 epochs/s)
epoch  13000  train 1.3119e-07  test 2.8875e-07  (23 epochs/s)
epoch  13100  train 1.3112e-07  test 2.8822e-07  (23 epochs/s)
epoch  13200  train 1.3106e-07  test 2.8781e-07  (23 epochs/s)
epoch  13300  train 1.3102e-07  test 2.8737e-07  (23 epochs/s)
epoch  13400  train 1.3106e-07  test 2.8774e-07  (23 epochs/s)
epoch  13500  train 1.3102e-07  test 2.8814e-07  (23 epochs/s)
epoch  13600  train 1.3092e-07  test 2.8885e-07  (23 epochs/s)
epoch  13700  train 1.3084e-07  test 2.8936e-07  (23 epochs/s)
epoch  13800  train 1.3081e-07  test 2.9048e-07  (23 epochs/s)
epoch  13900  train 1.3071e-07  test 2.9179e-07  (23 epochs/s)
epoch  14000  train 1.3061e-07  test 2.9267e-07  (23 epochs/s)
epoch  14100  train 1.3063e-07  test 2.9413e-07  (23 epochs/s)
epoch  14200  train 1.3061e-07  test 2.9511e-07  (23 epochs/s)
epoch  14300  train 1.3049e-07  test 2.9586e-07  (23 epochs/s)
epoch  14400  train 1.3052e-07  test 2.9635e-07  (24 epochs/s)
epoch  14500  train 1.3041e-07  test 2.9788e-07  (24 epochs/s)
epoch  14600  train 1.3030e-07  test 2.9877e-07  (24 epochs/s)
epoch  14700  train 1.3028e-07  test 2.9917e-07  (24 epochs/s)
epoch  14800  train 1.3022e-07  test 2.9939e-07  (24 epochs/s)
epoch  14900  train 1.3006e-07  test 2.9910e-07  (24 epochs/s)
epoch  15000  train 1.3022e-07  test 2.9879e-07  (24 epochs/s)
epoch  15100  train 1.2998e-07  test 2.9845e-07  (24 epochs/s)
epoch  15200  train 1.3009e-07  test 2.9677e-07  (24 epochs/s)
epoch  15300  train 1.2984e-07  test 2.9521e-07  (24 epochs/s)
epoch  15400  train 1.2981e-07  test 2.9221e-07  (24 epochs/s)
epoch  15500  train 1.2977e-07  test 2.8952e-07  (24 epochs/s)
epoch  15600  train 1.2978e-07  test 2.8716e-07  (24 epochs/s)
epoch  15700  train 1.2974e-07  test 2.8471e-07  (24 epochs/s)
epoch  15800  train 1.2962e-07  test 2.8232e-07  (24 epochs/s)
epoch  15900  train 1.2950e-07  test 2.7978e-07  (24 epochs/s)
epoch  16000  train 1.2957e-07  test 2.7671e-07  (24 epochs/s)
epoch  16100  train 1.2949e-07  test 2.7262e-07  (24 epochs/s)
epoch  16200  train 1.2949e-07  test 2.6994e-07  (24 epochs/s)
epoch  16300  train 1.2943e-07  test 2.6738e-07  (24 epochs/s)
epoch  16400  train 1.2941e-07  test 2.6487e-07  (24 epochs/s)
epoch  16500  train 1.2939e-07  test 2.6203e-07  (24 epochs/s)
epoch  16600  train 1.2940e-07  test 2.5959e-07  (24 epochs/s)
epoch  16700  train 1.2941e-07  test 2.5616e-07  (25 epochs/s)
epoch  16800  train 1.2929e-07  test 2.5261e-07  (25 epochs/s)
epoch  16900  train 1.2926e-07  test 2.4944e-07  (25 epochs/s)
epoch  17000  train 1.2925e-07  test 2.4599e-07  (25 epochs/s)
epoch  17100  train 1.2931e-07  test 2.4283e-07  (25 epochs/s)
epoch  17200  train 1.2933e-07  test 2.3979e-07  (25 epochs/s)
epoch  17300  train 1.2925e-07  test 2.3711e-07  (25 epochs/s)
epoch  17400  train 1.2915e-07  test 2.3479e-07  (25 epochs/s)
epoch  17500  train 1.2916e-07  test 2.3265e-07  (25 epochs/s)
epoch  17600  train 1.2918e-07  test 2.3084e-07  (25 epochs/s)
epoch  17700  train 1.2920e-07  test 2.2911e-07  (25 epochs/s)
epoch  17800  train 1.2919e-07  test 2.2766e-07  (25 epochs/s)
epoch  17900  train 1.2919e-07  test 2.2640e-07  (25 epochs/s)
epoch  18000  train 1.2916e-07  test 2.2514e-07  (25 epochs/s)
epoch  18100  train 1.2911e-07  test 2.2405e-07  (25 epochs/s)
epoch  18200  train 1.2911e-07  test 2.2290e-07  (25 epochs/s)
epoch  18300  train 1.2913e-07  test 2.2160e-07  (25 epochs/s)
epoch  18400  train 1.2909e-07  test 2.2046e-07  (25 epochs/s)
epoch  18500  train 1.2904e-07  test 2.1954e-07  (25 epochs/s)
epoch  18600  train 1.2906e-07  test 2.1875e-07  (25 epochs/s)
epoch  18700  train 1.2906e-07  test 2.1807e-07  (25 epochs/s)
epoch  18800  train 1.2904e-07  test 2.1744e-07  (25 epochs/s)
epoch  18900  train 1.2898e-07  test 2.1676e-07  (25 epochs/s)
epoch  19000  train 1.2899e-07  test 2.1621e-07  (25 epochs/s)
epoch  19100  train 1.2894e-07  test 2.1574e-07  (25 epochs/s)
epoch  19200  train 1.2895e-07  test 2.1548e-07  (25 epochs/s)
epoch  19300  train 1.2895e-07  test 2.1496e-07  (25 epochs/s)
epoch  19400  train 1.2897e-07  test 2.1454e-07  (25 epochs/s)
epoch  19500  train 1.2891e-07  test 2.1424e-07  (26 epochs/s)
epoch  19600  train 1.2889e-07  test 2.1398e-07  (26 epochs/s)
epoch  19700  train 1.2883e-07  test 2.1361e-07  (26 epochs/s)
epoch  19800  train 1.2885e-07  test 2.1345e-07  (26 epochs/s)
epoch  19900  train 1.2883e-07  test 2.1318e-07  (26 epochs/s)
epoch  20000  train 1.2883e-07  test 2.1296e-07  (26 epochs/s)
done: 20000 epochs in 780s -> runs/phase2-tilt/p-113/seed2034/seed33428
=== phase2-tilt init 777 (22:57:48) ===
train: 3830  test: 8939
epoch    100  train 3.5984e+00  test 1.1488e+01  (34 epochs/s)
epoch    200  train 1.6879e-01  test 3.7516e+01  (34 epochs/s)
epoch    300  train 2.6029e-02  test 4.1503e+01  (34 epochs/s)
epoch    400  train 8.3088e-03  test 4.5410e+01  (34 epochs/s)
epoch    500  train 2.7308e-03  test 4.8022e+01  (34 epochs/s)
epoch    600  train 9.1573e-04  test 5.0710e+01  (34 epochs/s)
epoch    700  train 3.1168e-04  test 5.4058e+01  (33 epochs/s)
epoch    800  train 1.0735e-04  test 5.9277e+01  (33 epochs/s)
epoch    900  train 3.7504e-05  test 6.4217e+01  (33 epochs/s)
epoch   1000  train 1.3409e-05  test 6.8289e+01  (34 epochs/s)
epoch   1100  train 5.0092e-06  test 7.2540e+01  (34 epochs/s)
epoch   1200  train 2.0472e-06  test 7.6749e+01  (34 epochs/s)
epoch   1300  train 9.8157e-07  test 8.0092e+01  (34 epochs/s)
epoch   1400  train 5.8803e-07  test 8.1907e+01  (33 epochs/s)
epoch   1500  train 4.4336e-07  test 8.2332e+01  (33 epochs/s)
epoch   1600  train 3.9581e-07  test 8.1985e+01  (33 epochs/s)
epoch   1700  train 3.8326e-07  test 8.1361e+01  (33 epochs/s)
epoch   1800  train 3.7998e-07  test 8.0626e+01  (33 epochs/s)
epoch   1900  train 3.7831e-07  test 7.9748e+01  (33 epochs/s)
epoch   2000  train 3.7658e-07  test 7.8764e+01  (33 epochs/s)
epoch   2100  train 3.7475e-07  test 7.7625e+01  (33 epochs/s)
epoch   2200  train 3.7273e-07  test 7.6242e+01  (33 epochs/s)
epoch   2300  train 3.7048e-07  test 7.4575e+01  (33 epochs/s)
epoch   2400  train 3.6833e-07  test 7.2748e+01  (33 epochs/s)
epoch   2500  train 3.6605e-07  test 7.0932e+01  (33 epochs/s)
epoch   2600  train 3.6355e-07  test 6.8746e+01  (33 epochs/s)
epoch   2700  train 3.6082e-07  test 6.6602e+01  (33 epochs/s)
epoch   2800  train 3.5827e-07  test 6.4492e+01  (33 epochs/s)
epoch   2900  train 3.5543e-07  test 6.2182e+01  (33 epochs/s)
epoch   3000  train 3.5214e-07  test 6.0454e+01  (33 epochs/s)
epoch   3100  train 3.4884e-07  test 5.8134e+01  (33 epochs/s)
epoch   3200  train 3.4547e-07  test 5.5881e+01  (33 epochs/s)
epoch   3300  train 3.4179e-07  test 5.4641e+01  (33 epochs/s)
epoch   3400  train 3.3759e-07  test 5.3213e+01  (33 epochs/s)
epoch   3500  train 3.3358e-07  test 5.1476e+01  (33 epochs/s)
epoch   3600  train 3.2870e-07  test 4.9319e+01  (33 epochs/s)
epoch   3700  train 3.2316e-07  test 4.7516e+01  (33 epochs/s)
epoch   3800  train 3.1709e-07  test 4.6188e+01  (33 epochs/s)
epoch   3900  train 3.1001e-07  test 4.4363e+01  (33 epochs/s)
epoch   4000  train 3.0176e-07  test 4.1954e+01  (33 epochs/s)
epoch   4100  train 2.9232e-07  test 3.8640e+01  (33 epochs/s)
epoch   4200  train 2.8101e-07  test 3.3705e+01  (33 epochs/s)
epoch   4300  train 2.6765e-07  test 2.7660e+01  (33 epochs/s)
epoch   4400  train 2.5232e-07  test 2.4120e+01  (33 epochs/s)
epoch   4500  train 2.3771e-07  test 2.1695e+01  (33 epochs/s)
epoch   4600  train 2.2417e-07  test 1.7420e+01  (33 epochs/s)
epoch   4700  train 2.1194e-07  test 1.1886e+01  (33 epochs/s)
epoch   4800  train 2.0187e-07  test 7.3187e+00  (33 epochs/s)
epoch   4900  train 1.9414e-07  test 4.6953e+00  (33 epochs/s)
epoch   5000  train 1.8799e-07  test 3.0613e+00  (33 epochs/s)
epoch   5100  train 1.8179e-07  test 2.4676e+00  (33 epochs/s)
epoch   5200  train 1.7625e-07  test 1.3201e+00  (33 epochs/s)
epoch   5300  train 1.7130e-07  test 9.7638e-02  (33 epochs/s)
epoch   5400  train 1.6598e-07  test 5.5781e-04  (33 epochs/s)
epoch   5500  train 1.6178e-07  test 7.4192e-05  (33 epochs/s)
epoch   5600  train 1.5838e-07  test 2.7407e-05  (33 epochs/s)
epoch   5700  train 1.5524e-07  test 1.3667e-05  (33 epochs/s)
epoch   5800  train 1.5290e-07  test 8.0319e-06  (33 epochs/s)
epoch   5900  train 1.5126e-07  test 5.2482e-06  (33 epochs/s)
epoch   6000  train 1.4984e-07  test 3.6625e-06  (33 epochs/s)
epoch   6100  train 1.4870e-07  test 2.7493e-06  (33 epochs/s)
epoch   6200  train 1.4771e-07  test 2.1644e-06  (33 epochs/s)
epoch   6300  train 1.4703e-07  test 1.8003e-06  (33 epochs/s)
epoch   6400  train 1.4631e-07  test 1.5606e-06  (33 epochs/s)
epoch   6500  train 1.4588e-07  test 1.4160e-06  (33 epochs/s)
epoch   6600  train 1.4543e-07  test 1.3114e-06  (33 epochs/s)
epoch   6700  train 1.4510e-07  test 1.2383e-06  (33 epochs/s)
epoch   6800  train 1.4484e-07  test 1.1797e-06  (33 epochs/s)
epoch   6900  train 1.4454e-07  test 1.1275e-06  (33 epochs/s)
epoch   7000  train 1.4435e-07  test 1.0842e-06  (33 epochs/s)
epoch   7100  train 1.4414e-07  test 1.0482e-06  (33 epochs/s)
epoch   7200  train 1.4401e-07  test 1.0175e-06  (33 epochs/s)
epoch   7300  train 1.4377e-07  test 9.9313e-07  (33 epochs/s)
epoch   7400  train 1.4374e-07  test 9.7120e-07  (33 epochs/s)
epoch   7500  train 1.4341e-07  test 9.5019e-07  (33 epochs/s)
epoch   7600  train 1.4344e-07  test 9.2659e-07  (33 epochs/s)
epoch   7700  train 1.4322e-07  test 9.0784e-07  (33 epochs/s)
epoch   7800  train 1.4300e-07  test 8.8856e-07  (33 epochs/s)
epoch   7900  train 1.4294e-07  test 8.6911e-07  (33 epochs/s)
epoch   8000  train 1.4278e-07  test 8.4997e-07  (33 epochs/s)
epoch   8100  train 1.4276e-07  test 8.3245e-07  (33 epochs/s)
epoch   8200  train 1.4256e-07  test 8.1466e-07  (33 epochs/s)
epoch   8300  train 1.4250e-07  test 7.9578e-07  (33 epochs/s)
epoch   8400  train 1.4245e-07  test 7.7659e-07  (33 epochs/s)
epoch   8500  train 1.4230e-07  test 7.5951e-07  (33 epochs/s)
epoch   8600  train 1.4224e-07  test 7.4076e-07  (33 epochs/s)
epoch   8700  train 1.4217e-07  test 7.2137e-07  (33 epochs/s)
epoch   8800  train 1.4201e-07  test 7.0421e-07  (33 epochs/s)
epoch   8900  train 1.4193e-07  test 6.8653e-07  (33 epochs/s)
epoch   9000  train 1.4181e-07  test 6.6643e-07  (33 epochs/s)
epoch   9100  train 1.4168e-07  test 6.4567e-07  (33 epochs/s)
epoch   9200  train 1.4157e-07  test 6.2700e-07  (33 epochs/s)
epoch   9300  train 1.4155e-07  test 6.0800e-07  (33 epochs/s)
epoch   9400  train 1.4138e-07  test 5.8902e-07  (33 epochs/s)
epoch   9500  train 1.4123e-07  test 5.7153e-07  (33 epochs/s)
epoch   9600  train 1.4120e-07  test 5.5384e-07  (33 epochs/s)
epoch   9700  train 1.4105e-07  test 5.3651e-07  (33 epochs/s)
epoch   9800  train 1.4097e-07  test 5.1991e-07  (33 epochs/s)
epoch   9900  train 1.4083e-07  test 5.0310e-07  (33 epochs/s)
epoch  10000  train 1.4070e-07  test 4.8736e-07  (33 epochs/s)
epoch  10100  train 1.4060e-07  test 4.7220e-07  (33 epochs/s)
epoch  10200  train 1.4047e-07  test 4.5761e-07  (33 epochs/s)
epoch  10300  train 1.4029e-07  test 4.4412e-07  (33 epochs/s)
epoch  10400  train 1.4011e-07  test 4.3230e-07  (33 epochs/s)
epoch  10500  train 1.3996e-07  test 4.2155e-07  (33 epochs/s)
epoch  10600  train 1.3968e-07  test 4.1239e-07  (33 epochs/s)
epoch  10700  train 1.3932e-07  test 4.0422e-07  (33 epochs/s)
epoch  10800  train 1.3880e-07  test 3.9791e-07  (33 epochs/s)
epoch  10900  train 1.3833e-07  test 3.9303e-07  (33 epochs/s)
epoch  11000  train 1.3776e-07  test 3.8782e-07  (33 epochs/s)
epoch  11100  train 1.3701e-07  test 3.8207e-07  (33 epochs/s)
epoch  11200  train 1.3627e-07  test 3.7611e-07  (33 epochs/s)
epoch  11300  train 1.3566e-07  test 3.6923e-07  (33 epochs/s)
epoch  11400  train 1.3522e-07  test 3.6263e-07  (33 epochs/s)
epoch  11500  train 1.3481e-07  test 3.5645e-07  (33 epochs/s)
epoch  11600  train 1.3458e-07  test 3.5050e-07  (33 epochs/s)
epoch  11700  train 1.3429e-07  test 3.4582e-07  (33 epochs/s)
epoch  11800  train 1.3414e-07  test 3.4150e-07  (33 epochs/s)
epoch  11900  train 1.3417e-07  test 3.3801e-07  (33 epochs/s)
epoch  12000  train 1.3408e-07  test 3.3519e-07  (33 epochs/s)
epoch  12100  train 1.3391e-07  test 3.3280e-07  (33 epochs/s)
epoch  12200  train 1.3380e-07  test 3.3034e-07  (33 epochs/s)
epoch  12300  train 1.3392e-07  test 3.2785e-07  (33 epochs/s)
epoch  12400  train 1.3368e-07  test 3.2510e-07  (33 epochs/s)
epoch  12500  train 1.3382e-07  test 3.2253e-07  (33 epochs/s)
epoch  12600  train 1.3373e-07  test 3.2019e-07  (33 epochs/s)
epoch  12700  train 1.3363e-07  test 3.1818e-07  (33 epochs/s)
epoch  12800  train 1.3357e-07  test 3.1614e-07  (33 epochs/s)
epoch  12900  train 1.3365e-07  test 3.1407e-07  (33 epochs/s)
epoch  13000  train 1.3354e-07  test 3.1233e-07  (33 epochs/s)
epoch  13100  train 1.3356e-07  test 3.1078e-07  (33 epochs/s)
epoch  13200  train 1.3348e-07  test 3.0912e-07  (33 epochs/s)
epoch  13300  train 1.3354e-07  test 3.0756e-07  (33 epochs/s)
epoch  13400  train 1.3341e-07  test 3.0611e-07  (33 epochs/s)
epoch  13500  train 1.3344e-07  test 3.0476e-07  (33 epochs/s)
epoch  13600  train 1.3348e-07  test 3.0318e-07  (33 epochs/s)
epoch  13700  train 1.3344e-07  test 3.0156e-07  (33 epochs/s)
epoch  13800  train 1.3331e-07  test 3.0000e-07  (33 epochs/s)
epoch  13900  train 1.3341e-07  test 2.9859e-07  (33 epochs/s)
epoch  14000  train 1.3328e-07  test 2.9738e-07  (33 epochs/s)
epoch  14100  train 1.3318e-07  test 2.9591e-07  (33 epochs/s)
epoch  14200  train 1.3324e-07  test 2.9427e-07  (33 epochs/s)
epoch  14300  train 1.3330e-07  test 2.9294e-07  (33 epochs/s)
epoch  14400  train 1.3323e-07  test 2.9157e-07  (33 epochs/s)
epoch  14500  train 1.3329e-07  test 2.9039e-07  (33 epochs/s)
epoch  14600  train 1.3308e-07  test 2.8963e-07  (33 epochs/s)
epoch  14700  train 1.3307e-07  test 2.8879e-07  (33 epochs/s)
epoch  14800  train 1.3311e-07  test 2.8784e-07  (33 epochs/s)
epoch  14900  train 1.3310e-07  test 2.8697e-07  (33 epochs/s)
epoch  15000  train 1.3302e-07  test 2.8606e-07  (33 epochs/s)
epoch  15100  train 1.3300e-07  test 2.8519e-07  (33 epochs/s)
epoch  15200  train 1.3297e-07  test 2.8451e-07  (33 epochs/s)
epoch  15300  train 1.3298e-07  test 2.8358e-07  (33 epochs/s)
epoch  15400  train 1.3299e-07  test 2.8274e-07  (33 epochs/s)
epoch  15500  train 1.3296e-07  test 2.8196e-07  (33 epochs/s)
epoch  15600  train 1.3283e-07  test 2.8120e-07  (33 epochs/s)
epoch  15700  train 1.3285e-07  test 2.8054e-07  (33 epochs/s)
epoch  15800  train 1.3290e-07  test 2.7989e-07  (33 epochs/s)
epoch  15900  train 1.3284e-07  test 2.7930e-07  (33 epochs/s)
epoch  16000  train 1.3282e-07  test 2.7888e-07  (33 epochs/s)
epoch  16100  train 1.3274e-07  test 2.7864e-07  (33 epochs/s)
epoch  16200  train 1.3275e-07  test 2.7803e-07  (33 epochs/s)
epoch  16300  train 1.3278e-07  test 2.7780e-07  (33 epochs/s)
epoch  16400  train 1.3271e-07  test 2.7711e-07  (33 epochs/s)
epoch  16500  train 1.3271e-07  test 2.7646e-07  (33 epochs/s)
epoch  16600  train 1.3265e-07  test 2.7587e-07  (33 epochs/s)
epoch  16700  train 1.3259e-07  test 2.7538e-07  (33 epochs/s)
epoch  16800  train 1.3258e-07  test 2.7481e-07  (33 epochs/s)
epoch  16900  train 1.3254e-07  test 2.7436e-07  (33 epochs/s)
epoch  17000  train 1.3254e-07  test 2.7385e-07  (33 epochs/s)
epoch  17100  train 1.3257e-07  test 2.7323e-07  (33 epochs/s)
epoch  17200  train 1.3253e-07  test 2.7257e-07  (33 epochs/s)
epoch  17300  train 1.3254e-07  test 2.7205e-07  (33 epochs/s)
epoch  17400  train 1.3248e-07  test 2.7151e-07  (33 epochs/s)
epoch  17500  train 1.3251e-07  test 2.7111e-07  (33 epochs/s)
epoch  17600  train 1.3235e-07  test 2.7051e-07  (33 epochs/s)
epoch  17700  train 1.3235e-07  test 2.7028e-07  (33 epochs/s)
epoch  17800  train 1.3240e-07  test 2.6979e-07  (33 epochs/s)
epoch  17900  train 1.3237e-07  test 2.6932e-07  (33 epochs/s)
epoch  18000  train 1.3240e-07  test 2.6885e-07  (33 epochs/s)
epoch  18100  train 1.3237e-07  test 2.6828e-07  (33 epochs/s)
epoch  18200  train 1.3219e-07  test 2.6773e-07  (33 epochs/s)
epoch  18300  train 1.3233e-07  test 2.6718e-07  (33 epochs/s)
epoch  18400  train 1.3213e-07  test 2.6660e-07  (33 epochs/s)
epoch  18500  train 1.3219e-07  test 2.6605e-07  (33 epochs/s)
epoch  18600  train 1.3227e-07  test 2.6501e-07  (33 epochs/s)
epoch  18700  train 1.3201e-07  test 2.6404e-07  (33 epochs/s)
epoch  18800  train 1.3211e-07  test 2.6318e-07  (33 epochs/s)
epoch  18900  train 1.3208e-07  test 2.6188e-07  (33 epochs/s)
epoch  19000  train 1.3198e-07  test 2.6071e-07  (33 epochs/s)
epoch  19100  train 1.3197e-07  test 2.5960e-07  (33 epochs/s)
epoch  19200  train 1.3188e-07  test 2.5849e-07  (33 epochs/s)
epoch  19300  train 1.3187e-07  test 2.5721e-07  (33 epochs/s)
epoch  19400  train 1.3182e-07  test 2.5593e-07  (33 epochs/s)
epoch  19500  train 1.3187e-07  test 2.5439e-07  (33 epochs/s)
epoch  19600  train 1.3171e-07  test 2.5293e-07  (33 epochs/s)
epoch  19700  train 1.3166e-07  test 2.5171e-07  (33 epochs/s)
epoch  19800  train 1.3169e-07  test 2.5041e-07  (33 epochs/s)
epoch  19900  train 1.3164e-07  test 2.4882e-07  (33 epochs/s)
epoch  20000  train 1.3156e-07  test 2.4740e-07  (33 epochs/s)
done: 20000 epochs in 600s -> runs/phase2-tilt/p-113/seed2034/seed777
=== phase2-tilt init 4242 (23:07:49) ===
train: 3830  test: 8939
epoch    100  train 3.8763e+00  test 1.1641e+01  (34 epochs/s)
epoch    200  train 2.9559e-01  test 3.6645e+01  (34 epochs/s)
epoch    300  train 2.8526e-02  test 4.5759e+01  (34 epochs/s)
epoch    400  train 9.1248e-03  test 4.9230e+01  (34 epochs/s)
epoch    500  train 2.9931e-03  test 5.1585e+01  (34 epochs/s)
epoch    600  train 1.0040e-03  test 5.6200e+01  (34 epochs/s)
epoch    700  train 3.4108e-04  test 5.9934e+01  (34 epochs/s)
epoch    800  train 1.1744e-04  test 6.2489e+01  (34 epochs/s)
epoch    900  train 4.0992e-05  test 6.5384e+01  (34 epochs/s)
epoch   1000  train 1.4633e-05  test 6.8621e+01  (34 epochs/s)
epoch   1100  train 5.4494e-06  test 7.1675e+01  (34 epochs/s)
epoch   1200  train 2.2081e-06  test 7.4948e+01  (34 epochs/s)
epoch   1300  train 1.0444e-06  test 7.7784e+01  (34 epochs/s)
epoch   1400  train 6.1416e-07  test 7.9528e+01  (34 epochs/s)
epoch   1500  train 4.5533e-07  test 7.9711e+01  (34 epochs/s)
epoch   1600  train 4.0250e-07  test 7.9374e+01  (34 epochs/s)
epoch   1700  train 3.8837e-07  test 7.8964e+01  (34 epochs/s)
epoch   1800  train 3.8515e-07  test 7.8129e+01  (34 epochs/s)
epoch   1900  train 3.8386e-07  test 7.7465e+01  (34 epochs/s)
epoch   2000  train 3.8287e-07  test 7.6344e+01  (34 epochs/s)
epoch   2100  train 3.8198e-07  test 7.5506e+01  (34 epochs/s)
epoch   2200  train 3.8048e-07  test 7.4769e+01  (34 epochs/s)
epoch   2300  train 3.7882e-07  test 7.4360e+01  (34 epochs/s)
epoch   2400  train 3.7722e-07  test 7.4214e+01  (34 epochs/s)
epoch   2500  train 3.7543e-07  test 7.4039e+01  (34 epochs/s)
epoch   2600  train 3.7347e-07  test 7.3940e+01  (34 epochs/s)
epoch   2700  train 3.7186e-07  test 7.3922e+01  (34 epochs/s)
epoch   2800  train 3.7022e-07  test 7.3664e+01  (34 epochs/s)
epoch   2900  train 3.6853e-07  test 7.3392e+01  (34 epochs/s)
epoch   3000  train 3.6677e-07  test 7.2801e+01  (34 epochs/s)
epoch   3100  train 3.6493e-07  test 7.2384e+01  (34 epochs/s)
epoch   3200  train 3.6322e-07  test 7.2204e+01  (34 epochs/s)
epoch   3300  train 3.6140e-07  test 7.2290e+01  (34 epochs/s)
epoch   3400  train 3.5969e-07  test 7.1954e+01  (34 epochs/s)
epoch   3500  train 3.5795e-07  test 7.1681e+01  (34 epochs/s)
epoch   3600  train 3.5613e-07  test 7.1193e+01  (34 epochs/s)
epoch   3700  train 3.5425e-07  test 7.0785e+01  (34 epochs/s)
epoch   3800  train 3.5235e-07  test 7.0524e+01  (34 epochs/s)
epoch   3900  train 3.5068e-07  test 7.0213e+01  (34 epochs/s)
epoch   4000  train 3.4864e-07  test 6.9681e+01  (34 epochs/s)
epoch   4100  train 3.4661e-07  test 6.8870e+01  (34 epochs/s)
epoch   4200  train 3.4461e-07  test 6.7711e+01  (34 epochs/s)
epoch   4300  train 3.4217e-07  test 6.6430e+01  (34 epochs/s)
epoch   4400  train 3.3951e-07  test 6.4943e+01  (34 epochs/s)
epoch   4500  train 3.3701e-07  test 6.3049e+01  (34 epochs/s)
epoch   4600  train 3.3408e-07  test 6.1320e+01  (34 epochs/s)
epoch   4700  train 3.3091e-07  test 5.9207e+01  (34 epochs/s)
epoch   4800  train 3.2719e-07  test 5.6868e+01  (34 epochs/s)
epoch   4900  train 3.2299e-07  test 5.4166e+01  (34 epochs/s)
epoch   5000  train 3.1803e-07  test 5.1092e+01  (34 epochs/s)
epoch   5100  train 3.1232e-07  test 4.7774e+01  (34 epochs/s)
epoch   5200  train 3.0567e-07  test 4.4206e+01  (34 epochs/s)
epoch   5300  train 2.9763e-07  test 4.0936e+01  (34 epochs/s)
epoch   5400  train 2.8788e-07  test 3.7546e+01  (34 epochs/s)
epoch   5500  train 2.7697e-07  test 3.4097e+01  (34 epochs/s)
epoch   5600  train 2.6272e-07  test 3.0042e+01  (34 epochs/s)
epoch   5700  train 2.4696e-07  test 2.6233e+01  (34 epochs/s)
epoch   5800  train 2.3161e-07  test 2.2861e+01  (34 epochs/s)
epoch   5900  train 2.1656e-07  test 1.8304e+01  (34 epochs/s)
epoch   6000  train 2.0210e-07  test 1.2280e+01  (34 epochs/s)
epoch   6100  train 1.9028e-07  test 5.8509e+00  (34 epochs/s)
epoch   6200  train 1.8125e-07  test 1.9200e+00  (34 epochs/s)
epoch   6300  train 1.7462e-07  test 4.1598e-02  (34 epochs/s)
epoch   6400  train 1.6854e-07  test 5.0328e-04  (34 epochs/s)
epoch   6500  train 1.6303e-07  test 1.0110e-04  (34 epochs/s)
epoch   6600  train 1.5799e-07  test 2.1805e-05  (34 epochs/s)
epoch   6700  train 1.5321e-07  test 5.4822e-06  (34 epochs/s)
epoch   6800  train 1.4971e-07  test 1.8583e-06  (34 epochs/s)
epoch   6900  train 1.4705e-07  test 8.4014e-07  (34 epochs/s)
epoch   7000  train 1.4485e-07  test 5.0397e-07  (34 epochs/s)
epoch   7100  train 1.4337e-07  test 3.7295e-07  (34 epochs/s)
epoch   7200  train 1.4218e-07  test 3.1100e-07  (34 epochs/s)
epoch   7300  train 1.4122e-07  test 2.7664e-07  (34 epochs/s)
epoch   7400  train 1.4065e-07  test 2.5574e-07  (34 epochs/s)
epoch   7500  train 1.3997e-07  test 2.4208e-07  (34 epochs/s)
epoch   7600  train 1.3950e-07  test 2.3245e-07  (34 epochs/s)
epoch   7700  train 1.3901e-07  test 2.2527e-07  (34 epochs/s)
epoch   7800  train 1.3860e-07  test 2.1963e-07  (34 epochs/s)
epoch   7900  train 1.3809e-07  test 2.1502e-07  (34 epochs/s)
epoch   8000  train 1.3785e-07  test 2.1109e-07  (34 epochs/s)
epoch   8100  train 1.3750e-07  test 2.0782e-07  (34 epochs/s)
epoch   8200  train 1.3719e-07  test 2.0497e-07  (34 epochs/s)
epoch   8300  train 1.3702e-07  test 2.0257e-07  (34 epochs/s)
epoch   8400  train 1.3679e-07  test 2.0035e-07  (34 epochs/s)
epoch   8500  train 1.3653e-07  test 1.9846e-07  (34 epochs/s)
epoch   8600  train 1.3635e-07  test 1.9693e-07  (34 epochs/s)
epoch   8700  train 1.3636e-07  test 1.9561e-07  (34 epochs/s)
epoch   8800  train 1.3607e-07  test 1.9457e-07  (34 epochs/s)
epoch   8900  train 1.3606e-07  test 1.9381e-07  (34 epochs/s)
epoch   9000  train 1.3591e-07  test 1.9318e-07  (34 epochs/s)
epoch   9100  train 1.3576e-07  test 1.9282e-07  (34 epochs/s)
epoch   9200  train 1.3562e-07  test 1.9238e-07  (34 epochs/s)
epoch   9300  train 1.3558e-07  test 1.9216e-07  (34 epochs/s)
epoch   9400  train 1.3559e-07  test 1.9199e-07  (34 epochs/s)
epoch   9500  train 1.3561e-07  test 1.9189e-07  (34 epochs/s)
epoch   9600  train 1.3538e-07  test 1.9186e-07  (34 epochs/s)
epoch   9700  train 1.3543e-07  test 1.9190e-07  (34 epochs/s)
epoch   9800  train 1.3532e-07  test 1.9203e-07  (34 epochs/s)
epoch   9900  train 1.3524e-07  test 1.9217e-07  (34 epochs/s)
epoch  10000  train 1.3513e-07  test 1.9230e-07  (34 epochs/s)
epoch  10100  train 1.3511e-07  test 1.9242e-07  (34 epochs/s)
epoch  10200  train 1.3508e-07  test 1.9266e-07  (34 epochs/s)
epoch  10300  train 1.3505e-07  test 1.9285e-07  (33 epochs/s)
epoch  10400  train 1.3497e-07  test 1.9322e-07  (33 epochs/s)
epoch  10500  train 1.3494e-07  test 1.9338e-07  (33 epochs/s)
epoch  10600  train 1.3488e-07  test 1.9366e-07  (33 epochs/s)
epoch  10700  train 1.3475e-07  test 1.9413e-07  (33 epochs/s)
epoch  10800  train 1.3471e-07  test 1.9432e-07  (33 epochs/s)
epoch  10900  train 1.3480e-07  test 1.9467e-07  (33 epochs/s)
epoch  11000  train 1.3478e-07  test 1.9493e-07  (33 epochs/s)
epoch  11100  train 1.3477e-07  test 1.9519e-07  (33 epochs/s)
epoch  11200  train 1.3470e-07  test 1.9560e-07  (33 epochs/s)
epoch  11300  train 1.3462e-07  test 1.9592e-07  (33 epochs/s)
epoch  11400  train 1.3461e-07  test 1.9619e-07  (33 epochs/s)
epoch  11500  train 1.3456e-07  test 1.9655e-07  (33 epochs/s)
epoch  11600  train 1.3459e-07  test 1.9696e-07  (33 epochs/s)
epoch  11700  train 1.3454e-07  test 1.9731e-07  (33 epochs/s)
epoch  11800  train 1.3454e-07  test 1.9767e-07  (33 epochs/s)
epoch  11900  train 1.3449e-07  test 1.9802e-07  (33 epochs/s)
epoch  12000  train 1.3454e-07  test 1.9829e-07  (33 epochs/s)
epoch  12100  train 1.3453e-07  test 1.9863e-07  (33 epochs/s)
epoch  12200  train 1.3446e-07  test 1.9909e-07  (33 epochs/s)
epoch  12300  train 1.3443e-07  test 1.9943e-07  (33 epochs/s)
epoch  12400  train 1.3435e-07  test 1.9974e-07  (33 epochs/s)
epoch  12500  train 1.3427e-07  test 2.0013e-07  (33 epochs/s)
epoch  12600  train 1.3436e-07  test 2.0042e-07  (33 epochs/s)
epoch  12700  train 1.3430e-07  test 2.0079e-07  (33 epochs/s)
epoch  12800  train 1.3432e-07  test 2.0111e-07  (33 epochs/s)
epoch  12900  train 1.3435e-07  test 2.0144e-07  (33 epochs/s)
epoch  13000  train 1.3426e-07  test 2.0173e-07  (33 epochs/s)
epoch  13100  train 1.3426e-07  test 2.0216e-07  (33 epochs/s)
epoch  13200  train 1.3419e-07  test 2.0261e-07  (33 epochs/s)
epoch  13300  train 1.3420e-07  test 2.0301e-07  (33 epochs/s)
epoch  13400  train 1.3415e-07  test 2.0339e-07  (33 epochs/s)
epoch  13500  train 1.3408e-07  test 2.0375e-07  (33 epochs/s)
epoch  13600  train 1.3402e-07  test 2.0413e-07  (33 epochs/s)
epoch  13700  train 1.3417e-07  test 2.0444e-07  (33 epochs/s)
epoch  13800  train 1.3417e-07  test 2.0477e-07  (33 epochs/s)
epoch  13900  train 1.3411e-07  test 2.0504e-07  (33 epochs/s)
epoch  14000  train 1.3405e-07  test 2.0540e-07  (33 epochs/s)
epoch  14100  train 1.3410e-07  test 2.0573e-07  (33 epochs/s)
epoch  14200  train 1.3397e-07  test 2.0605e-07  (33 epochs/s)
epoch  14300  train 1.3401e-07  test 2.0640e-07  (33 epochs/s)
epoch  14400  train 1.3409e-07  test 2.0677e-07  (33 epochs/s)
epoch  14500  train 1.3408e-07  test 2.0702e-07  (33 epochs/s)
epoch  14600  train 1.3401e-07  test 2.0738e-07  (33 epochs/s)
epoch  14700  train 1.3397e-07  test 2.0766e-07  (33 epochs/s)
epoch  14800  train 1.3396e-07  test 2.0783e-07  (33 epochs/s)
epoch  14900  train 1.3403e-07  test 2.0825e-07  (33 epochs/s)
epoch  15000  train 1.3397e-07  test 2.0855e-07  (33 epochs/s)
epoch  15100  train 1.3391e-07  test 2.0879e-07  (33 epochs/s)
epoch  15200  train 1.3376e-07  test 2.0913e-07  (33 epochs/s)
epoch  15300  train 1.3373e-07  test 2.0933e-07  (33 epochs/s)
epoch  15400  train 1.3371e-07  test 2.0958e-07  (33 epochs/s)
epoch  15500  train 1.3376e-07  test 2.0979e-07  (33 epochs/s)
epoch  15600  train 1.3382e-07  test 2.1008e-07  (33 epochs/s)
epoch  15700  train 1.3387e-07  test 2.1030e-07  (33 epochs/s)
epoch  15800  train 1.3391e-07  test 2.1053e-07  (33 epochs/s)
epoch  15900  train 1.3388e-07  test 2.1078e-07  (33 epochs/s)
epoch  16000  train 1.3382e-07  test 2.1102e-07  (33 epochs/s)
epoch  16100  train 1.3372e-07  test 2.1125e-07  (33 epochs/s)
epoch  16200  train 1.3379e-07  test 2.1156e-07  (33 epochs/s)
epoch  16300  train 1.3375e-07  test 2.1183e-07  (33 epochs/s)
epoch  16400  train 1.3376e-07  test 2.1204e-07  (33 epochs/s)
epoch  16500  train 1.3372e-07  test 2.1223e-07  (33 epochs/s)
epoch  16600  train 1.3373e-07  test 2.1244e-07  (33 epochs/s)
epoch  16700  train 1.3365e-07  test 2.1267e-07  (33 epochs/s)
epoch  16800  train 1.3366e-07  test 2.1291e-07  (33 epochs/s)
epoch  16900  train 1.3362e-07  test 2.1304e-07  (33 epochs/s)
epoch  17000  train 1.3365e-07  test 2.1325e-07  (33 epochs/s)
epoch  17100  train 1.3374e-07  test 2.1347e-07  (33 epochs/s)
epoch  17200  train 1.3377e-07  test 2.1364e-07  (33 epochs/s)
epoch  17300  train 1.3373e-07  test 2.1383e-07  (33 epochs/s)
epoch  17400  train 1.3366e-07  test 2.1405e-07  (33 epochs/s)
epoch  17500  train 1.3362e-07  test 2.1426e-07  (33 epochs/s)
epoch  17600  train 1.3358e-07  test 2.1441e-07  (33 epochs/s)
epoch  17700  train 1.3356e-07  test 2.1462e-07  (33 epochs/s)
epoch  17800  train 1.3356e-07  test 2.1481e-07  (33 epochs/s)
epoch  17900  train 1.3357e-07  test 2.1504e-07  (33 epochs/s)
epoch  18000  train 1.3361e-07  test 2.1518e-07  (33 epochs/s)
epoch  18100  train 1.3350e-07  test 2.1525e-07  (33 epochs/s)
epoch  18200  train 1.3353e-07  test 2.1543e-07  (33 epochs/s)
epoch  18300  train 1.3360e-07  test 2.1559e-07  (33 epochs/s)
epoch  18400  train 1.3366e-07  test 2.1580e-07  (33 epochs/s)
epoch  18500  train 1.3359e-07  test 2.1595e-07  (33 epochs/s)
epoch  18600  train 1.3354e-07  test 2.1605e-07  (33 epochs/s)
epoch  18700  train 1.3348e-07  test 2.1619e-07  (33 epochs/s)
epoch  18800  train 1.3348e-07  test 2.1632e-07  (33 epochs/s)
epoch  18900  train 1.3348e-07  test 2.1644e-07  (33 epochs/s)
epoch  19000  train 1.3346e-07  test 2.1653e-07  (33 epochs/s)
epoch  19100  train 1.3356e-07  test 2.1665e-07  (33 epochs/s)
epoch  19200  train 1.3354e-07  test 2.1673e-07  (33 epochs/s)
epoch  19300  train 1.3351e-07  test 2.1683e-07  (33 epochs/s)
epoch  19400  train 1.3348e-07  test 2.1700e-07  (33 epochs/s)
epoch  19500  train 1.3351e-07  test 2.1709e-07  (33 epochs/s)
epoch  19600  train 1.3340e-07  test 2.1719e-07  (33 epochs/s)
epoch  19700  train 1.3337e-07  test 2.1724e-07  (33 epochs/s)
epoch  19800  train 1.3342e-07  test 2.1734e-07  (33 epochs/s)
epoch  19900  train 1.3347e-07  test 2.1749e-07  (33 epochs/s)
epoch  20000  train 1.3348e-07  test 2.1753e-07  (33 epochs/s)
done: 20000 epochs in 603s -> runs/phase2-tilt/p-113/seed2034/seed4242
PHASE2-DONE
=== epsfloor eps=1e-10 init 11285 (23:18:23) ===
train: 3830  test: 8939
epoch    100  train 1.1483e+00  test 9.2235e+00  (30 epochs/s)
epoch    200  train 1.5526e-02  test 1.5622e+01  (31 epochs/s)
epoch    300  train 5.3138e-03  test 1.6165e+01  (29 epochs/s)
epoch    400  train 1.7395e-03  test 1.7016e+01  (29 epochs/s)
epoch    500  train 5.8139e-04  test 1.7950e+01  (29 epochs/s)
epoch    600  train 1.9683e-04  test 1.8953e+01  (29 epochs/s)
epoch    700  train 6.7338e-05  test 2.0001e+01  (30 epochs/s)
epoch    800  train 2.3251e-05  test 2.1087e+01  (30 epochs/s)
epoch    900  train 8.0868e-06  test 2.2186e+01  (30 epochs/s)
epoch   1000  train 2.8274e-06  test 2.3292e+01  (31 epochs/s)
epoch   1100  train 9.9598e-07  test 2.4384e+01  (31 epochs/s)
epoch   1200  train 3.5405e-07  test 2.5469e+01  (31 epochs/s)
epoch   1300  train 1.2791e-07  test 2.6531e+01  (31 epochs/s)
epoch   1400  train 4.7777e-08  test 2.7551e+01  (31 epochs/s)
epoch   1500  train 1.9161e-08  test 2.8495e+01  (31 epochs/s)
epoch   1600  train 8.7774e-09  test 2.9281e+01  (32 epochs/s)
epoch   1700  train 4.9250e-09  test 2.9828e+01  (32 epochs/s)
epoch   1800  train 3.4953e-09  test 3.0113e+01  (32 epochs/s)
epoch   1900  train 3.0131e-09  test 3.0182e+01  (32 epochs/s)
epoch   2000  train 2.8878e-09  test 3.0114e+01  (32 epochs/s)
epoch   2100  train 2.8622e-09  test 3.0004e+01  (32 epochs/s)
epoch   2200  train 2.8569e-09  test 2.9891e+01  (32 epochs/s)
epoch   2300  train 2.8520e-09  test 2.9784e+01  (32 epochs/s)
epoch   2400  train 2.8452e-09  test 2.9675e+01  (32 epochs/s)
epoch   2500  train 2.8373e-09  test 2.9569e+01  (32 epochs/s)
epoch   2600  train 2.8309e-09  test 2.9457e+01  (32 epochs/s)
epoch   2700  train 2.8195e-09  test 2.9351e+01  (32 epochs/s)
epoch   2800  train 2.8108e-09  test 2.9247e+01  (32 epochs/s)
epoch   2900  train 2.8034e-09  test 2.9139e+01  (32 epochs/s)
epoch   3000  train 2.7946e-09  test 2.9025e+01  (32 epochs/s)
epoch   3100  train 2.7840e-09  test 2.8916e+01  (32 epochs/s)
epoch   3200  train 2.7752e-09  test 2.8810e+01  (32 epochs/s)
epoch   3300  train 2.7688e-09  test 2.8702e+01  (32 epochs/s)
epoch   3400  train 2.7614e-09  test 2.8597e+01  (32 epochs/s)
epoch   3500  train 2.7508e-09  test 2.8491e+01  (32 epochs/s)
epoch   3600  train 2.7428e-09  test 2.8384e+01  (32 epochs/s)
epoch   3700  train 2.7353e-09  test 2.8274e+01  (32 epochs/s)
epoch   3800  train 2.7340e-09  test 2.8162e+01  (32 epochs/s)
epoch   3900  train 2.7195e-09  test 2.8055e+01  (32 epochs/s)
epoch   4000  train 2.7126e-09  test 2.7945e+01  (32 epochs/s)
epoch   4100  train 2.7075e-09  test 2.7835e+01  (32 epochs/s)
epoch   4200  train 2.6983e-09  test 2.7724e+01  (32 epochs/s)
epoch   4300  train 2.6948e-09  test 2.7603e+01  (32 epochs/s)
epoch   4400  train 2.6827e-09  test 2.7483e+01  (32 epochs/s)
epoch   4500  train 2.6826e-09  test 2.7357e+01  (32 epochs/s)
epoch   4600  train 2.6762e-09  test 2.7230e+01  (32 epochs/s)
epoch   4700  train 2.6616e-09  test 2.7095e+01  (32 epochs/s)
epoch   4800  train 2.6565e-09  test 2.6962e+01  (32 epochs/s)
epoch   4900  train 2.6558e-09  test 2.6828e+01  (32 epochs/s)
epoch   5000  train 2.6508e-09  test 2.6694e+01  (32 epochs/s)
epoch   5100  train 2.6367e-09  test 2.6557e+01  (32 epochs/s)
epoch   5200  train 2.6306e-09  test 2.6419e+01  (32 epochs/s)
epoch   5300  train 2.6247e-09  test 2.6280e+01  (32 epochs/s)
epoch   5400  train 2.6181e-09  test 2.6135e+01  (33 epochs/s)
epoch   5500  train 2.6140e-09  test 2.5991e+01  (33 epochs/s)
epoch   5600  train 2.6077e-09  test 2.5840e+01  (33 epochs/s)
epoch   5700  train 2.6042e-09  test 2.5679e+01  (33 epochs/s)
epoch   5800  train 2.5979e-09  test 2.5516e+01  (33 epochs/s)
epoch   5900  train 2.5898e-09  test 2.5348e+01  (33 epochs/s)
epoch   6000  train 2.5787e-09  test 2.5171e+01  (33 epochs/s)
epoch   6100  train 2.5737e-09  test 2.4994e+01  (33 epochs/s)
epoch   6200  train 2.5675e-09  test 2.4821e+01  (33 epochs/s)
epoch   6300  train 2.5606e-09  test 2.4640e+01  (33 epochs/s)
epoch   6400  train 2.5624e-09  test 2.4457e+01  (33 epochs/s)
epoch   6500  train 2.5543e-09  test 2.4265e+01  (33 epochs/s)
epoch   6600  train 2.5511e-09  test 2.4059e+01  (33 epochs/s)
epoch   6700  train 2.5352e-09  test 2.3855e+01  (33 epochs/s)
epoch   6800  train 2.5266e-09  test 2.3630e+01  (33 epochs/s)
epoch   6900  train 2.5179e-09  test 2.3392e+01  (33 epochs/s)
epoch   7000  train 2.5133e-09  test 2.3143e+01  (33 epochs/s)
epoch   7100  train 2.5033e-09  test 2.2882e+01  (33 epochs/s)
epoch   7200  train 2.5001e-09  test 2.2607e+01  (33 epochs/s)
epoch   7300  train 2.4843e-09  test 2.2320e+01  (33 epochs/s)
epoch   7400  train 2.4784e-09  test 2.2012e+01  (33 epochs/s)
epoch   7500  train 2.4658e-09  test 2.1700e+01  (33 epochs/s)
epoch   7600  train 2.4649e-09  test 2.1369e+01  (33 epochs/s)
epoch   7700  train 2.4487e-09  test 2.1011e+01  (33 epochs/s)
epoch   7800  train 2.4337e-09  test 2.0621e+01  (33 epochs/s)
epoch   7900  train 2.4248e-09  test 2.0199e+01  (33 epochs/s)
epoch   8000  train 2.4119e-09  test 1.9738e+01  (33 epochs/s)
epoch   8100  train 2.3977e-09  test 1.9237e+01  (33 epochs/s)
epoch   8200  train 2.3828e-09  test 1.8702e+01  (33 epochs/s)
epoch   8300  train 2.3655e-09  test 1.8126e+01  (33 epochs/s)
epoch   8400  train 2.3536e-09  test 1.7503e+01  (33 epochs/s)
epoch   8500  train 2.3355e-09  test 1.6830e+01  (33 epochs/s)
epoch   8600  train 2.3093e-09  test 1.6119e+01  (33 epochs/s)
epoch   8700  train 2.2962e-09  test 1.5360e+01  (33 epochs/s)
epoch   8800  train 2.2704e-09  test 1.4565e+01  (33 epochs/s)
epoch   8900  train 2.2408e-09  test 1.3719e+01  (33 epochs/s)
epoch   9000  train 2.2141e-09  test 1.2818e+01  (33 epochs/s)
epoch   9100  train 2.1834e-09  test 1.1865e+01  (33 epochs/s)
epoch   9200  train 2.1482e-09  test 1.0856e+01  (33 epochs/s)
epoch   9300  train 2.1112e-09  test 9.7943e+00  (33 epochs/s)
epoch   9400  train 2.0695e-09  test 8.6453e+00  (33 epochs/s)
epoch   9500  train 2.0191e-09  test 7.4445e+00  (33 epochs/s)
epoch   9600  train 1.9688e-09  test 6.2335e+00  (33 epochs/s)
epoch   9700  train 1.9048e-09  test 5.0237e+00  (33 epochs/s)
epoch   9800  train 1.8461e-09  test 3.8730e+00  (33 epochs/s)
epoch   9900  train 1.7815e-09  test 2.8529e+00  (33 epochs/s)
epoch  10000  train 1.7203e-09  test 2.0066e+00  (33 epochs/s)
epoch  10100  train 1.6552e-09  test 1.3479e+00  (33 epochs/s)
epoch  10200  train 1.5995e-09  test 8.6814e-01  (33 epochs/s)
epoch  10300  train 1.5426e-09  test 5.5133e-01  (33 epochs/s)
epoch  10400  train 1.4978e-09  test 3.4507e-01  (33 epochs/s)
epoch  10500  train 1.4336e-09  test 2.0905e-01  (33 epochs/s)
epoch  10600  train 1.3814e-09  test 1.2354e-01  (33 epochs/s)
epoch  10700  train 1.3294e-09  test 7.0265e-02  (33 epochs/s)
epoch  10800  train 1.2765e-09  test 3.7559e-02  (33 epochs/s)
epoch  10900  train 1.2317e-09  test 1.8245e-02  (33 epochs/s)
epoch  11000  train 1.1880e-09  test 7.6899e-03  (33 epochs/s)
epoch  11100  train 1.1521e-09  test 3.3590e-03  (33 epochs/s)
epoch  11200  train 1.1212e-09  test 1.5493e-03  (33 epochs/s)
epoch  11300  train 1.0972e-09  test 5.9660e-04  (33 epochs/s)
epoch  11400  train 1.0739e-09  test 1.7704e-04  (33 epochs/s)
epoch  11500  train 1.0537e-09  test 6.9577e-05  (33 epochs/s)
epoch  11600  train 1.0361e-09  test 4.3882e-05  (33 epochs/s)
epoch  11700  train 1.0194e-09  test 2.6265e-05  (33 epochs/s)
epoch  11800  train 1.0052e-09  test 1.2600e-05  (33 epochs/s)
epoch  11900  train 9.9228e-10  test 4.7235e-06  (33 epochs/s)
epoch  12000  train 9.7926e-10  test 1.5891e-06  (33 epochs/s)
epoch  12100  train 9.6720e-10  test 5.2324e-07  (33 epochs/s)
epoch  12200  train 9.5535e-10  test 1.8675e-07  (33 epochs/s)
epoch  12300  train 9.4350e-10  test 7.1620e-08  (33 epochs/s)
epoch  12400  train 9.3323e-10  test 3.1545e-08  (33 epochs/s)
epoch  12500  train 9.2390e-10  test 1.6389e-08  (33 epochs/s)
epoch  12600  train 9.1534e-10  test 9.7068e-09  (33 epochs/s)
epoch  12700  train 9.0664e-10  test 6.6599e-09  (33 epochs/s)
epoch  12800  train 8.9768e-10  test 5.1457e-09  (33 epochs/s)
epoch  12900  train 8.8907e-10  test 4.3697e-09  (33 epochs/s)
epoch  13000  train 8.8067e-10  test 3.9281e-09  (33 epochs/s)
epoch  13100  train 8.7343e-10  test 3.6994e-09  (33 epochs/s)
epoch  13200  train 8.6744e-10  test 3.5718e-09  (33 epochs/s)
epoch  13300  train 8.6293e-10  test 3.5142e-09  (33 epochs/s)
epoch  13400  train 8.5950e-10  test 3.4847e-09  (33 epochs/s)
epoch  13500  train 8.5694e-10  test 3.4783e-09  (33 epochs/s)
epoch  13600  train 8.5500e-10  test 3.4861e-09  (33 epochs/s)
epoch  13700  train 8.5346e-10  test 3.5127e-09  (33 epochs/s)
epoch  13800  train 8.5229e-10  test 3.5597e-09  (33 epochs/s)
epoch  13900  train 8.5126e-10  test 3.5947e-09  (33 epochs/s)
epoch  14000  train 8.5028e-10  test 3.6235e-09  (33 epochs/s)
epoch  14100  train 8.4942e-10  test 3.6282e-09  (33 epochs/s)
epoch  14200  train 8.4862e-10  test 3.6221e-09  (33 epochs/s)
epoch  14300  train 8.4787e-10  test 3.6191e-09  (33 epochs/s)
epoch  14400  train 8.4716e-10  test 3.6087e-09  (33 epochs/s)
epoch  14500  train 8.4645e-10  test 3.5826e-09  (33 epochs/s)
epoch  14600  train 8.4579e-10  test 3.5611e-09  (33 epochs/s)
epoch  14700  train 8.4518e-10  test 3.5314e-09  (33 epochs/s)
epoch  14800  train 8.4459e-10  test 3.4884e-09  (33 epochs/s)
epoch  14900  train 8.4401e-10  test 3.4517e-09  (33 epochs/s)
epoch  15000  train 8.4347e-10  test 3.4181e-09  (33 epochs/s)
epoch  15100  train 8.4295e-10  test 3.3772e-09  (33 epochs/s)
epoch  15200  train 8.4241e-10  test 3.3190e-09  (33 epochs/s)
epoch  15300  train 8.4193e-10  test 3.2699e-09  (33 epochs/s)
epoch  15400  train 8.4140e-10  test 3.2283e-09  (33 epochs/s)
epoch  15500  train 8.4093e-10  test 3.1986e-09  (33 epochs/s)
epoch  15600  train 8.4048e-10  test 3.1689e-09  (33 epochs/s)
epoch  15700  train 8.4005e-10  test 3.1358e-09  (33 epochs/s)
epoch  15800  train 8.3960e-10  test 3.1215e-09  (33 epochs/s)
epoch  15900  train 8.3918e-10  test 3.0977e-09  (33 epochs/s)
epoch  16000  train 8.3878e-10  test 3.0708e-09  (33 epochs/s)
epoch  16100  train 8.3834e-10  test 3.0543e-09  (33 epochs/s)
epoch  16200  train 8.3795e-10  test 3.0385e-09  (33 epochs/s)
epoch  16300  train 8.3757e-10  test 3.0214e-09  (33 epochs/s)
epoch  16400  train 8.3721e-10  test 3.0068e-09  (33 epochs/s)
epoch  16500  train 8.3681e-10  test 2.9948e-09  (33 epochs/s)
epoch  16600  train 8.3643e-10  test 2.9838e-09  (33 epochs/s)
epoch  16700  train 8.3610e-10  test 2.9733e-09  (33 epochs/s)
epoch  16800  train 8.3574e-10  test 2.9682e-09  (33 epochs/s)
epoch  16900  train 8.3539e-10  test 2.9632e-09  (33 epochs/s)
epoch  17000  train 8.3506e-10  test 2.9562e-09  (33 epochs/s)
epoch  17100  train 8.3475e-10  test 2.9501e-09  (33 epochs/s)
epoch  17200  train 8.3442e-10  test 2.9455e-09  (33 epochs/s)
epoch  17300  train 8.3412e-10  test 2.9381e-09  (33 epochs/s)
epoch  17400  train 8.3381e-10  test 2.9339e-09  (33 epochs/s)
epoch  17500  train 8.3353e-10  test 2.9309e-09  (33 epochs/s)
epoch  17600  train 8.3321e-10  test 2.9310e-09  (33 epochs/s)
epoch  17700  train 8.3293e-10  test 2.9302e-09  (33 epochs/s)
epoch  17800  train 8.3265e-10  test 2.9294e-09  (33 epochs/s)
epoch  17900  train 8.3237e-10  test 2.9302e-09  (33 epochs/s)
epoch  18000  train 8.3211e-10  test 2.9273e-09  (33 epochs/s)
epoch  18100  train 8.3184e-10  test 2.9259e-09  (33 epochs/s)
epoch  18200  train 8.3159e-10  test 2.9239e-09  (33 epochs/s)
epoch  18300  train 8.3134e-10  test 2.9224e-09  (33 epochs/s)
epoch  18400  train 8.3108e-10  test 2.9229e-09  (33 epochs/s)
epoch  18500  train 8.3086e-10  test 2.9245e-09  (33 epochs/s)
epoch  18600  train 8.3060e-10  test 2.9239e-09  (33 epochs/s)
epoch  18700  train 8.3037e-10  test 2.9212e-09  (33 epochs/s)
epoch  18800  train 8.3014e-10  test 2.9195e-09  (33 epochs/s)
epoch  18900  train 8.2991e-10  test 2.9176e-09  (33 epochs/s)
epoch  19000  train 8.2971e-10  test 2.9156e-09  (33 epochs/s)
epoch  19100  train 8.2948e-10  test 2.9146e-09  (33 epochs/s)
epoch  19200  train 8.2927e-10  test 2.9139e-09  (33 epochs/s)
epoch  19300  train 8.2906e-10  test 2.9115e-09  (33 epochs/s)
epoch  19400  train 8.2886e-10  test 2.9081e-09  (33 epochs/s)
epoch  19500  train 8.2864e-10  test 2.9033e-09  (33 epochs/s)
epoch  19600  train 8.2844e-10  test 2.8968e-09  (33 epochs/s)
epoch  19700  train 8.2823e-10  test 2.8905e-09  (33 epochs/s)
epoch  19800  train 8.2805e-10  test 2.8838e-09  (33 epochs/s)
epoch  19900  train 8.2785e-10  test 2.8793e-09  (33 epochs/s)
epoch  20000  train 8.2767e-10  test 2.8746e-09  (33 epochs/s)
done: 20000 epochs in 611s -> runs/epsfloor/p-113/seed2034/seed11285
=== epsfloor eps=1e-10 init 33428 (23:28:33) ===
train: 3830  test: 8939
epoch    100  train 1.1019e+00  test 9.2840e+00  (33 epochs/s)
epoch    200  train 1.4817e-02  test 1.5264e+01  (34 epochs/s)
epoch    300  train 5.0414e-03  test 1.5752e+01  (34 epochs/s)
epoch    400  train 1.6526e-03  test 1.6527e+01  (34 epochs/s)
epoch    500  train 5.5098e-04  test 1.7374e+01  (34 epochs/s)
epoch    600  train 1.8636e-04  test 1.8246e+01  (34 epochs/s)
epoch    700  train 6.3603e-05  test 1.9118e+01  (34 epochs/s)
epoch    800  train 2.1859e-05  test 1.9981e+01  (34 epochs/s)
epoch    900  train 7.5635e-06  test 2.0804e+01  (34 epochs/s)
epoch   1000  train 2.6333e-06  test 2.1604e+01  (34 epochs/s)
epoch   1100  train 9.2237e-07  test 2.2371e+01  (34 epochs/s)
epoch   1200  train 3.2634e-07  test 2.3081e+01  (33 epochs/s)
epoch   1300  train 1.1733e-07  test 2.3725e+01  (33 epochs/s)
epoch   1400  train 4.3711e-08  test 2.4286e+01  (33 epochs/s)
epoch   1500  train 1.7531e-08  test 2.4727e+01  (33 epochs/s)
epoch   1600  train 8.0783e-09  test 2.5008e+01  (33 epochs/s)
epoch   1700  train 4.5712e-09  test 2.5094e+01  (33 epochs/s)
epoch   1800  train 3.2698e-09  test 2.4970e+01  (33 epochs/s)
epoch   1900  train 2.8308e-09  test 2.4668e+01  (33 epochs/s)
epoch   2000  train 2.7119e-09  test 2.4249e+01  (33 epochs/s)
epoch   2100  train 2.6809e-09  test 2.3784e+01  (33 epochs/s)
epoch   2200  train 2.6683e-09  test 2.3306e+01  (33 epochs/s)
epoch   2300  train 2.6542e-09  test 2.2797e+01  (33 epochs/s)
epoch   2400  train 2.6367e-09  test 2.2271e+01  (33 epochs/s)
epoch   2500  train 2.6188e-09  test 2.1716e+01  (33 epochs/s)
epoch   2600  train 2.5983e-09  test 2.1129e+01  (33 epochs/s)
epoch   2700  train 2.5779e-09  test 2.0499e+01  (33 epochs/s)
epoch   2800  train 2.5542e-09  test 1.9827e+01  (33 epochs/s)
epoch   2900  train 2.5284e-09  test 1.9105e+01  (33 epochs/s)
epoch   3000  train 2.5015e-09  test 1.8343e+01  (33 epochs/s)
epoch   3100  train 2.4735e-09  test 1.7534e+01  (33 epochs/s)
epoch   3200  train 2.4435e-09  test 1.6669e+01  (33 epochs/s)
epoch   3300  train 2.4115e-09  test 1.5747e+01  (33 epochs/s)
epoch   3400  train 2.3735e-09  test 1.4745e+01  (33 epochs/s)
epoch   3500  train 2.3349e-09  test 1.3660e+01  (33 epochs/s)
epoch   3600  train 2.2890e-09  test 1.2479e+01  (33 epochs/s)
epoch   3700  train 2.2380e-09  test 1.1197e+01  (33 epochs/s)
epoch   3800  train 2.1750e-09  test 9.8126e+00  (33 epochs/s)
epoch   3900  train 2.1060e-09  test 8.3168e+00  (33 epochs/s)
epoch   4000  train 2.0248e-09  test 6.7661e+00  (33 epochs/s)
epoch   4100  train 1.9385e-09  test 5.2162e+00  (33 epochs/s)
epoch   4200  train 1.8424e-09  test 3.7664e+00  (33 epochs/s)
epoch   4300  train 1.7377e-09  test 2.4781e+00  (33 epochs/s)
epoch   4400  train 1.6476e-09  test 1.4699e+00  (33 epochs/s)
epoch   4500  train 1.5655e-09  test 7.9715e-01  (33 epochs/s)
epoch   4600  train 1.4919e-09  test 4.0431e-01  (33 epochs/s)
epoch   4700  train 1.4251e-09  test 1.9943e-01  (33 epochs/s)
epoch   4800  train 1.3592e-09  test 9.4049e-02  (33 epochs/s)
epoch   4900  train 1.2948e-09  test 4.1942e-02  (33 epochs/s)
epoch   5000  train 1.2352e-09  test 1.7479e-02  (33 epochs/s)
epoch   5100  train 1.1798e-09  test 7.6396e-03  (33 epochs/s)
epoch   5200  train 1.1284e-09  test 2.9346e-03  (33 epochs/s)
epoch   5300  train 1.0807e-09  test 7.4541e-04  (33 epochs/s)
epoch   5400  train 1.0386e-09  test 1.2542e-04  (33 epochs/s)
epoch   5500  train 1.0018e-09  test 1.9072e-05  (33 epochs/s)
epoch   5600  train 9.7069e-10  test 3.0256e-06  (33 epochs/s)
epoch   5700  train 9.4930e-10  test 6.2754e-07  (33 epochs/s)
epoch   5800  train 9.3333e-10  test 1.6014e-07  (33 epochs/s)
epoch   5900  train 9.2081e-10  test 4.7612e-08  (33 epochs/s)
epoch   6000  train 9.1159e-10  test 1.9155e-08  (33 epochs/s)
epoch   6100  train 9.0459e-10  test 1.0941e-08  (33 epochs/s)
epoch   6200  train 8.9911e-10  test 7.6202e-09  (33 epochs/s)
epoch   6300  train 8.9468e-10  test 6.0106e-09  (33 epochs/s)
epoch   6400  train 8.9087e-10  test 5.1180e-09  (33 epochs/s)
epoch   6500  train 8.8747e-10  test 4.5648e-09  (33 epochs/s)
epoch   6600  train 8.8450e-10  test 4.2108e-09  (33 epochs/s)
epoch   6700  train 8.8161e-10  test 3.9487e-09  (33 epochs/s)
epoch   6800  train 8.7877e-10  test 3.7795e-09  (33 epochs/s)
epoch   6900  train 8.7620e-10  test 3.6705e-09  (33 epochs/s)
epoch   7000  train 8.7406e-10  test 3.5628e-09  (33 epochs/s)
epoch   7100  train 8.7193e-10  test 3.4608e-09  (33 epochs/s)
epoch   7200  train 8.7002e-10  test 3.3902e-09  (33 epochs/s)
epoch   7300  train 8.6841e-10  test 3.3208e-09  (33 epochs/s)
epoch   7400  train 8.6687e-10  test 3.2703e-09  (33 epochs/s)
epoch   7500  train 8.6540e-10  test 3.2209e-09  (33 epochs/s)
epoch   7600  train 8.6413e-10  test 3.1728e-09  (33 epochs/s)
epoch   7700  train 8.6296e-10  test 3.1325e-09  (33 epochs/s)
epoch   7800  train 8.6180e-10  test 3.0974e-09  (33 epochs/s)
epoch   7900  train 8.6075e-10  test 3.0601e-09  (33 epochs/s)
epoch   8000  train 8.5969e-10  test 3.0334e-09  (33 epochs/s)
epoch   8100  train 8.5867e-10  test 3.0031e-09  (33 epochs/s)
epoch   8200  train 8.5777e-10  test 2.9755e-09  (33 epochs/s)
epoch   8300  train 8.5690e-10  test 2.9501e-09  (33 epochs/s)
epoch   8400  train 8.5604e-10  test 2.9241e-09  (33 epochs/s)
epoch   8500  train 8.5523e-10  test 2.8954e-09  (33 epochs/s)
epoch   8600  train 8.5444e-10  test 2.8698e-09  (33 epochs/s)
epoch   8700  train 8.5365e-10  test 2.8361e-09  (33 epochs/s)
epoch   8800  train 8.5277e-10  test 2.7962e-09  (33 epochs/s)
epoch   8900  train 8.5199e-10  test 2.7638e-09  (33 epochs/s)
epoch   9000  train 8.5124e-10  test 2.7297e-09  (33 epochs/s)
epoch   9100  train 8.5044e-10  test 2.6960e-09  (33 epochs/s)
epoch   9200  train 8.4967e-10  test 2.6620e-09  (33 epochs/s)
epoch   9300  train 8.4896e-10  test 2.6307e-09  (33 epochs/s)
epoch   9400  train 8.4822e-10  test 2.6023e-09  (33 epochs/s)
epoch   9500  train 8.4752e-10  test 2.5760e-09  (33 epochs/s)
epoch   9600  train 8.4684e-10  test 2.5466e-09  (33 epochs/s)
epoch   9700  train 8.4618e-10  test 2.5189e-09  (33 epochs/s)
epoch   9800  train 8.4554e-10  test 2.4920e-09  (33 epochs/s)
epoch   9900  train 8.4489e-10  test 2.4664e-09  (33 epochs/s)
epoch  10000  train 8.4427e-10  test 2.4394e-09  (33 epochs/s)
epoch  10100  train 8.4368e-10  test 2.4139e-09  (33 epochs/s)
epoch  10200  train 8.4309e-10  test 2.3878e-09  (33 epochs/s)
epoch  10300  train 8.4256e-10  test 2.3653e-09  (33 epochs/s)
epoch  10400  train 8.4200e-10  test 2.3443e-09  (33 epochs/s)
epoch  10500  train 8.4148e-10  test 2.3269e-09  (33 epochs/s)
epoch  10600  train 8.4094e-10  test 2.3084e-09  (33 epochs/s)
epoch  10700  train 8.4045e-10  test 2.2897e-09  (33 epochs/s)
epoch  10800  train 8.3999e-10  test 2.2737e-09  (33 epochs/s)
epoch  10900  train 8.3957e-10  test 2.2593e-09  (33 epochs/s)
epoch  11000  train 8.3913e-10  test 2.2458e-09  (33 epochs/s)
epoch  11100  train 8.3871e-10  test 2.2342e-09  (33 epochs/s)
epoch  11200  train 8.3832e-10  test 2.2214e-09  (33 epochs/s)
epoch  11300  train 8.3796e-10  test 2.2098e-09  (33 epochs/s)
epoch  11400  train 8.3758e-10  test 2.1986e-09  (33 epochs/s)
epoch  11500  train 8.3726e-10  test 2.1897e-09  (33 epochs/s)
epoch  11600  train 8.3691e-10  test 2.1806e-09  (33 epochs/s)
epoch  11700  train 8.3660e-10  test 2.1725e-09  (33 epochs/s)
epoch  11800  train 8.3628e-10  test 2.1639e-09  (33 epochs/s)
epoch  11900  train 8.3599e-10  test 2.1561e-09  (33 epochs/s)
epoch  12000  train 8.3573e-10  test 2.1503e-09  (33 epochs/s)
epoch  12100  train 8.3547e-10  test 2.1445e-09  (33 epochs/s)
epoch  12200  train 8.3520e-10  test 2.1392e-09  (33 epochs/s)
epoch  12300  train 8.3497e-10  test 2.1349e-09  (33 epochs/s)
epoch  12400  train 8.3470e-10  test 2.1308e-09  (33 epochs/s)
epoch  12500  train 8.3449e-10  test 2.1272e-09  (33 epochs/s)
epoch  12600  train 8.3426e-10  test 2.1232e-09  (33 epochs/s)
epoch  12700  train 8.3403e-10  test 2.1207e-09  (33 epochs/s)
epoch  12800  train 8.3382e-10  test 2.1170e-09  (33 epochs/s)
epoch  12900  train 8.3361e-10  test 2.1129e-09  (33 epochs/s)
epoch  13000  train 8.3342e-10  test 2.1100e-09  (33 epochs/s)
epoch  13100  train 8.3320e-10  test 2.1071e-09  (33 epochs/s)
epoch  13200  train 8.3303e-10  test 2.1050e-09  (33 epochs/s)
epoch  13300  train 8.3282e-10  test 2.1028e-09  (33 epochs/s)
epoch  13400  train 8.3265e-10  test 2.1005e-09  (33 epochs/s)
epoch  13500  train 8.3247e-10  test 2.0986e-09  (33 epochs/s)
epoch  13600  train 8.3231e-10  test 2.0954e-09  (33 epochs/s)
epoch  13700  train 8.3213e-10  test 2.0933e-09  (33 epochs/s)
epoch  13800  train 8.3196e-10  test 2.0911e-09  (33 epochs/s)
epoch  13900  train 8.3180e-10  test 2.0885e-09  (33 epochs/s)
epoch  14000  train 8.3165e-10  test 2.0856e-09  (33 epochs/s)
epoch  14100  train 8.3149e-10  test 2.0830e-09  (33 epochs/s)
epoch  14200  train 8.3134e-10  test 2.0804e-09  (33 epochs/s)
epoch  14300  train 8.3118e-10  test 2.0782e-09  (33 epochs/s)
epoch  14400  train 8.3104e-10  test 2.0759e-09  (33 epochs/s)
epoch  14500  train 8.3089e-10  test 2.0736e-09  (33 epochs/s)
epoch  14600  train 8.3076e-10  test 2.0721e-09  (33 epochs/s)
epoch  14700  train 8.3063e-10  test 2.0700e-09  (33 epochs/s)
epoch  14800  train 8.3048e-10  test 2.0673e-09  (33 epochs/s)
epoch  14900  train 8.3036e-10  test 2.0651e-09  (33 epochs/s)
epoch  15000  train 8.3022e-10  test 2.0632e-09  (33 epochs/s)
epoch  15100  train 8.3010e-10  test 2.0611e-09  (33 epochs/s)
epoch  15200  train 8.2998e-10  test 2.0588e-09  (33 epochs/s)
epoch  15300  train 8.2986e-10  test 2.0568e-09  (33 epochs/s)
epoch  15400  train 8.2974e-10  test 2.0551e-09  (33 epochs/s)
epoch  15500  train 8.2961e-10  test 2.0530e-09  (33 epochs/s)
epoch  15600  train 8.2949e-10  test 2.0506e-09  (33 epochs/s)
epoch  15700  train 8.2938e-10  test 2.0495e-09  (33 epochs/s)
epoch  15800  train 8.2927e-10  test 2.0478e-09  (33 epochs/s)
epoch  15900  train 8.2916e-10  test 2.0454e-09  (33 epochs/s)
epoch  16000  train 8.2903e-10  test 2.0440e-09  (33 epochs/s)
epoch  16100  train 8.2893e-10  test 2.0424e-09  (33 epochs/s)
epoch  16200  train 8.2882e-10  test 2.0409e-09  (33 epochs/s)
epoch  16300  train 8.2872e-10  test 2.0395e-09  (32 epochs/s)
epoch  16400  train 8.2862e-10  test 2.0376e-09  (32 epochs/s)
epoch  16500  train 8.2851e-10  test 2.0359e-09  (32 epochs/s)
epoch  16600  train 8.2841e-10  test 2.0343e-09  (32 epochs/s)
epoch  16700  train 8.2831e-10  test 2.0330e-09  (32 epochs/s)
epoch  16800  train 8.2821e-10  test 2.0316e-09  (32 epochs/s)
epoch  16900  train 8.2812e-10  test 2.0308e-09  (32 epochs/s)
epoch  17000  train 8.2803e-10  test 2.0290e-09  (32 epochs/s)
epoch  17100  train 8.2793e-10  test 2.0285e-09  (32 epochs/s)
epoch  17200  train 8.2784e-10  test 2.0279e-09  (32 epochs/s)
epoch  17300  train 8.2774e-10  test 2.0270e-09  (32 epochs/s)
epoch  17400  train 8.2766e-10  test 2.0257e-09  (32 epochs/s)
epoch  17500  train 8.2757e-10  test 2.0244e-09  (32 epochs/s)
epoch  17600  train 8.2749e-10  test 2.0236e-09  (32 epochs/s)
epoch  17700  train 8.2740e-10  test 2.0223e-09  (32 epochs/s)
epoch  17800  train 8.2731e-10  test 2.0208e-09  (32 epochs/s)
epoch  17900  train 8.2723e-10  test 2.0201e-09  (32 epochs/s)
epoch  18000  train 8.2715e-10  test 2.0191e-09  (32 epochs/s)
epoch  18100  train 8.2706e-10  test 2.0179e-09  (32 epochs/s)
epoch  18200  train 8.2699e-10  test 2.0167e-09  (32 epochs/s)
epoch  18300  train 8.2690e-10  test 2.0157e-09  (32 epochs/s)
epoch  18400  train 8.2682e-10  test 2.0149e-09  (32 epochs/s)
epoch  18500  train 8.2674e-10  test 2.0139e-09  (32 epochs/s)
epoch  18600  train 8.2666e-10  test 2.0132e-09  (32 epochs/s)
epoch  18700  train 8.2659e-10  test 2.0120e-09  (32 epochs/s)
epoch  18800  train 8.2651e-10  test 2.0108e-09  (32 epochs/s)
epoch  18900  train 8.2644e-10  test 2.0099e-09  (32 epochs/s)
epoch  19000  train 8.2636e-10  test 2.0088e-09  (32 epochs/s)
epoch  19100  train 8.2630e-10  test 2.0073e-09  (32 epochs/s)
epoch  19200  train 8.2622e-10  test 2.0070e-09  (32 epochs/s)
epoch  19300  train 8.2615e-10  test 2.0056e-09  (32 epochs/s)
epoch  19400  train 8.2609e-10  test 2.0049e-09  (32 epochs/s)
epoch  19500  train 8.2601e-10  test 2.0034e-09  (32 epochs/s)
epoch  19600  train 8.2595e-10  test 2.0024e-09  (32 epochs/s)
epoch  19700  train 8.2588e-10  test 2.0007e-09  (32 epochs/s)
epoch  19800  train 8.2581e-10  test 1.9999e-09  (32 epochs/s)
epoch  19900  train 8.2574e-10  test 1.9987e-09  (32 epochs/s)
epoch  20000  train 8.2567e-10  test 1.9976e-09  (32 epochs/s)
done: 20000 epochs in 618s -> runs/epsfloor/p-113/seed2034/seed33428
=== epsfloor eps=1e-10 init 777 (23:38:51) ===
train: 3830  test: 8939
epoch    100  train 1.2097e+00  test 9.8416e+00  (31 epochs/s)
epoch    200  train 1.7029e-02  test 1.7183e+01  (27 epochs/s)
epoch    300  train 5.7872e-03  test 1.7859e+01  (27 epochs/s)
epoch    400  train 1.8971e-03  test 1.8871e+01  (28 epochs/s)
epoch    500  train 6.3377e-04  test 1.9984e+01  (29 epochs/s)
epoch    600  train 2.1451e-04  test 2.1154e+01  (29 epochs/s)
epoch    700  train 7.3415e-05  test 2.2354e+01  (29 epochs/s)
epoch    800  train 2.5372e-05  test 2.3579e+01  (30 epochs/s)
epoch    900  train 8.8253e-06  test 2.4821e+01  (30 epochs/s)
epoch   1000  train 3.0913e-06  test 2.6062e+01  (30 epochs/s)
epoch   1100  train 1.0903e-06  test 2.7294e+01  (30 epochs/s)
epoch   1200  train 3.8771e-07  test 2.8533e+01  (30 epochs/s)
epoch   1300  train 1.4002e-07  test 2.9738e+01  (30 epochs/s)
epoch   1400  train 5.2193e-08  test 3.0887e+01  (30 epochs/s)
epoch   1500  train 2.0804e-08  test 3.1926e+01  (30 epochs/s)
epoch   1600  train 9.4403e-09  test 3.2771e+01  (31 epochs/s)
epoch   1700  train 5.2228e-09  test 3.3365e+01  (31 epochs/s)
epoch   1800  train 3.6502e-09  test 3.3648e+01  (31 epochs/s)
epoch   1900  train 3.1199e-09  test 3.3667e+01  (31 epochs/s)
epoch   2000  train 2.9793e-09  test 3.3545e+01  (31 epochs/s)
epoch   2100  train 2.9520e-09  test 3.3379e+01  (31 epochs/s)
epoch   2200  train 2.9440e-09  test 3.3208e+01  (31 epochs/s)
epoch   2300  train 2.9392e-09  test 3.3038e+01  (31 epochs/s)
epoch   2400  train 2.9345e-09  test 3.2862e+01  (31 epochs/s)
epoch   2500  train 2.9267e-09  test 3.2684e+01  (31 epochs/s)
epoch   2600  train 2.9180e-09  test 3.2502e+01  (31 epochs/s)
epoch   2700  train 2.9092e-09  test 3.2320e+01  (31 epochs/s)
epoch   2800  train 2.8983e-09  test 3.2140e+01  (31 epochs/s)
epoch   2900  train 2.8900e-09  test 3.1958e+01  (31 epochs/s)
epoch   3000  train 2.8796e-09  test 3.1775e+01  (31 epochs/s)
epoch   3100  train 2.8710e-09  test 3.1595e+01  (31 epochs/s)
epoch   3200  train 2.8618e-09  test 3.1416e+01  (31 epochs/s)
epoch   3300  train 2.8514e-09  test 3.1234e+01  (31 epochs/s)
epoch   3400  train 2.8421e-09  test 3.1050e+01  (31 epochs/s)
epoch   3500  train 2.8349e-09  test 3.0862e+01  (31 epochs/s)
epoch   3600  train 2.8227e-09  test 3.0672e+01  (31 epochs/s)
epoch   3700  train 2.8140e-09  test 3.0474e+01  (31 epochs/s)
epoch   3800  train 2.8044e-09  test 3.0269e+01  (31 epochs/s)
epoch   3900  train 2.7966e-09  test 3.0058e+01  (31 epochs/s)
epoch   4000  train 2.7852e-09  test 2.9844e+01  (31 epochs/s)
epoch   4100  train 2.7791e-09  test 2.9623e+01  (31 epochs/s)
epoch   4200  train 2.7694e-09  test 2.9401e+01  (31 epochs/s)
epoch   4300  train 2.7585e-09  test 2.9181e+01  (31 epochs/s)
epoch   4400  train 2.7514e-09  test 2.8956e+01  (31 epochs/s)
epoch   4500  train 2.7443e-09  test 2.8725e+01  (31 epochs/s)
epoch   4600  train 2.7355e-09  test 2.8494e+01  (31 epochs/s)
epoch   4700  train 2.7244e-09  test 2.8254e+01  (31 epochs/s)
epoch   4800  train 2.7161e-09  test 2.8006e+01  (31 epochs/s)
epoch   4900  train 2.7072e-09  test 2.7741e+01  (31 epochs/s)
epoch   5000  train 2.6977e-09  test 2.7466e+01  (31 epochs/s)
epoch   5100  train 2.6892e-09  test 2.7178e+01  (31 epochs/s)
epoch   5200  train 2.6781e-09  test 2.6882e+01  (31 epochs/s)
epoch   5300  train 2.6688e-09  test 2.6575e+01  (31 epochs/s)
epoch   5400  train 2.6610e-09  test 2.6252e+01  (31 epochs/s)
epoch   5500  train 2.6479e-09  test 2.5916e+01  (31 epochs/s)
epoch   5600  train 2.6393e-09  test 2.5572e+01  (31 epochs/s)
epoch   5700  train 2.6275e-09  test 2.5212e+01  (31 epochs/s)
epoch   5800  train 2.6180e-09  test 2.4829e+01  (31 epochs/s)
epoch   5900  train 2.6060e-09  test 2.4437e+01  (31 epochs/s)
epoch   6000  train 2.5962e-09  test 2.4026e+01  (31 epochs/s)
epoch   6100  train 2.5845e-09  test 2.3599e+01  (31 epochs/s)
epoch   6200  train 2.5704e-09  test 2.3157e+01  (31 epochs/s)
epoch   6300  train 2.5627e-09  test 2.2691e+01  (31 epochs/s)
epoch   6400  train 2.5464e-09  test 2.2202e+01  (31 epochs/s)
epoch   6500  train 2.5333e-09  test 2.1696e+01  (31 epochs/s)
epoch   6600  train 2.5220e-09  test 2.1177e+01  (31 epochs/s)
epoch   6700  train 2.5033e-09  test 2.0642e+01  (31 epochs/s)
epoch   6800  train 2.4896e-09  test 2.0080e+01  (31 epochs/s)
epoch   6900  train 2.4714e-09  test 1.9484e+01  (31 epochs/s)
epoch   7000  train 2.4569e-09  test 1.8858e+01  (31 epochs/s)
epoch   7100  train 2.4387e-09  test 1.8207e+01  (31 epochs/s)
epoch   7200  train 2.4227e-09  test 1.7514e+01  (31 epochs/s)
epoch   7300  train 2.3991e-09  test 1.6769e+01  (31 epochs/s)
epoch   7400  train 2.3790e-09  test 1.5962e+01  (31 epochs/s)
epoch   7500  train 2.3516e-09  test 1.5096e+01  (31 epochs/s)
epoch   7600  train 2.3210e-09  test 1.4146e+01  (31 epochs/s)
epoch   7700  train 2.2871e-09  test 1.3106e+01  (31 epochs/s)
epoch   7800  train 2.2503e-09  test 1.1987e+01  (31 epochs/s)
epoch   7900  train 2.2076e-09  test 1.0764e+01  (31 epochs/s)
epoch   8000  train 2.1616e-09  test 9.4742e+00  (31 epochs/s)
epoch   8100  train 2.1086e-09  test 8.1110e+00  (31 epochs/s)
epoch   8200  train 2.0442e-09  test 6.6695e+00  (31 epochs/s)
epoch   8300  train 1.9753e-09  test 5.2279e+00  (31 epochs/s)
epoch   8400  train 1.8973e-09  test 3.8235e+00  (31 epochs/s)
epoch   8500  train 1.8211e-09  test 2.5908e+00  (31 epochs/s)
epoch   8600  train 1.7527e-09  test 1.6412e+00  (31 epochs/s)
epoch   8700  train 1.6893e-09  test 1.0018e+00  (31 epochs/s)
epoch   8800  train 1.6277e-09  test 5.9901e-01  (31 epochs/s)
epoch   8900  train 1.5674e-09  test 3.5910e-01  (31 epochs/s)
epoch   9000  train 1.5032e-09  test 2.1371e-01  (31 epochs/s)
epoch   9100  train 1.4379e-09  test 1.2215e-01  (31 epochs/s)
epoch   9200  train 1.3763e-09  test 6.5639e-02  (31 epochs/s)
epoch   9300  train 1.3041e-09  test 3.1714e-02  (31 epochs/s)
epoch   9400  train 1.2335e-09  test 1.2892e-02  (31 epochs/s)
epoch   9500  train 1.1721e-09  test 4.2594e-03  (31 epochs/s)
epoch   9600  train 1.1111e-09  test 9.8275e-04  (31 epochs/s)
epoch   9700  train 1.0567e-09  test 1.0423e-04  (31 epochs/s)
epoch   9800  train 1.0083e-09  test 6.9116e-06  (31 epochs/s)
epoch   9900  train 9.6552e-10  test 5.8072e-07  (31 epochs/s)
epoch  10000  train 9.2915e-10  test 8.6469e-08  (31 epochs/s)
epoch  10100  train 8.9738e-10  test 2.0384e-08  (31 epochs/s)
epoch  10200  train 8.7031e-10  test 7.8054e-09  (31 epochs/s)
epoch  10300  train 8.4794e-10  test 4.4941e-09  (31 epochs/s)
epoch  10400  train 8.2981e-10  test 3.3374e-09  (31 epochs/s)
epoch  10500  train 8.1658e-10  test 2.8887e-09  (31 epochs/s)
epoch  10600  train 8.0673e-10  test 2.7150e-09  (31 epochs/s)
epoch  10700  train 7.9947e-10  test 2.6683e-09  (31 epochs/s)
epoch  10800  train 7.9386e-10  test 2.6675e-09  (31 epochs/s)
epoch  10900  train 7.8945e-10  test 2.6591e-09  (31 epochs/s)
epoch  11000  train 7.8587e-10  test 2.6487e-09  (31 epochs/s)
epoch  11100  train 7.8281e-10  test 2.5992e-09  (31 epochs/s)
epoch  11200  train 7.8038e-10  test 2.5268e-09  (31 epochs/s)
epoch  11300  train 7.7836e-10  test 2.4349e-09  (31 epochs/s)
epoch  11400  train 7.7635e-10  test 2.3527e-09  (31 epochs/s)
epoch  11500  train 7.7466e-10  test 2.2820e-09  (31 epochs/s)
epoch  11600  train 7.7311e-10  test 2.2161e-09  (31 epochs/s)
epoch  11700  train 7.7166e-10  test 2.1589e-09  (31 epochs/s)
epoch  11800  train 7.7049e-10  test 2.1131e-09  (31 epochs/s)
epoch  11900  train 7.6930e-10  test 2.0720e-09  (31 epochs/s)
epoch  12000  train 7.6825e-10  test 2.0363e-09  (31 epochs/s)
epoch  12100  train 7.6728e-10  test 2.0059e-09  (31 epochs/s)
epoch  12200  train 7.6639e-10  test 1.9810e-09  (31 epochs/s)
epoch  12300  train 7.6560e-10  test 1.9572e-09  (31 epochs/s)
epoch  12400  train 7.6481e-10  test 1.9369e-09  (31 epochs/s)
epoch  12500  train 7.6404e-10  test 1.9193e-09  (31 epochs/s)
epoch  12600  train 7.6336e-10  test 1.9034e-09  (31 epochs/s)
epoch  12700  train 7.6265e-10  test 1.8889e-09  (31 epochs/s)
epoch  12800  train 7.6203e-10  test 1.8745e-09  (31 epochs/s)
epoch  12900  train 7.6138e-10  test 1.8620e-09  (31 epochs/s)
epoch  13000  train 7.6079e-10  test 1.8508e-09  (31 epochs/s)
epoch  13100  train 7.6022e-10  test 1.8416e-09  (31 epochs/s)
epoch  13200  train 7.5967e-10  test 1.8338e-09  (31 epochs/s)
epoch  13300  train 7.5917e-10  test 1.8271e-09  (31 epochs/s)
epoch  13400  train 7.5865e-10  test 1.8198e-09  (31 epochs/s)
epoch  13500  train 7.5817e-10  test 1.8135e-09  (31 epochs/s)
epoch  13600  train 7.5770e-10  test 1.8074e-09  (31 epochs/s)
epoch  13700  train 7.5723e-10  test 1.8026e-09  (31 epochs/s)
epoch  13800  train 7.5680e-10  test 1.7976e-09  (31 epochs/s)
epoch  13900  train 7.5636e-10  test 1.7937e-09  (31 epochs/s)
epoch  14000  train 7.5595e-10  test 1.7902e-09  (31 epochs/s)
epoch  14100  train 7.5554e-10  test 1.7871e-09  (31 epochs/s)
epoch  14200  train 7.5514e-10  test 1.7824e-09  (31 epochs/s)
epoch  14300  train 7.5474e-10  test 1.7782e-09  (31 epochs/s)
epoch  14400  train 7.5437e-10  test 1.7739e-09  (31 epochs/s)
epoch  14500  train 7.5398e-10  test 1.7704e-09  (31 epochs/s)
epoch  14600  train 7.5365e-10  test 1.7664e-09  (31 epochs/s)
epoch  14700  train 7.5332e-10  test 1.7623e-09  (31 epochs/s)
epoch  14800  train 7.5299e-10  test 1.7588e-09  (31 epochs/s)
epoch  14900  train 7.5266e-10  test 1.7549e-09  (31 epochs/s)
epoch  15000  train 7.5234e-10  test 1.7516e-09  (31 epochs/s)
epoch  15100  train 7.5203e-10  test 1.7479e-09  (31 epochs/s)
epoch  15200  train 7.5172e-10  test 1.7453e-09  (31 epochs/s)
epoch  15300  train 7.5143e-10  test 1.7423e-09  (31 epochs/s)
epoch  15400  train 7.5112e-10  test 1.7390e-09  (31 epochs/s)
epoch  15500  train 7.5084e-10  test 1.7361e-09  (31 epochs/s)
epoch  15600  train 7.5055e-10  test 1.7335e-09  (31 epochs/s)
epoch  15700  train 7.5027e-10  test 1.7311e-09  (31 epochs/s)
epoch  15800  train 7.4999e-10  test 1.7291e-09  (31 epochs/s)
epoch  15900  train 7.4972e-10  test 1.7267e-09  (31 epochs/s)
epoch  16000  train 7.4946e-10  test 1.7248e-09  (31 epochs/s)
epoch  16100  train 7.4922e-10  test 1.7233e-09  (31 epochs/s)
epoch  16200  train 7.4897e-10  test 1.7208e-09  (31 epochs/s)
epoch  16300  train 7.4872e-10  test 1.7185e-09  (31 epochs/s)
epoch  16400  train 7.4849e-10  test 1.7166e-09  (31 epochs/s)
epoch  16500  train 7.4826e-10  test 1.7146e-09  (31 epochs/s)
epoch  16600  train 7.4802e-10  test 1.7120e-09  (31 epochs/s)
epoch  16700  train 7.4780e-10  test 1.7095e-09  (31 epochs/s)
epoch  16800  train 7.4756e-10  test 1.7073e-09  (31 epochs/s)
epoch  16900  train 7.4734e-10  test 1.7051e-09  (31 epochs/s)
epoch  17000  train 7.4712e-10  test 1.7028e-09  (31 epochs/s)
epoch  17100  train 7.4691e-10  test 1.7004e-09  (31 epochs/s)
epoch  17200  train 7.4668e-10  test 1.6981e-09  (31 epochs/s)
epoch  17300  train 7.4649e-10  test 1.6960e-09  (31 epochs/s)
epoch  17400  train 7.4628e-10  test 1.6938e-09  (31 epochs/s)
epoch  17500  train 7.4608e-10  test 1.6916e-09  (31 epochs/s)
epoch  17600  train 7.4587e-10  test 1.6889e-09  (31 epochs/s)
epoch  17700  train 7.4568e-10  test 1.6863e-09  (31 epochs/s)
epoch  17800  train 7.4549e-10  test 1.6844e-09  (31 epochs/s)
epoch  17900  train 7.4529e-10  test 1.6826e-09  (31 epochs/s)
epoch  18000  train 7.4511e-10  test 1.6808e-09  (31 epochs/s)
epoch  18100  train 7.4492e-10  test 1.6787e-09  (31 epochs/s)
epoch  18200  train 7.4475e-10  test 1.6766e-09  (31 epochs/s)
epoch  18300  train 7.4457e-10  test 1.6749e-09  (31 epochs/s)
epoch  18400  train 7.4440e-10  test 1.6727e-09  (31 epochs/s)
epoch  18500  train 7.4422e-10  test 1.6705e-09  (31 epochs/s)
epoch  18600  train 7.4405e-10  test 1.6685e-09  (31 epochs/s)
epoch  18700  train 7.4388e-10  test 1.6667e-09  (31 epochs/s)
epoch  18800  train 7.4372e-10  test 1.6653e-09  (31 epochs/s)
epoch  18900  train 7.4356e-10  test 1.6638e-09  (31 epochs/s)
epoch  19000  train 7.4339e-10  test 1.6623e-09  (31 epochs/s)
epoch  19100  train 7.4324e-10  test 1.6609e-09  (31 epochs/s)
epoch  19200  train 7.4308e-10  test 1.6594e-09  (31 epochs/s)
epoch  19300  train 7.4293e-10  test 1.6578e-09  (31 epochs/s)
epoch  19400  train 7.4278e-10  test 1.6563e-09  (31 epochs/s)
epoch  19500  train 7.4264e-10  test 1.6546e-09  (31 epochs/s)
epoch  19600  train 7.4249e-10  test 1.6528e-09  (31 epochs/s)
epoch  19700  train 7.4236e-10  test 1.6511e-09  (31 epochs/s)
epoch  19800  train 7.4221e-10  test 1.6487e-09  (31 epochs/s)
epoch  19900  train 7.4207e-10  test 1.6470e-09  (31 epochs/s)
epoch  20000  train 7.4193e-10  test 1.6454e-09  (31 epochs/s)
done: 20000 epochs in 647s -> runs/epsfloor/p-113/seed2034/seed777
=== epsfloor eps=1e-10 init 4242 (23:49:38) ===
train: 3830  test: 8939
epoch    100  train 1.2103e+00  test 8.9234e+00  (31 epochs/s)
epoch    200  train 1.6328e-02  test 1.4738e+01  (30 epochs/s)
epoch    300  train 5.6153e-03  test 1.5129e+01  (30 epochs/s)
epoch    400  train 1.8400e-03  test 1.5828e+01  (30 epochs/s)
epoch    500  train 6.1434e-04  test 1.6605e+01  (30 epochs/s)
epoch    600  train 2.0797e-04  test 1.7406e+01  (30 epochs/s)
epoch    700  train 7.1138e-05  test 1.8247e+01  (30 epochs/s)
epoch    800  train 2.4513e-05  test 1.9087e+01  (30 epochs/s)
epoch    900  train 8.5036e-06  test 1.9928e+01  (30 epochs/s)
epoch   1000  train 2.9669e-06  test 2.0749e+01  (30 epochs/s)
epoch   1100  train 1.0433e-06  test 2.1549e+01  (30 epochs/s)
epoch   1200  train 3.6967e-07  test 2.2315e+01  (30 epochs/s)
epoch   1300  train 1.3305e-07  test 2.3019e+01  (30 epochs/s)
epoch   1400  train 4.9399e-08  test 2.3655e+01  (30 epochs/s)
epoch   1500  train 1.9607e-08  test 2.4189e+01  (30 epochs/s)
epoch   1600  train 8.8571e-09  test 2.4561e+01  (30 epochs/s)
epoch   1700  train 4.8793e-09  test 2.4734e+01  (30 epochs/s)
epoch   1800  train 3.3990e-09  test 2.4678e+01  (30 epochs/s)
epoch   1900  train 2.8951e-09  test 2.4438e+01  (30 epochs/s)
epoch   2000  train 2.7556e-09  test 2.4089e+01  (30 epochs/s)
epoch   2100  train 2.7208e-09  test 2.3699e+01  (30 epochs/s)
epoch   2200  train 2.7070e-09  test 2.3289e+01  (30 epochs/s)
epoch   2300  train 2.6939e-09  test 2.2870e+01  (30 epochs/s)
epoch   2400  train 2.6836e-09  test 2.2446e+01  (30 epochs/s)
epoch   2500  train 2.6678e-09  test 2.2031e+01  (30 epochs/s)
epoch   2600  train 2.6504e-09  test 2.1602e+01  (30 epochs/s)
epoch   2700  train 2.6329e-09  test 2.1170e+01  (30 epochs/s)
epoch   2800  train 2.6143e-09  test 2.0726e+01  (30 epochs/s)
epoch   2900  train 2.5971e-09  test 2.0274e+01  (30 epochs/s)
epoch   3000  train 2.5799e-09  test 1.9798e+01  (30 epochs/s)
epoch   3100  train 2.5598e-09  test 1.9312e+01  (30 epochs/s)
epoch   3200  train 2.5416e-09  test 1.8822e+01  (30 epochs/s)
epoch   3300  train 2.5250e-09  test 1.8327e+01  (30 epochs/s)
epoch   3400  train 2.5035e-09  test 1.7819e+01  (30 epochs/s)
epoch   3500  train 2.4842e-09  test 1.7309e+01  (30 epochs/s)
epoch   3600  train 2.4642e-09  test 1.6787e+01  (30 epochs/s)
epoch   3700  train 2.4460e-09  test 1.6261e+01  (30 epochs/s)
epoch   3800  train 2.4249e-09  test 1.5724e+01  (30 epochs/s)
epoch   3900  train 2.4041e-09  test 1.5189e+01  (30 epochs/s)
epoch   4000  train 2.3849e-09  test 1.4660e+01  (30 epochs/s)
epoch   4100  train 2.3637e-09  test 1.4134e+01  (30 epochs/s)
epoch   4200  train 2.3421e-09  test 1.3600e+01  (30 epochs/s)
epoch   4300  train 2.3197e-09  test 1.3048e+01  (30 epochs/s)
epoch   4400  train 2.2957e-09  test 1.2480e+01  (30 epochs/s)
epoch   4500  train 2.2729e-09  test 1.1893e+01  (30 epochs/s)
epoch   4600  train 2.2486e-09  test 1.1293e+01  (30 epochs/s)
epoch   4700  train 2.2222e-09  test 1.0669e+01  (30 epochs/s)
epoch   4800  train 2.1925e-09  test 1.0014e+01  (30 epochs/s)
epoch   4900  train 2.1599e-09  test 9.2950e+00  (30 epochs/s)
epoch   5000  train 2.1235e-09  test 8.5077e+00  (30 epochs/s)
epoch   5100  train 2.0783e-09  test 7.6459e+00  (30 epochs/s)
epoch   5200  train 2.0312e-09  test 6.7130e+00  (30 epochs/s)
epoch   5300  train 1.9745e-09  test 5.7241e+00  (30 epochs/s)
epoch   5400  train 1.9041e-09  test 4.6671e+00  (30 epochs/s)
epoch   5500  train 1.8243e-09  test 3.5897e+00  (30 epochs/s)
epoch   5600  train 1.7341e-09  test 2.5494e+00  (30 epochs/s)
epoch   5700  train 1.6379e-09  test 1.6253e+00  (30 epochs/s)
epoch   5800  train 1.5446e-09  test 9.1451e-01  (30 epochs/s)
epoch   5900  train 1.4618e-09  test 4.4826e-01  (30 epochs/s)
epoch   6000  train 1.3971e-09  test 1.9217e-01  (30 epochs/s)
epoch   6100  train 1.3439e-09  test 7.6501e-02  (30 epochs/s)
epoch   6200  train 1.3009e-09  test 3.0137e-02  (30 epochs/s)
epoch   6300  train 1.2647e-09  test 1.2104e-02  (30 epochs/s)
epoch   6400  train 1.2278e-09  test 4.5145e-03  (30 epochs/s)
epoch   6500  train 1.1953e-09  test 1.6496e-03  (30 epochs/s)
epoch   6600  train 1.1668e-09  test 6.1868e-04  (30 epochs/s)
epoch   6700  train 1.1415e-09  test 2.7763e-04  (30 epochs/s)
epoch   6800  train 1.1202e-09  test 1.5310e-04  (30 epochs/s)
epoch   6900  train 1.1022e-09  test 9.8193e-05  (30 epochs/s)
epoch   7000  train 1.0866e-09  test 6.4851e-05  (30 epochs/s)
epoch   7100  train 1.0730e-09  test 4.0266e-05  (30 epochs/s)
epoch   7200  train 1.0596e-09  test 2.1948e-05  (30 epochs/s)
epoch   7300  train 1.0488e-09  test 1.2147e-05  (30 epochs/s)
epoch   7400  train 1.0387e-09  test 7.0816e-06  (30 epochs/s)
epoch   7500  train 1.0302e-09  test 4.4939e-06  (30 epochs/s)
epoch   7600  train 1.0235e-09  test 3.3431e-06  (30 epochs/s)
epoch   7700  train 1.0178e-09  test 2.6251e-06  (30 epochs/s)
epoch   7800  train 1.0129e-09  test 2.0333e-06  (30 epochs/s)
epoch   7900  train 1.0086e-09  test 1.6346e-06  (30 epochs/s)
epoch   8000  train 1.0048e-09  test 1.2915e-06  (30 epochs/s)
epoch   8100  train 1.0009e-09  test 1.0584e-06  (30 epochs/s)
epoch   8200  train 9.9747e-10  test 9.2114e-07  (30 epochs/s)
epoch   8300  train 9.9432e-10  test 8.0186e-07  (30 epochs/s)
epoch   8400  train 9.9133e-10  test 6.6473e-07  (30 epochs/s)
epoch   8500  train 9.8843e-10  test 5.7891e-07  (30 epochs/s)
epoch   8600  train 9.8584e-10  test 5.0590e-07  (30 epochs/s)
epoch   8700  train 9.8294e-10  test 4.2899e-07  (30 epochs/s)
epoch   8800  train 9.8070e-10  test 3.5894e-07  (30 epochs/s)
epoch   8900  train 9.7852e-10  test 2.9692e-07  (30 epochs/s)
epoch   9000  train 9.7640e-10  test 2.4860e-07  (30 epochs/s)
epoch   9100  train 9.7442e-10  test 2.0138e-07  (30 epochs/s)
epoch   9200  train 9.7224e-10  test 1.6541e-07  (30 epochs/s)
epoch   9300  train 9.7016e-10  test 1.4203e-07  (30 epochs/s)
epoch   9400  train 9.6848e-10  test 1.2205e-07  (30 epochs/s)
epoch   9500  train 9.6678e-10  test 1.0469e-07  (30 epochs/s)
epoch   9600  train 9.6519e-10  test 9.1421e-08  (30 epochs/s)
epoch   9700  train 9.6373e-10  test 8.2680e-08  (30 epochs/s)
epoch   9800  train 9.6234e-10  test 7.6700e-08  (30 epochs/s)
epoch   9900  train 9.6098e-10  test 7.1368e-08  (30 epochs/s)
epoch  10000  train 9.5958e-10  test 6.6450e-08  (30 epochs/s)
epoch  10100  train 9.5843e-10  test 6.1915e-08  (30 epochs/s)
epoch  10200  train 9.5734e-10  test 5.8591e-08  (30 epochs/s)
epoch  10300  train 9.5605e-10  test 5.5122e-08  (30 epochs/s)
epoch  10400  train 9.5500e-10  test 5.2249e-08  (30 epochs/s)
epoch  10500  train 9.5380e-10  test 5.0469e-08  (30 epochs/s)
epoch  10600  train 9.5279e-10  test 4.9296e-08  (30 epochs/s)
epoch  10700  train 9.5180e-10  test 4.8790e-08  (30 epochs/s)
epoch  10800  train 9.5091e-10  test 4.8729e-08  (30 epochs/s)
epoch  10900  train 9.5010e-10  test 4.8706e-08  (30 epochs/s)
epoch  11000  train 9.4930e-10  test 4.8630e-08  (30 epochs/s)
epoch  11100  train 9.4856e-10  test 4.8156e-08  (30 epochs/s)
epoch  11200  train 9.4781e-10  test 4.7912e-08  (30 epochs/s)
epoch  11300  train 9.4708e-10  test 4.7737e-08  (30 epochs/s)
epoch  11400  train 9.4640e-10  test 4.7145e-08  (30 epochs/s)
epoch  11500  train 9.4567e-10  test 4.7175e-08  (30 epochs/s)
epoch  11600  train 9.4500e-10  test 4.7724e-08  (30 epochs/s)
epoch  11700  train 9.4433e-10  test 4.8267e-08  (30 epochs/s)
epoch  11800  train 9.4372e-10  test 4.8920e-08  (30 epochs/s)
epoch  11900  train 9.4313e-10  test 4.9769e-08  (30 epochs/s)
epoch  12000  train 9.4253e-10  test 5.1188e-08  (30 epochs/s)
epoch  12100  train 9.4190e-10  test 5.2253e-08  (30 epochs/s)
epoch  12200  train 9.4100e-10  test 5.3196e-08  (30 epochs/s)
epoch  12300  train 9.4038e-10  test 5.4686e-08  (30 epochs/s)
epoch  12400  train 9.3983e-10  test 5.6680e-08  (30 epochs/s)
epoch  12500  train 9.3935e-10  test 5.8539e-08  (30 epochs/s)
epoch  12600  train 9.3887e-10  test 6.0324e-08  (30 epochs/s)
epoch  12700  train 9.3841e-10  test 6.1987e-08  (30 epochs/s)
epoch  12800  train 9.3795e-10  test 6.3312e-08  (30 epochs/s)
epoch  12900  train 9.3748e-10  test 6.5181e-08  (30 epochs/s)
epoch  13000  train 9.3705e-10  test 6.6438e-08  (30 epochs/s)
epoch  13100  train 9.3660e-10  test 6.6932e-08  (30 epochs/s)
epoch  13200  train 9.3621e-10  test 6.7551e-08  (30 epochs/s)
epoch  13300  train 9.3580e-10  test 6.8144e-08  (30 epochs/s)
epoch  13400  train 9.3534e-10  test 6.9526e-08  (30 epochs/s)
epoch  13500  train 9.3493e-10  test 7.0417e-08  (30 epochs/s)
epoch  13600  train 9.3458e-10  test 7.1180e-08  (30 epochs/s)
epoch  13700  train 9.3417e-10  test 7.2280e-08  (30 epochs/s)
epoch  13800  train 9.3382e-10  test 7.2985e-08  (30 epochs/s)
epoch  13900  train 9.3345e-10  test 7.4028e-08  (30 epochs/s)
epoch  14000  train 9.3303e-10  test 7.4609e-08  (30 epochs/s)
epoch  14100  train 9.3272e-10  test 7.5240e-08  (30 epochs/s)
epoch  14200  train 9.3235e-10  test 7.6390e-08  (30 epochs/s)
epoch  14300  train 9.3204e-10  test 7.8099e-08  (30 epochs/s)
epoch  14400  train 9.3170e-10  test 7.9745e-08  (30 epochs/s)
epoch  14500  train 9.3140e-10  test 8.1069e-08  (30 epochs/s)
epoch  14600  train 9.3107e-10  test 8.1617e-08  (30 epochs/s)
epoch  14700  train 9.3080e-10  test 8.2274e-08  (30 epochs/s)
epoch  14800  train 9.3051e-10  test 8.3992e-08  (30 epochs/s)
epoch  14900  train 9.3021e-10  test 8.4682e-08  (30 epochs/s)
epoch  15000  train 9.2992e-10  test 8.4560e-08  (30 epochs/s)
epoch  15100  train 9.2965e-10  test 8.5278e-08  (30 epochs/s)
epoch  15200  train 9.2942e-10  test 8.6763e-08  (30 epochs/s)
epoch  15300  train 9.2910e-10  test 8.7446e-08  (30 epochs/s)
epoch  15400  train 9.2880e-10  test 8.6787e-08  (30 epochs/s)
epoch  15500  train 9.2853e-10  test 8.6057e-08  (30 epochs/s)
epoch  15600  train 9.2827e-10  test 8.5524e-08  (30 epochs/s)
epoch  15700  train 9.2802e-10  test 8.4528e-08  (30 epochs/s)
epoch  15800  train 9.2774e-10  test 8.4780e-08  (30 epochs/s)
epoch  15900  train 9.2748e-10  test 8.3458e-08  (30 epochs/s)
epoch  16000  train 9.2725e-10  test 8.3802e-08  (30 epochs/s)
epoch  16100  train 9.2699e-10  test 8.4101e-08  (30 epochs/s)
epoch  16200  train 9.2673e-10  test 8.4103e-08  (30 epochs/s)
epoch  16300  train 9.2651e-10  test 8.4772e-08  (30 epochs/s)
epoch  16400  train 9.2629e-10  test 8.5444e-08  (30 epochs/s)
epoch  16500  train 9.2605e-10  test 8.5734e-08  (30 epochs/s)
epoch  16600  train 9.2583e-10  test 8.7254e-08  (30 epochs/s)
epoch  16700  train 9.2561e-10  test 8.7766e-08  (30 epochs/s)
epoch  16800  train 9.2538e-10  test 8.8552e-08  (30 epochs/s)
epoch  16900  train 9.2518e-10  test 8.8737e-08  (30 epochs/s)
epoch  17000  train 9.2494e-10  test 8.8307e-08  (30 epochs/s)
epoch  17100  train 9.2474e-10  test 8.9219e-08  (30 epochs/s)
epoch  17200  train 9.2455e-10  test 8.9060e-08  (30 epochs/s)
epoch  17300  train 9.2433e-10  test 8.9013e-08  (30 epochs/s)
epoch  17400  train 9.2415e-10  test 8.9406e-08  (30 epochs/s)
epoch  17500  train 9.2392e-10  test 8.9369e-08  (30 epochs/s)
epoch  17600  train 9.2374e-10  test 8.8832e-08  (30 epochs/s)
epoch  17700  train 9.2355e-10  test 8.7924e-08  (30 epochs/s)
epoch  17800  train 9.2334e-10  test 8.6782e-08  (30 epochs/s)
epoch  17900  train 9.2309e-10  test 8.5054e-08  (30 epochs/s)
epoch  18000  train 9.2289e-10  test 8.3810e-08  (30 epochs/s)
epoch  18100  train 9.2271e-10  test 8.2471e-08  (30 epochs/s)
epoch  18200  train 9.2254e-10  test 8.1333e-08  (30 epochs/s)
epoch  18300  train 9.2236e-10  test 8.0305e-08  (30 epochs/s)
epoch  18400  train 9.2219e-10  test 8.0117e-08  (30 epochs/s)
epoch  18500  train 9.2203e-10  test 7.9689e-08  (30 epochs/s)
epoch  18600  train 9.2187e-10  test 7.9307e-08  (30 epochs/s)
epoch  18700  train 9.2170e-10  test 7.9357e-08  (30 epochs/s)
epoch  18800  train 9.2155e-10  test 7.8806e-08  (30 epochs/s)
epoch  18900  train 9.2137e-10  test 7.9383e-08  (30 epochs/s)
epoch  19000  train 9.2119e-10  test 8.0245e-08  (30 epochs/s)
epoch  19100  train 9.2105e-10  test 8.0502e-08  (30 epochs/s)
epoch  19200  train 9.2088e-10  test 8.0984e-08  (30 epochs/s)
epoch  19300  train 9.2075e-10  test 8.2079e-08  (30 epochs/s)
epoch  19400  train 9.2057e-10  test 8.2272e-08  (30 epochs/s)
epoch  19500  train 9.2044e-10  test 8.2852e-08  (30 epochs/s)
epoch  19600  train 9.2029e-10  test 8.2899e-08  (30 epochs/s)
epoch  19700  train 9.2018e-10  test 8.2740e-08  (30 epochs/s)
epoch  19800  train 9.2003e-10  test 8.1017e-08  (30 epochs/s)
epoch  19900  train 9.1990e-10  test 8.0430e-08  (30 epochs/s)
epoch  20000  train 9.1977e-10  test 7.9417e-08  (30 epochs/s)
done: 20000 epochs in 659s -> runs/epsfloor/p-113/seed2034/seed4242
=== epsfloor eps=1e-10 init 1001 (00:00:38) ===
train: 3830  test: 8939
epoch    100  train 1.0658e+00  test 9.8982e+00  (31 epochs/s)
epoch    200  train 1.7153e-02  test 1.6531e+01  (30 epochs/s)
epoch    300  train 5.8117e-03  test 1.7262e+01  (29 epochs/s)
epoch    400  train 1.9086e-03  test 1.8291e+01  (29 epochs/s)
epoch    500  train 6.3716e-04  test 1.9406e+01  (30 epochs/s)
epoch    600  train 2.1635e-04  test 2.0564e+01  (30 epochs/s)
epoch    700  train 7.4072e-05  test 2.1758e+01  (30 epochs/s)
epoch    800  train 2.5603e-05  test 2.2976e+01  (30 epochs/s)
epoch    900  train 8.9138e-06  test 2.4200e+01  (30 epochs/s)
epoch   1000  train 3.1229e-06  test 2.5430e+01  (30 epochs/s)
epoch   1100  train 1.1016e-06  test 2.6664e+01  (30 epochs/s)
epoch   1200  train 3.9188e-07  test 2.7888e+01  (30 epochs/s)
epoch   1300  train 1.4143e-07  test 2.9084e+01  (30 epochs/s)
epoch   1400  train 5.2700e-08  test 3.0226e+01  (30 epochs/s)
epoch   1500  train 2.0981e-08  test 3.1275e+01  (30 epochs/s)
epoch   1600  train 9.4930e-09  test 3.2133e+01  (30 epochs/s)
epoch   1700  train 5.2290e-09  test 3.2732e+01  (30 epochs/s)
epoch   1800  train 3.6440e-09  test 3.3038e+01  (30 epochs/s)
epoch   1900  train 3.1042e-09  test 3.3086e+01  (30 epochs/s)
epoch   2000  train 2.9617e-09  test 3.2985e+01  (30 epochs/s)
epoch   2100  train 2.9315e-09  test 3.2835e+01  (30 epochs/s)
epoch   2200  train 2.9256e-09  test 3.2684e+01  (30 epochs/s)
epoch   2300  train 2.9196e-09  test 3.2535e+01  (30 epochs/s)
epoch   2400  train 2.9134e-09  test 3.2387e+01  (30 epochs/s)
epoch   2500  train 2.9064e-09  test 3.2242e+01  (30 epochs/s)
epoch   2600  train 2.8977e-09  test 3.2095e+01  (30 epochs/s)
epoch   2700  train 2.8890e-09  test 3.1949e+01  (30 epochs/s)
epoch   2800  train 2.8798e-09  test 3.1806e+01  (30 epochs/s)
epoch   2900  train 2.8722e-09  test 3.1666e+01  (30 epochs/s)
epoch   3000  train 2.8627e-09  test 3.1523e+01  (30 epochs/s)
epoch   3100  train 2.8546e-09  test 3.1377e+01  (30 epochs/s)
epoch   3200  train 2.8440e-09  test 3.1234e+01  (30 epochs/s)
epoch   3300  train 2.8399e-09  test 3.1090e+01  (30 epochs/s)
epoch   3400  train 2.8271e-09  test 3.0945e+01  (30 epochs/s)
epoch   3500  train 2.8179e-09  test 3.0795e+01  (30 epochs/s)
epoch   3600  train 2.8113e-09  test 3.0639e+01  (30 epochs/s)
epoch   3700  train 2.8038e-09  test 3.0486e+01  (30 epochs/s)
epoch   3800  train 2.7948e-09  test 3.0324e+01  (30 epochs/s)
epoch   3900  train 2.7834e-09  test 3.0160e+01  (30 epochs/s)
epoch   4000  train 2.7803e-09  test 2.9997e+01  (30 epochs/s)
epoch   4100  train 2.7717e-09  test 2.9826e+01  (30 epochs/s)
epoch   4200  train 2.7605e-09  test 2.9655e+01  (30 epochs/s)
epoch   4300  train 2.7551e-09  test 2.9484e+01  (30 epochs/s)
epoch   4400  train 2.7461e-09  test 2.9310e+01  (30 epochs/s)
epoch   4500  train 2.7395e-09  test 2.9134e+01  (30 epochs/s)
epoch   4600  train 2.7312e-09  test 2.8959e+01  (30 epochs/s)
epoch   4700  train 2.7217e-09  test 2.8783e+01  (30 epochs/s)
epoch   4800  train 2.7151e-09  test 2.8598e+01  (30 epochs/s)
epoch   4900  train 2.7116e-09  test 2.8410e+01  (30 epochs/s)
epoch   5000  train 2.7006e-09  test 2.8212e+01  (30 epochs/s)
epoch   5100  train 2.6950e-09  test 2.8008e+01  (30 epochs/s)
epoch   5200  train 2.6882e-09  test 2.7799e+01  (30 epochs/s)
epoch   5300  train 2.6808e-09  test 2.7592e+01  (30 epochs/s)
epoch   5400  train 2.6738e-09  test 2.7374e+01  (30 epochs/s)
epoch   5500  train 2.6658e-09  test 2.7155e+01  (30 epochs/s)
epoch   5600  train 2.6583e-09  test 2.6932e+01  (30 epochs/s)
epoch   5700  train 2.6491e-09  test 2.6698e+01  (30 epochs/s)
epoch   5800  train 2.6447e-09  test 2.6464e+01  (30 epochs/s)
epoch   5900  train 2.6360e-09  test 2.6221e+01  (30 epochs/s)
epoch   6000  train 2.6254e-09  test 2.5964e+01  (30 epochs/s)
epoch   6100  train 2.6184e-09  test 2.5695e+01  (30 epochs/s)
epoch   6200  train 2.6115e-09  test 2.5423e+01  (30 epochs/s)
epoch   6300  train 2.6058e-09  test 2.5141e+01  (30 epochs/s)
epoch   6400  train 2.5959e-09  test 2.4845e+01  (30 epochs/s)
epoch   6500  train 2.5841e-09  test 2.4531e+01  (30 epochs/s)
epoch   6600  train 2.5788e-09  test 2.4211e+01  (30 epochs/s)
epoch   6700  train 2.5680e-09  test 2.3877e+01  (30 epochs/s)
epoch   6800  train 2.5593e-09  test 2.3517e+01  (30 epochs/s)
epoch   6900  train 2.5457e-09  test 2.3141e+01  (30 epochs/s)
epoch   7000  train 2.5375e-09  test 2.2742e+01  (30 epochs/s)
epoch   7100  train 2.5233e-09  test 2.2324e+01  (30 epochs/s)
epoch   7200  train 2.5125e-09  test 2.1879e+01  (30 epochs/s)
epoch   7300  train 2.4992e-09  test 2.1402e+01  (30 epochs/s)
epoch   7400  train 2.4901e-09  test 2.0892e+01  (30 epochs/s)
epoch   7500  train 2.4734e-09  test 2.0343e+01  (30 epochs/s)
epoch   7600  train 2.4581e-09  test 1.9759e+01  (30 epochs/s)
epoch   7700  train 2.4433e-09  test 1.9145e+01  (30 epochs/s)
epoch   7800  train 2.4303e-09  test 1.8497e+01  (30 epochs/s)
epoch   7900  train 2.4087e-09  test 1.7806e+01  (30 epochs/s)
epoch   8000  train 2.3857e-09  test 1.7043e+01  (30 epochs/s)
epoch   8100  train 2.3636e-09  test 1.6215e+01  (30 epochs/s)
epoch   8200  train 2.3398e-09  test 1.5323e+01  (30 epochs/s)
epoch   8300  train 2.3113e-09  test 1.4365e+01  (30 epochs/s)
epoch   8400  train 2.2812e-09  test 1.3337e+01  (30 epochs/s)
epoch   8500  train 2.2447e-09  test 1.2233e+01  (30 epochs/s)
epoch   8600  train 2.2038e-09  test 1.1050e+01  (30 epochs/s)
epoch   8700  train 2.1602e-09  test 9.8051e+00  (30 epochs/s)
epoch   8800  train 2.1115e-09  test 8.5224e+00  (30 epochs/s)
epoch   8900  train 2.0508e-09  test 7.1793e+00  (30 epochs/s)
epoch   9000  train 1.9845e-09  test 5.8152e+00  (30 epochs/s)
epoch   9100  train 1.9116e-09  test 4.4810e+00  (30 epochs/s)
epoch   9200  train 1.8332e-09  test 3.2453e+00  (30 epochs/s)
epoch   9300  train 1.7539e-09  test 2.1897e+00  (30 epochs/s)
epoch   9400  train 1.6718e-09  test 1.3656e+00  (30 epochs/s)
epoch   9500  train 1.5969e-09  test 7.7853e-01  (30 epochs/s)
epoch   9600  train 1.5315e-09  test 4.1012e-01  (30 epochs/s)
epoch   9700  train 1.4819e-09  test 2.0724e-01  (30 epochs/s)
epoch   9800  train 1.4366e-09  test 1.0405e-01  (30 epochs/s)
epoch   9900  train 1.4043e-09  test 5.4363e-02  (30 epochs/s)
epoch  10000  train 1.3747e-09  test 3.1287e-02  (30 epochs/s)
epoch  10100  train 1.3460e-09  test 1.9374e-02  (30 epochs/s)
epoch  10200  train 1.3229e-09  test 1.2406e-02  (30 epochs/s)
epoch  10300  train 1.3023e-09  test 7.9358e-03  (30 epochs/s)
epoch  10400  train 1.2816e-09  test 5.0173e-03  (30 epochs/s)
epoch  10500  train 1.2631e-09  test 3.1419e-03  (30 epochs/s)
epoch  10600  train 1.2458e-09  test 2.0345e-03  (30 epochs/s)
epoch  10700  train 1.2288e-09  test 1.2606e-03  (30 epochs/s)
epoch  10800  train 1.2129e-09  test 7.9288e-04  (30 epochs/s)
epoch  10900  train 1.1964e-09  test 4.7210e-04  (30 epochs/s)
epoch  11000  train 1.1801e-09  test 2.9075e-04  (30 epochs/s)
epoch  11100  train 1.1631e-09  test 1.8773e-04  (30 epochs/s)
epoch  11200  train 1.1466e-09  test 1.1631e-04  (30 epochs/s)
epoch  11300  train 1.1315e-09  test 7.6736e-05  (30 epochs/s)
epoch  11400  train 1.1167e-09  test 5.0916e-05  (30 epochs/s)
epoch  11500  train 1.1033e-09  test 3.4202e-05  (30 epochs/s)
epoch  11600  train 1.0903e-09  test 2.3885e-05  (30 epochs/s)
epoch  11700  train 1.0780e-09  test 1.5688e-05  (30 epochs/s)
epoch  11800  train 1.0668e-09  test 1.0038e-05  (30 epochs/s)
epoch  11900  train 1.0550e-09  test 6.0014e-06  (30 epochs/s)
epoch  12000  train 1.0437e-09  test 3.2860e-06  (30 epochs/s)
epoch  12100  train 1.0328e-09  test 1.6804e-06  (30 epochs/s)
epoch  12200  train 1.0229e-09  test 8.6298e-07  (30 epochs/s)
epoch  12300  train 1.0131e-09  test 4.4739e-07  (30 epochs/s)
epoch  12400  train 1.0038e-09  test 2.4374e-07  (30 epochs/s)
epoch  12500  train 9.9548e-10  test 1.4306e-07  (30 epochs/s)
epoch  12600  train 9.8762e-10  test 9.2993e-08  (30 epochs/s)
epoch  12700  train 9.8076e-10  test 6.5365e-08  (30 epochs/s)
epoch  12800  train 9.7472e-10  test 4.9486e-08  (30 epochs/s)
epoch  12900  train 9.6908e-10  test 3.8583e-08  (30 epochs/s)
epoch  13000  train 9.6464e-10  test 3.1535e-08  (30 epochs/s)
epoch  13100  train 9.6040e-10  test 2.6687e-08  (30 epochs/s)
epoch  13200  train 9.5705e-10  test 2.3358e-08  (30 epochs/s)
epoch  13300  train 9.5408e-10  test 2.0953e-08  (30 epochs/s)
epoch  13400  train 9.5150e-10  test 1.9115e-08  (30 epochs/s)
epoch  13500  train 9.4886e-10  test 1.7729e-08  (30 epochs/s)
epoch  13600  train 9.4655e-10  test 1.6700e-08  (30 epochs/s)
epoch  13700  train 9.4473e-10  test 1.5948e-08  (30 epochs/s)
epoch  13800  train 9.4308e-10  test 1.5382e-08  (30 epochs/s)
epoch  13900  train 9.4140e-10  test 1.4912e-08  (30 epochs/s)
epoch  14000  train 9.3991e-10  test 1.4507e-08  (30 epochs/s)
epoch  14100  train 9.3853e-10  test 1.4087e-08  (30 epochs/s)
epoch  14200  train 9.3712e-10  test 1.3692e-08  (30 epochs/s)
epoch  14300  train 9.3596e-10  test 1.3416e-08  (30 epochs/s)
epoch  14400  train 9.3496e-10  test 1.3163e-08  (30 epochs/s)
epoch  14500  train 9.3404e-10  test 1.3005e-08  (30 epochs/s)
epoch  14600  train 9.3306e-10  test 1.2877e-08  (30 epochs/s)
epoch  14700  train 9.3221e-10  test 1.2718e-08  (30 epochs/s)
epoch  14800  train 9.3149e-10  test 1.2618e-08  (30 epochs/s)
epoch  14900  train 9.3076e-10  test 1.2548e-08  (30 epochs/s)
epoch  15000  train 9.3005e-10  test 1.2505e-08  (30 epochs/s)
epoch  15100  train 9.2932e-10  test 1.2483e-08  (30 epochs/s)
epoch  15200  train 9.2869e-10  test 1.2474e-08  (30 epochs/s)
epoch  15300  train 9.2811e-10  test 1.2442e-08  (30 epochs/s)
epoch  15400  train 9.2752e-10  test 1.2412e-08  (30 epochs/s)
epoch  15500  train 9.2698e-10  test 1.2423e-08  (30 epochs/s)
epoch  15600  train 9.2646e-10  test 1.2467e-08  (30 epochs/s)
epoch  15700  train 9.2597e-10  test 1.2516e-08  (30 epochs/s)
epoch  15800  train 9.2551e-10  test 1.2561e-08  (30 epochs/s)
epoch  15900  train 9.2505e-10  test 1.2614e-08  (30 epochs/s)
epoch  16000  train 9.2463e-10  test 1.2635e-08  (30 epochs/s)
epoch  16100  train 9.2418e-10  test 1.2661e-08  (30 epochs/s)
epoch  16200  train 9.2378e-10  test 1.2696e-08  (30 epochs/s)
epoch  16300  train 9.2336e-10  test 1.2699e-08  (30 epochs/s)
epoch  16400  train 9.2291e-10  test 1.2704e-08  (30 epochs/s)
epoch  16500  train 9.2249e-10  test 1.2689e-08  (30 epochs/s)
epoch  16600  train 9.2209e-10  test 1.2695e-08  (30 epochs/s)
epoch  16700  train 9.2169e-10  test 1.2695e-08  (30 epochs/s)
epoch  16800  train 9.2131e-10  test 1.2675e-08  (30 epochs/s)
epoch  16900  train 9.2090e-10  test 1.2651e-08  (30 epochs/s)
epoch  17000  train 9.2051e-10  test 1.2613e-08  (30 epochs/s)
epoch  17100  train 9.2017e-10  test 1.2556e-08  (30 epochs/s)
epoch  17200  train 9.1979e-10  test 1.2514e-08  (30 epochs/s)
epoch  17300  train 9.1938e-10  test 1.2475e-08  (30 epochs/s)
epoch  17400  train 9.1899e-10  test 1.2448e-08  (30 epochs/s)
epoch  17500  train 9.1857e-10  test 1.2422e-08  (30 epochs/s)
epoch  17600  train 9.1821e-10  test 1.2377e-08  (30 epochs/s)
epoch  17700  train 9.1780e-10  test 1.2297e-08  (30 epochs/s)
epoch  17800  train 9.1741e-10  test 1.2229e-08  (30 epochs/s)
epoch  17900  train 9.1697e-10  test 1.2139e-08  (30 epochs/s)
epoch  18000  train 9.1658e-10  test 1.2053e-08  (30 epochs/s)
epoch  18100  train 9.1618e-10  test 1.1978e-08  (30 epochs/s)
epoch  18200  train 9.1579e-10  test 1.1887e-08  (30 epochs/s)
epoch  18300  train 9.1538e-10  test 1.1786e-08  (30 epochs/s)
epoch  18400  train 9.1494e-10  test 1.1688e-08  (30 epochs/s)
epoch  18500  train 9.1451e-10  test 1.1591e-08  (30 epochs/s)
epoch  18600  train 9.1407e-10  test 1.1470e-08  (30 epochs/s)
epoch  18700  train 9.1362e-10  test 1.1330e-08  (30 epochs/s)
epoch  18800  train 9.1314e-10  test 1.1176e-08  (30 epochs/s)
epoch  18900  train 9.1271e-10  test 1.0998e-08  (30 epochs/s)
epoch  19000  train 9.1226e-10  test 1.0850e-08  (30 epochs/s)
epoch  19100  train 9.1173e-10  test 1.0685e-08  (30 epochs/s)
epoch  19200  train 9.1124e-10  test 1.0520e-08  (30 epochs/s)
epoch  19300  train 9.1074e-10  test 1.0322e-08  (30 epochs/s)
epoch  19400  train 9.1024e-10  test 1.0106e-08  (30 epochs/s)
epoch  19500  train 9.0971e-10  test 9.9030e-09  (30 epochs/s)
epoch  19600  train 9.0917e-10  test 9.7112e-09  (30 epochs/s)
epoch  19700  train 9.0863e-10  test 9.5116e-09  (30 epochs/s)
epoch  19800  train 9.0809e-10  test 9.2987e-09  (30 epochs/s)
epoch  19900  train 9.0749e-10  test 9.0532e-09  (30 epochs/s)
epoch  20000  train 9.0688e-10  test 8.8411e-09  (30 epochs/s)
done: 20000 epochs in 661s -> runs/epsfloor/p-113/seed2034/seed1001
=== epsfloor eps=1e-10 init 1002 (00:11:39) ===
train: 3830  test: 8939
epoch    100  train 1.2228e+00  test 9.1559e+00  (31 epochs/s)
epoch    200  train 1.5861e-02  test 1.5429e+01  (30 epochs/s)
epoch    300  train 5.4386e-03  test 1.5868e+01  (29 epochs/s)
epoch    400  train 1.7773e-03  test 1.6615e+01  (29 epochs/s)
epoch    500  train 5.9091e-04  test 1.7434e+01  (30 epochs/s)
epoch    600  train 1.9914e-04  test 1.8261e+01  (30 epochs/s)
epoch    700  train 6.7826e-05  test 1.9076e+01  (30 epochs/s)
epoch    800  train 2.3305e-05  test 1.9890e+01  (30 epochs/s)
epoch    900  train 8.0652e-06  test 2.0668e+01  (30 epochs/s)
epoch   1000  train 2.8084e-06  test 2.1396e+01  (30 epochs/s)
epoch   1100  train 9.8458e-07  test 2.2075e+01  (30 epochs/s)
epoch   1200  train 3.4778e-07  test 2.2688e+01  (30 epochs/s)
epoch   1300  train 1.2492e-07  test 2.3236e+01  (30 epochs/s)
epoch   1400  train 4.6328e-08  test 2.3673e+01  (30 epochs/s)
epoch   1500  train 1.8458e-08  test 2.3998e+01  (30 epochs/s)
epoch   1600  train 8.4077e-09  test 2.4166e+01  (30 epochs/s)
epoch   1700  train 4.6916e-09  test 2.4151e+01  (30 epochs/s)
epoch   1800  train 3.3095e-09  test 2.3933e+01  (30 epochs/s)
epoch   1900  train 2.8387e-09  test 2.3554e+01  (30 epochs/s)
epoch   2000  train 2.7086e-09  test 2.3071e+01  (30 epochs/s)
epoch   2100  train 2.6716e-09  test 2.2532e+01  (30 epochs/s)
epoch   2200  train 2.6542e-09  test 2.1959e+01  (30 epochs/s)
epoch   2300  train 2.6337e-09  test 2.1351e+01  (30 epochs/s)
epoch   2400  train 2.6155e-09  test 2.0698e+01  (30 epochs/s)
epoch   2500  train 2.5929e-09  test 2.0005e+01  (30 epochs/s)
epoch   2600  train 2.5678e-09  test 1.9281e+01  (30 epochs/s)
epoch   2700  train 2.5411e-09  test 1.8519e+01  (30 epochs/s)
epoch   2800  train 2.5120e-09  test 1.7712e+01  (30 epochs/s)
epoch   2900  train 2.4817e-09  test 1.6873e+01  (30 epochs/s)
epoch   3000  train 2.4483e-09  test 1.5985e+01  (30 epochs/s)
epoch   3100  train 2.4173e-09  test 1.5061e+01  (30 epochs/s)
epoch   3200  train 2.3819e-09  test 1.4108e+01  (30 epochs/s)
epoch   3300  train 2.3461e-09  test 1.3113e+01  (30 epochs/s)
epoch   3400  train 2.3052e-09  test 1.2059e+01  (30 epochs/s)
epoch   3500  train 2.2633e-09  test 1.0947e+01  (30 epochs/s)
epoch   3600  train 2.2120e-09  test 9.7746e+00  (30 epochs/s)
epoch   3700  train 2.1573e-09  test 8.5274e+00  (30 epochs/s)
epoch   3800  train 2.0904e-09  test 7.2124e+00  (30 epochs/s)
epoch   3900  train 2.0136e-09  test 5.8282e+00  (30 epochs/s)
epoch   4000  train 1.9276e-09  test 4.4585e+00  (30 epochs/s)
epoch   4100  train 1.8314e-09  test 3.1573e+00  (30 epochs/s)
epoch   4200  train 1.7339e-09  test 2.0250e+00  (30 epochs/s)
epoch   4300  train 1.6410e-09  test 1.1510e+00  (30 epochs/s)
epoch   4400  train 1.5526e-09  test 5.8462e-01  (30 epochs/s)
epoch   4500  train 1.4654e-09  test 2.6219e-01  (30 epochs/s)
epoch   4600  train 1.3963e-09  test 1.0195e-01  (30 epochs/s)
epoch   4700  train 1.3313e-09  test 3.6143e-02  (30 epochs/s)
epoch   4800  train 1.2732e-09  test 1.3865e-02  (30 epochs/s)
epoch   4900  train 1.2187e-09  test 5.9184e-03  (30 epochs/s)
epoch   5000  train 1.1682e-09  test 2.4233e-03  (30 epochs/s)
epoch   5100  train 1.1176e-09  test 9.3603e-04  (30 epochs/s)
epoch   5200  train 1.0658e-09  test 3.0488e-04  (30 epochs/s)
epoch   5300  train 1.0220e-09  test 4.3349e-05  (30 epochs/s)
epoch   5400  train 9.8895e-10  test 3.8753e-06  (30 epochs/s)
epoch   5500  train 9.6481e-10  test 7.8397e-07  (30 epochs/s)
epoch   5600  train 9.4739e-10  test 2.0214e-07  (30 epochs/s)
epoch   5700  train 9.3327e-10  test 7.6400e-08  (30 epochs/s)
epoch   5800  train 9.2116e-10  test 3.5525e-08  (30 epochs/s)
epoch   5900  train 9.0977e-10  test 1.9012e-08  (30 epochs/s)
epoch   6000  train 8.9944e-10  test 1.1305e-08  (30 epochs/s)
epoch   6100  train 8.8985e-10  test 7.4723e-09  (30 epochs/s)
epoch   6200  train 8.8040e-10  test 5.3395e-09  (30 epochs/s)
epoch   6300  train 8.7097e-10  test 4.1302e-09  (30 epochs/s)
epoch   6400  train 8.6159e-10  test 3.4458e-09  (30 epochs/s)
epoch   6500  train 8.5266e-10  test 3.0629e-09  (30 epochs/s)
epoch   6600  train 8.4446e-10  test 2.8294e-09  (30 epochs/s)
epoch   6700  train 8.3726e-10  test 2.6753e-09  (30 epochs/s)
epoch   6800  train 8.3177e-10  test 2.5799e-09  (30 epochs/s)
epoch   6900  train 8.2770e-10  test 2.5119e-09  (30 epochs/s)
epoch   7000  train 8.2474e-10  test 2.4743e-09  (30 epochs/s)
epoch   7100  train 8.2265e-10  test 2.4513e-09  (30 epochs/s)
epoch   7200  train 8.2115e-10  test 2.4352e-09  (30 epochs/s)
epoch   7300  train 8.1995e-10  test 2.4231e-09  (30 epochs/s)
epoch   7400  train 8.1905e-10  test 2.4188e-09  (30 epochs/s)
epoch   7500  train 8.1826e-10  test 2.4136e-09  (30 epochs/s)
epoch   7600  train 8.1758e-10  test 2.4101e-09  (30 epochs/s)
epoch   7700  train 8.1697e-10  test 2.4040e-09  (30 epochs/s)
epoch   7800  train 8.1644e-10  test 2.4071e-09  (30 epochs/s)
epoch   7900  train 8.1595e-10  test 2.4053e-09  (30 epochs/s)
epoch   8000  train 8.1547e-10  test 2.4046e-09  (30 epochs/s)
epoch   8100  train 8.1505e-10  test 2.4028e-09  (30 epochs/s)
epoch   8200  train 8.1462e-10  test 2.3997e-09  (30 epochs/s)
epoch   8300  train 8.1424e-10  test 2.3949e-09  (30 epochs/s)
epoch   8400  train 8.1384e-10  test 2.3870e-09  (30 epochs/s)
epoch   8500  train 8.1347e-10  test 2.3830e-09  (30 epochs/s)
epoch   8600  train 8.1314e-10  test 2.3800e-09  (30 epochs/s)
epoch   8700  train 8.1279e-10  test 2.3748e-09  (30 epochs/s)
epoch   8800  train 8.1245e-10  test 2.3741e-09  (30 epochs/s)
epoch   8900  train 8.1211e-10  test 2.3773e-09  (30 epochs/s)
epoch   9000  train 8.1180e-10  test 2.3770e-09  (30 epochs/s)
epoch   9100  train 8.1145e-10  test 2.3888e-09  (30 epochs/s)
epoch   9200  train 8.1118e-10  test 2.3959e-09  (30 epochs/s)
epoch   9300  train 8.1092e-10  test 2.3977e-09  (30 epochs/s)
epoch   9400  train 8.1062e-10  test 2.3991e-09  (30 epochs/s)
epoch   9500  train 8.1032e-10  test 2.3996e-09  (30 epochs/s)
epoch   9600  train 8.1007e-10  test 2.3987e-09  (30 epochs/s)
epoch   9700  train 8.0981e-10  test 2.3980e-09  (30 epochs/s)
epoch   9800  train 8.0954e-10  test 2.3949e-09  (30 epochs/s)
epoch   9900  train 8.0929e-10  test 2.3939e-09  (30 epochs/s)
epoch  10000  train 8.0905e-10  test 2.3922e-09  (30 epochs/s)
epoch  10100  train 8.0882e-10  test 2.3917e-09  (30 epochs/s)
epoch  10200  train 8.0860e-10  test 2.3895e-09  (30 epochs/s)
epoch  10300  train 8.0836e-10  test 2.3832e-09  (30 epochs/s)
epoch  10400  train 8.0813e-10  test 2.3808e-09  (30 epochs/s)
epoch  10500  train 8.0788e-10  test 2.3740e-09  (30 epochs/s)
epoch  10600  train 8.0766e-10  test 2.3659e-09  (30 epochs/s)
epoch  10700  train 8.0748e-10  test 2.3612e-09  (30 epochs/s)
epoch  10800  train 8.0726e-10  test 2.3568e-09  (30 epochs/s)
epoch  10900  train 8.0704e-10  test 2.3546e-09  (30 epochs/s)
epoch  11000  train 8.0685e-10  test 2.3501e-09  (30 epochs/s)
epoch  11100  train 8.0666e-10  test 2.3475e-09  (30 epochs/s)
epoch  11200  train 8.0648e-10  test 2.3454e-09  (30 epochs/s)
epoch  11300  train 8.0629e-10  test 2.3442e-09  (30 epochs/s)
epoch  11400  train 8.0610e-10  test 2.3440e-09  (30 epochs/s)
epoch  11500  train 8.0592e-10  test 2.3402e-09  (30 epochs/s)
epoch  11600  train 8.0574e-10  test 2.3362e-09  (30 epochs/s)
epoch  11700  train 8.0557e-10  test 2.3325e-09  (30 epochs/s)
epoch  11800  train 8.0539e-10  test 2.3269e-09  (30 epochs/s)
epoch  11900  train 8.0522e-10  test 2.3210e-09  (30 epochs/s)
epoch  12000  train 8.0506e-10  test 2.3164e-09  (30 epochs/s)
epoch  12100  train 8.0490e-10  test 2.3112e-09  (30 epochs/s)
epoch  12200  train 8.0475e-10  test 2.3045e-09  (30 epochs/s)
epoch  12300  train 8.0458e-10  test 2.2987e-09  (30 epochs/s)
epoch  12400  train 8.0441e-10  test 2.2924e-09  (30 epochs/s)
epoch  12500  train 8.0427e-10  test 2.2863e-09  (30 epochs/s)
epoch  12600  train 8.0413e-10  test 2.2801e-09  (30 epochs/s)
epoch  12700  train 8.0397e-10  test 2.2738e-09  (30 epochs/s)
epoch  12800  train 8.0382e-10  test 2.2679e-09  (30 epochs/s)
epoch  12900  train 8.0367e-10  test 2.2616e-09  (30 epochs/s)
epoch  13000  train 8.0353e-10  test 2.2567e-09  (30 epochs/s)
epoch  13100  train 8.0338e-10  test 2.2519e-09  (30 epochs/s)
epoch  13200  train 8.0324e-10  test 2.2467e-09  (30 epochs/s)
epoch  13300  train 8.0310e-10  test 2.2427e-09  (30 epochs/s)
epoch  13400  train 8.0297e-10  test 2.2386e-09  (30 epochs/s)
epoch  13500  train 8.0286e-10  test 2.2354e-09  (30 epochs/s)
epoch  13600  train 8.0271e-10  test 2.2309e-09  (30 epochs/s)
epoch  13700  train 8.0256e-10  test 2.2270e-09  (30 epochs/s)
epoch  13800  train 8.0245e-10  test 2.2244e-09  (30 epochs/s)
epoch  13900  train 8.0233e-10  test 2.2217e-09  (30 epochs/s)
epoch  14000  train 8.0220e-10  test 2.2191e-09  (30 epochs/s)
epoch  14100  train 8.0208e-10  test 2.2160e-09  (30 epochs/s)
epoch  14200  train 8.0195e-10  test 2.2123e-09  (30 epochs/s)
epoch  14300  train 8.0184e-10  test 2.2088e-09  (30 epochs/s)
epoch  14400  train 8.0171e-10  test 2.2057e-09  (30 epochs/s)
epoch  14500  train 8.0159e-10  test 2.2029e-09  (30 epochs/s)
epoch  14600  train 8.0148e-10  test 2.2001e-09  (30 epochs/s)
epoch  14700  train 8.0137e-10  test 2.1972e-09  (30 epochs/s)
epoch  14800  train 8.0124e-10  test 2.1943e-09  (30 epochs/s)
epoch  14900  train 8.0113e-10  test 2.1918e-09  (30 epochs/s)
epoch  15000  train 8.0101e-10  test 2.1910e-09  (30 epochs/s)
epoch  15100  train 8.0089e-10  test 2.1889e-09  (30 epochs/s)
epoch  15200  train 8.0079e-10  test 2.1864e-09  (30 epochs/s)
epoch  15300  train 8.0067e-10  test 2.1840e-09  (30 epochs/s)
epoch  15400  train 8.0057e-10  test 2.1804e-09  (30 epochs/s)
epoch  15500  train 8.0047e-10  test 2.1774e-09  (30 epochs/s)
epoch  15600  train 8.0036e-10  test 2.1740e-09  (30 epochs/s)
epoch  15700  train 8.0026e-10  test 2.1708e-09  (30 epochs/s)
epoch  15800  train 8.0014e-10  test 2.1674e-09  (30 epochs/s)
epoch  15900  train 8.0005e-10  test 2.1647e-09  (30 epochs/s)
epoch  16000  train 7.9995e-10  test 2.1618e-09  (30 epochs/s)
epoch  16100  train 7.9987e-10  test 2.1590e-09  (30 epochs/s)
epoch  16200  train 7.9977e-10  test 2.1559e-09  (30 epochs/s)
epoch  16300  train 7.9968e-10  test 2.1531e-09  (30 epochs/s)
epoch  16400  train 7.9958e-10  test 2.1510e-09  (30 epochs/s)
epoch  16500  train 7.9949e-10  test 2.1478e-09  (30 epochs/s)
epoch  16600  train 7.9937e-10  test 2.1444e-09  (30 epochs/s)
epoch  16700  train 7.9929e-10  test 2.1419e-09  (30 epochs/s)
epoch  16800  train 7.9920e-10  test 2.1394e-09  (30 epochs/s)
epoch  16900  train 7.9911e-10  test 2.1369e-09  (30 epochs/s)
epoch  17000  train 7.9901e-10  test 2.1345e-09  (30 epochs/s)
epoch  17100  train 7.9891e-10  test 2.1318e-09  (30 epochs/s)
epoch  17200  train 7.9883e-10  test 2.1295e-09  (30 epochs/s)
epoch  17300  train 7.9873e-10  test 2.1284e-09  (30 epochs/s)
epoch  17400  train 7.9864e-10  test 2.1267e-09  (30 epochs/s)
epoch  17500  train 7.9857e-10  test 2.1252e-09  (30 epochs/s)
epoch  17600  train 7.9847e-10  test 2.1232e-09  (30 epochs/s)
epoch  17700  train 7.9838e-10  test 2.1213e-09  (30 epochs/s)
epoch  17800  train 7.9829e-10  test 2.1187e-09  (30 epochs/s)
epoch  17900  train 7.9821e-10  test 2.1166e-09  (30 epochs/s)
epoch  18000  train 7.9812e-10  test 2.1150e-09  (30 epochs/s)
epoch  18100  train 7.9803e-10  test 2.1136e-09  (30 epochs/s)
epoch  18200  train 7.9794e-10  test 2.1127e-09  (30 epochs/s)
epoch  18300  train 7.9784e-10  test 2.1113e-09  (30 epochs/s)
epoch  18400  train 7.9778e-10  test 2.1097e-09  (30 epochs/s)
epoch  18500  train 7.9769e-10  test 2.1076e-09  (30 epochs/s)
epoch  18600  train 7.9760e-10  test 2.1060e-09  (30 epochs/s)
epoch  18700  train 7.9752e-10  test 2.1045e-09  (30 epochs/s)
epoch  18800  train 7.9744e-10  test 2.1030e-09  (30 epochs/s)
epoch  18900  train 7.9736e-10  test 2.1016e-09  (30 epochs/s)
epoch  19000  train 7.9728e-10  test 2.1005e-09  (30 epochs/s)
epoch  19100  train 7.9719e-10  test 2.0997e-09  (30 epochs/s)
epoch  19200  train 7.9712e-10  test 2.0989e-09  (30 epochs/s)
epoch  19300  train 7.9704e-10  test 2.0974e-09  (30 epochs/s)
epoch  19400  train 7.9695e-10  test 2.0966e-09  (30 epochs/s)
epoch  19500  train 7.9686e-10  test 2.0957e-09  (30 epochs/s)
epoch  19600  train 7.9678e-10  test 2.0946e-09  (30 epochs/s)
epoch  19700  train 7.9670e-10  test 2.0933e-09  (30 epochs/s)
epoch  19800  train 7.9662e-10  test 2.0924e-09  (30 epochs/s)
epoch  19900  train 7.9655e-10  test 2.0914e-09  (30 epochs/s)
epoch  20000  train 7.9647e-10  test 2.0909e-09  (30 epochs/s)
done: 20000 epochs in 665s -> runs/epsfloor/p-113/seed2034/seed1002
=== epsfloor eps=1e-10 init 1003 (00:22:44) ===
train: 3830  test: 8939
epoch    100  train 9.5452e-01  test 9.5547e+00  (30 epochs/s)
epoch    200  train 1.4828e-02  test 1.5075e+01  (29 epochs/s)
epoch    300  train 4.9872e-03  test 1.5439e+01  (29 epochs/s)
epoch    400  train 1.6269e-03  test 1.6027e+01  (29 epochs/s)
epoch    500  train 5.4100e-04  test 1.6658e+01  (29 epochs/s)
epoch    600  train 1.8248e-04  test 1.7294e+01  (29 epochs/s)
epoch    700  train 6.2111e-05  test 1.7920e+01  (29 epochs/s)
epoch    800  train 2.1323e-05  test 1.8541e+01  (30 epochs/s)
epoch    900  train 7.3779e-06  test 1.9147e+01  (30 epochs/s)
epoch   1000  train 2.5711e-06  test 1.9741e+01  (30 epochs/s)
epoch   1100  train 8.9986e-07  test 2.0307e+01  (30 epochs/s)
epoch   1200  train 3.1787e-07  test 2.0839e+01  (30 epochs/s)
epoch   1300  train 1.1429e-07  test 2.1342e+01  (30 epochs/s)
epoch   1400  train 4.2539e-08  test 2.1790e+01  (30 epochs/s)
epoch   1500  train 1.7043e-08  test 2.2133e+01  (30 epochs/s)
epoch   1600  train 7.8422e-09  test 2.2340e+01  (30 epochs/s)
epoch   1700  train 4.4347e-09  test 2.2385e+01  (30 epochs/s)
epoch   1800  train 3.1685e-09  test 2.2234e+01  (30 epochs/s)
epoch   1900  train 2.7429e-09  test 2.1924e+01  (30 epochs/s)
epoch   2000  train 2.6266e-09  test 2.1528e+01  (30 epochs/s)
epoch   2100  train 2.5954e-09  test 2.1076e+01  (30 epochs/s)
epoch   2200  train 2.5781e-09  test 2.0596e+01  (30 epochs/s)
epoch   2300  train 2.5666e-09  test 2.0085e+01  (30 epochs/s)
epoch   2400  train 2.5444e-09  test 1.9560e+01  (30 epochs/s)
epoch   2500  train 2.5242e-09  test 1.9020e+01  (30 epochs/s)
epoch   2600  train 2.5067e-09  test 1.8448e+01  (30 epochs/s)
epoch   2700  train 2.4855e-09  test 1.7853e+01  (30 epochs/s)
epoch   2800  train 2.4607e-09  test 1.7226e+01  (30 epochs/s)
epoch   2900  train 2.4348e-09  test 1.6567e+01  (30 epochs/s)
epoch   3000  train 2.4084e-09  test 1.5852e+01  (30 epochs/s)
epoch   3100  train 2.3794e-09  test 1.5086e+01  (30 epochs/s)
epoch   3200  train 2.3479e-09  test 1.4236e+01  (30 epochs/s)
epoch   3300  train 2.3057e-09  test 1.3267e+01  (30 epochs/s)
epoch   3400  train 2.2644e-09  test 1.2187e+01  (30 epochs/s)
epoch   3500  train 2.2134e-09  test 1.0986e+01  (30 epochs/s)
epoch   3600  train 2.1575e-09  test 9.6478e+00  (30 epochs/s)
epoch   3700  train 2.0927e-09  test 8.2089e+00  (30 epochs/s)
epoch   3800  train 2.0124e-09  test 6.6761e+00  (30 epochs/s)
epoch   3900  train 1.9243e-09  test 5.0908e+00  (30 epochs/s)
epoch   4000  train 1.8204e-09  test 3.5611e+00  (30 epochs/s)
epoch   4100  train 1.7082e-09  test 2.2198e+00  (30 epochs/s)
epoch   4200  train 1.5972e-09  test 1.2010e+00  (30 epochs/s)
epoch   4300  train 1.4834e-09  test 5.3628e-01  (30 epochs/s)
epoch   4400  train 1.3872e-09  test 1.9406e-01  (30 epochs/s)
epoch   4500  train 1.3056e-09  test 5.9070e-02  (30 epochs/s)
epoch   4600  train 1.2324e-09  test 1.6334e-02  (30 epochs/s)
epoch   4700  train 1.1747e-09  test 5.0290e-03  (30 epochs/s)
epoch   4800  train 1.1278e-09  test 1.5730e-03  (30 epochs/s)
epoch   4900  train 1.0927e-09  test 1.9414e-04  (30 epochs/s)
epoch   5000  train 1.0647e-09  test 2.5228e-05  (30 epochs/s)
epoch   5100  train 1.0416e-09  test 6.4870e-06  (30 epochs/s)
epoch   5200  train 1.0215e-09  test 2.0006e-06  (30 epochs/s)
epoch   5300  train 1.0035e-09  test 7.0848e-07  (30 epochs/s)
epoch   5400  train 9.8771e-10  test 2.8293e-07  (30 epochs/s)
epoch   5500  train 9.7412e-10  test 1.1876e-07  (30 epochs/s)
epoch   5600  train 9.6372e-10  test 5.1971e-08  (30 epochs/s)
epoch   5700  train 9.5572e-10  test 2.7032e-08  (30 epochs/s)
epoch   5800  train 9.4966e-10  test 1.7049e-08  (30 epochs/s)
epoch   5900  train 9.4450e-10  test 1.2371e-08  (30 epochs/s)
epoch   6000  train 9.4046e-10  test 9.8586e-09  (30 epochs/s)
epoch   6100  train 9.3728e-10  test 8.4391e-09  (30 epochs/s)
epoch   6200  train 9.3452e-10  test 7.5520e-09  (30 epochs/s)
epoch   6300  train 9.3216e-10  test 6.9619e-09  (30 epochs/s)
epoch   6400  train 9.3035e-10  test 6.5772e-09  (30 epochs/s)
epoch   6500  train 9.2875e-10  test 6.3131e-09  (30 epochs/s)
epoch   6600  train 9.2737e-10  test 6.1227e-09  (30 epochs/s)
epoch   6700  train 9.2606e-10  test 5.9812e-09  (30 epochs/s)
epoch   6800  train 9.2495e-10  test 5.8757e-09  (30 epochs/s)
epoch   6900  train 9.2382e-10  test 5.7988e-09  (30 epochs/s)
epoch   7000  train 9.2293e-10  test 5.7482e-09  (30 epochs/s)
epoch   7100  train 9.2199e-10  test 5.7230e-09  (30 epochs/s)
epoch   7200  train 9.2120e-10  test 5.7176e-09  (30 epochs/s)
epoch   7300  train 9.2044e-10  test 5.7085e-09  (30 epochs/s)
epoch   7400  train 9.1972e-10  test 5.7120e-09  (30 epochs/s)
epoch   7500  train 9.1898e-10  test 5.7182e-09  (30 epochs/s)
epoch   7600  train 9.1828e-10  test 5.7348e-09  (30 epochs/s)
epoch   7700  train 9.1765e-10  test 5.7561e-09  (30 epochs/s)
epoch   7800  train 9.1701e-10  test 5.7769e-09  (30 epochs/s)
epoch   7900  train 9.1643e-10  test 5.7931e-09  (30 epochs/s)
epoch   8000  train 9.1585e-10  test 5.8139e-09  (30 epochs/s)
epoch   8100  train 9.1525e-10  test 5.8527e-09  (30 epochs/s)
epoch   8200  train 9.1467e-10  test 5.8910e-09  (30 epochs/s)
epoch   8300  train 9.1417e-10  test 5.9295e-09  (30 epochs/s)
epoch   8400  train 9.1361e-10  test 5.9603e-09  (30 epochs/s)
epoch   8500  train 9.1307e-10  test 5.9954e-09  (30 epochs/s)
epoch   8600  train 9.1258e-10  test 6.0294e-09  (30 epochs/s)
epoch   8700  train 9.1205e-10  test 6.0634e-09  (30 epochs/s)
epoch   8800  train 9.1158e-10  test 6.0934e-09  (30 epochs/s)
epoch   8900  train 9.1111e-10  test 6.1180e-09  (30 epochs/s)
epoch   9000  train 9.1065e-10  test 6.1514e-09  (30 epochs/s)
epoch   9100  train 9.1018e-10  test 6.1843e-09  (30 epochs/s)
epoch   9200  train 9.0972e-10  test 6.2146e-09  (30 epochs/s)
epoch   9300  train 9.0929e-10  test 6.2323e-09  (30 epochs/s)
epoch   9400  train 9.0882e-10  test 6.2470e-09  (30 epochs/s)
epoch   9500  train 9.0838e-10  test 6.2532e-09  (30 epochs/s)
epoch   9600  train 9.0797e-10  test 6.2707e-09  (30 epochs/s)
epoch   9700  train 9.0751e-10  test 6.2756e-09  (30 epochs/s)
epoch   9800  train 9.0713e-10  test 6.2773e-09  (30 epochs/s)
epoch   9900  train 9.0673e-10  test 6.2766e-09  (30 epochs/s)
epoch  10000  train 9.0633e-10  test 6.2778e-09  (30 epochs/s)
epoch  10100  train 9.0593e-10  test 6.2795e-09  (30 epochs/s)
epoch  10200  train 9.0560e-10  test 6.2867e-09  (30 epochs/s)
epoch  10300  train 9.0526e-10  test 6.2870e-09  (30 epochs/s)
epoch  10400  train 9.0493e-10  test 6.2785e-09  (30 epochs/s)
epoch  10500  train 9.0459e-10  test 6.2709e-09  (30 epochs/s)
epoch  10600  train 9.0428e-10  test 6.2411e-09  (30 epochs/s)
epoch  10700  train 9.0398e-10  test 6.2141e-09  (30 epochs/s)
epoch  10800  train 9.0372e-10  test 6.1798e-09  (30 epochs/s)
epoch  10900  train 9.0346e-10  test 6.1476e-09  (30 epochs/s)
epoch  11000  train 9.0319e-10  test 6.1071e-09  (30 epochs/s)
epoch  11100  train 9.0292e-10  test 6.0515e-09  (30 epochs/s)
epoch  11200  train 9.0269e-10  test 5.9927e-09  (30 epochs/s)
epoch  11300  train 9.0244e-10  test 5.9307e-09  (30 epochs/s)
epoch  11400  train 9.0217e-10  test 5.8447e-09  (30 epochs/s)
epoch  11500  train 9.0198e-10  test 5.7827e-09  (30 epochs/s)
epoch  11600  train 9.0171e-10  test 5.7048e-09  (30 epochs/s)
epoch  11700  train 9.0151e-10  test 5.6177e-09  (30 epochs/s)
epoch  11800  train 9.0126e-10  test 5.5042e-09  (30 epochs/s)
epoch  11900  train 9.0105e-10  test 5.3783e-09  (30 epochs/s)
epoch  12000  train 9.0076e-10  test 5.2509e-09  (30 epochs/s)
epoch  12100  train 9.0040e-10  test 5.1079e-09  (30 epochs/s)
epoch  12200  train 8.9981e-10  test 4.9597e-09  (30 epochs/s)
epoch  12300  train 8.9916e-10  test 4.8173e-09  (30 epochs/s)
epoch  12400  train 8.9832e-10  test 4.6691e-09  (30 epochs/s)
epoch  12500  train 8.9718e-10  test 4.5030e-09  (30 epochs/s)
epoch  12600  train 8.9564e-10  test 4.3123e-09  (30 epochs/s)
epoch  12700  train 8.9374e-10  test 4.1177e-09  (30 epochs/s)
epoch  12800  train 8.9150e-10  test 3.9089e-09  (30 epochs/s)
epoch  12900  train 8.8882e-10  test 3.6980e-09  (30 epochs/s)
epoch  13000  train 8.8556e-10  test 3.4964e-09  (30 epochs/s)
epoch  13100  train 8.8175e-10  test 3.3079e-09  (30 epochs/s)
epoch  13200  train 8.7733e-10  test 3.1485e-09  (30 epochs/s)
epoch  13300  train 8.7198e-10  test 3.0129e-09  (30 epochs/s)
epoch  13400  train 8.6590e-10  test 2.9122e-09  (30 epochs/s)
epoch  13500  train 8.5920e-10  test 2.8337e-09  (30 epochs/s)
epoch  13600  train 8.5232e-10  test 2.7718e-09  (30 epochs/s)
epoch  13700  train 8.4603e-10  test 2.7277e-09  (30 epochs/s)
epoch  13800  train 8.4065e-10  test 2.6950e-09  (30 epochs/s)
epoch  13900  train 8.3651e-10  test 2.6684e-09  (30 epochs/s)
epoch  14000  train 8.3347e-10  test 2.6447e-09  (30 epochs/s)
epoch  14100  train 8.3137e-10  test 2.6247e-09  (30 epochs/s)
epoch  14200  train 8.2990e-10  test 2.6102e-09  (30 epochs/s)
epoch  14300  train 8.2888e-10  test 2.5966e-09  (30 epochs/s)
epoch  14400  train 8.2813e-10  test 2.5887e-09  (30 epochs/s)
epoch  14500  train 8.2758e-10  test 2.5818e-09  (30 epochs/s)
epoch  14600  train 8.2719e-10  test 2.5751e-09  (30 epochs/s)
epoch  14700  train 8.2685e-10  test 2.5683e-09  (30 epochs/s)
epoch  14800  train 8.2657e-10  test 2.5645e-09  (30 epochs/s)
epoch  14900  train 8.2629e-10  test 2.5593e-09  (30 epochs/s)
epoch  15000  train 8.2604e-10  test 2.5539e-09  (30 epochs/s)
epoch  15100  train 8.2578e-10  test 2.5486e-09  (30 epochs/s)
epoch  15200  train 8.2556e-10  test 2.5438e-09  (30 epochs/s)
epoch  15300  train 8.2533e-10  test 2.5390e-09  (30 epochs/s)
epoch  15400  train 8.2512e-10  test 2.5353e-09  (30 epochs/s)
epoch  15500  train 8.2491e-10  test 2.5333e-09  (30 epochs/s)
epoch  15600  train 8.2468e-10  test 2.5309e-09  (30 epochs/s)
epoch  15700  train 8.2451e-10  test 2.5292e-09  (30 epochs/s)
epoch  15800  train 8.2433e-10  test 2.5277e-09  (30 epochs/s)
epoch  15900  train 8.2417e-10  test 2.5267e-09  (30 epochs/s)
epoch  16000  train 8.2398e-10  test 2.5256e-09  (30 epochs/s)
epoch  16100  train 8.2381e-10  test 2.5254e-09  (30 epochs/s)
epoch  16200  train 8.2364e-10  test 2.5246e-09  (30 epochs/s)
epoch  16300  train 8.2347e-10  test 2.5231e-09  (30 epochs/s)
epoch  16400  train 8.2332e-10  test 2.5208e-09  (30 epochs/s)
epoch  16500  train 8.2317e-10  test 2.5183e-09  (30 epochs/s)
epoch  16600  train 8.2301e-10  test 2.5164e-09  (30 epochs/s)
epoch  16700  train 8.2286e-10  test 2.5145e-09  (30 epochs/s)
epoch  16800  train 8.2272e-10  test 2.5123e-09  (30 epochs/s)
epoch  16900  train 8.2259e-10  test 2.5106e-09  (30 epochs/s)
epoch  17000  train 8.2243e-10  test 2.5068e-09  (30 epochs/s)
epoch  17100  train 8.2231e-10  test 2.5030e-09  (30 epochs/s)
epoch  17200  train 8.2216e-10  test 2.4999e-09  (30 epochs/s)
epoch  17300  train 8.2203e-10  test 2.4976e-09  (30 epochs/s)
epoch  17400  train 8.2190e-10  test 2.4949e-09  (30 epochs/s)
epoch  17500  train 8.2177e-10  test 2.4929e-09  (30 epochs/s)
epoch  17600  train 8.2165e-10  test 2.4905e-09  (30 epochs/s)
epoch  17700  train 8.2152e-10  test 2.4881e-09  (30 epochs/s)
epoch  17800  train 8.2141e-10  test 2.4853e-09  (30 epochs/s)
epoch  17900  train 8.2129e-10  test 2.4834e-09  (30 epochs/s)
epoch  18000  train 8.2118e-10  test 2.4811e-09  (30 epochs/s)
epoch  18100  train 8.2106e-10  test 2.4785e-09  (30 epochs/s)
epoch  18200  train 8.2095e-10  test 2.4759e-09  (30 epochs/s)
epoch  18300  train 8.2084e-10  test 2.4750e-09  (30 epochs/s)
epoch  18400  train 8.2073e-10  test 2.4733e-09  (30 epochs/s)
epoch  18500  train 8.2061e-10  test 2.4717e-09  (30 epochs/s)
epoch  18600  train 8.2051e-10  test 2.4706e-09  (30 epochs/s)
epoch  18700  train 8.2040e-10  test 2.4688e-09  (30 epochs/s)
epoch  18800  train 8.2031e-10  test 2.4673e-09  (30 epochs/s)
epoch  18900  train 8.2020e-10  test 2.4659e-09  (30 epochs/s)
epoch  19000  train 8.2010e-10  test 2.4643e-09  (30 epochs/s)
epoch  19100  train 8.2001e-10  test 2.4627e-09  (30 epochs/s)
epoch  19200  train 8.1991e-10  test 2.4614e-09  (30 epochs/s)
epoch  19300  train 8.1981e-10  test 2.4614e-09  (30 epochs/s)
epoch  19400  train 8.1972e-10  test 2.4609e-09  (30 epochs/s)
epoch  19500  train 8.1961e-10  test 2.4608e-09  (30 epochs/s)
epoch  19600  train 8.1952e-10  test 2.4601e-09  (30 epochs/s)
epoch  19700  train 8.1943e-10  test 2.4597e-09  (30 epochs/s)
epoch  19800  train 8.1934e-10  test 2.4589e-09  (30 epochs/s)
epoch  19900  train 8.1925e-10  test 2.4579e-09  (30 epochs/s)
epoch  20000  train 8.1918e-10  test 2.4567e-09  (30 epochs/s)
done: 20000 epochs in 665s -> runs/epsfloor/p-113/seed2034/seed1003
=== epsfloor eps=1e-10 init 1004 (00:33:49) ===
train: 3830  test: 8939
epoch    100  train 1.1866e+00  test 9.0529e+00  (31 epochs/s)
epoch    200  train 1.5301e-02  test 1.5238e+01  (30 epochs/s)
epoch    300  train 5.2272e-03  test 1.5723e+01  (29 epochs/s)
epoch    400  train 1.7114e-03  test 1.6482e+01  (29 epochs/s)
epoch    500  train 5.7022e-04  test 1.7294e+01  (29 epochs/s)
epoch    600  train 1.9249e-04  test 1.8123e+01  (30 epochs/s)
epoch    700  train 6.5617e-05  test 1.8951e+01  (30 epochs/s)
epoch    800  train 2.2535e-05  test 1.9777e+01  (30 epochs/s)
epoch    900  train 7.7979e-06  test 2.0571e+01  (30 epochs/s)
epoch   1000  train 2.7154e-06  test 2.1328e+01  (30 epochs/s)
epoch   1100  train 9.5295e-07  test 2.2060e+01  (30 epochs/s)
epoch   1200  train 3.3748e-07  test 2.2747e+01  (30 epochs/s)
epoch   1300  train 1.2135e-07  test 2.3389e+01  (30 epochs/s)
epoch   1400  train 4.5105e-08  test 2.3962e+01  (30 epochs/s)
epoch   1500  train 1.8000e-08  test 2.4430e+01  (30 epochs/s)
epoch   1600  train 8.2277e-09  test 2.4774e+01  (30 epochs/s)
epoch   1700  train 4.6081e-09  test 2.4943e+01  (30 epochs/s)
epoch   1800  train 3.2643e-09  test 2.4924e+01  (30 epochs/s)
epoch   1900  train 2.8088e-09  test 2.4737e+01  (30 epochs/s)
epoch   2000  train 2.6879e-09  test 2.4458e+01  (30 epochs/s)
epoch   2100  train 2.6596e-09  test 2.4152e+01  (30 epochs/s)
epoch   2200  train 2.6516e-09  test 2.3853e+01  (30 epochs/s)
epoch   2300  train 2.6409e-09  test 2.3544e+01  (30 epochs/s)
epoch   2400  train 2.6304e-09  test 2.3243e+01  (30 epochs/s)
epoch   2500  train 2.6169e-09  test 2.2954e+01  (30 epochs/s)
epoch   2600  train 2.6032e-09  test 2.2657e+01  (30 epochs/s)
epoch   2700  train 2.5916e-09  test 2.2360e+01  (30 epochs/s)
epoch   2800  train 2.5781e-09  test 2.2074e+01  (30 epochs/s)
epoch   2900  train 2.5635e-09  test 2.1792e+01  (30 epochs/s)
epoch   3000  train 2.5512e-09  test 2.1508e+01  (30 epochs/s)
epoch   3100  train 2.5418e-09  test 2.1213e+01  (30 epochs/s)
epoch   3200  train 2.5231e-09  test 2.0916e+01  (30 epochs/s)
epoch   3300  train 2.5089e-09  test 2.0617e+01  (30 epochs/s)
epoch   3400  train 2.4972e-09  test 2.0313e+01  (30 epochs/s)
epoch   3500  train 2.4821e-09  test 2.0011e+01  (30 epochs/s)
epoch   3600  train 2.4682e-09  test 1.9703e+01  (30 epochs/s)
epoch   3700  train 2.4585e-09  test 1.9382e+01  (30 epochs/s)
epoch   3800  train 2.4415e-09  test 1.9058e+01  (30 epochs/s)
epoch   3900  train 2.4280e-09  test 1.8728e+01  (30 epochs/s)
epoch   4000  train 2.4206e-09  test 1.8383e+01  (30 epochs/s)
epoch   4100  train 2.4076e-09  test 1.8030e+01  (30 epochs/s)
epoch   4200  train 2.3950e-09  test 1.7665e+01  (30 epochs/s)
epoch   4300  train 2.3763e-09  test 1.7288e+01  (30 epochs/s)
epoch   4400  train 2.3595e-09  test 1.6893e+01  (30 epochs/s)
epoch   4500  train 2.3451e-09  test 1.6477e+01  (30 epochs/s)
epoch   4600  train 2.3334e-09  test 1.6043e+01  (30 epochs/s)
epoch   4700  train 2.3170e-09  test 1.5569e+01  (30 epochs/s)
epoch   4800  train 2.2951e-09  test 1.5062e+01  (30 epochs/s)
epoch   4900  train 2.2791e-09  test 1.4519e+01  (30 epochs/s)
epoch   5000  train 2.2543e-09  test 1.3930e+01  (30 epochs/s)
epoch   5100  train 2.2313e-09  test 1.3279e+01  (30 epochs/s)
epoch   5200  train 2.2059e-09  test 1.2568e+01  (30 epochs/s)
epoch   5300  train 2.1769e-09  test 1.1779e+01  (30 epochs/s)
epoch   5400  train 2.1439e-09  test 1.0911e+01  (30 epochs/s)
epoch   5500  train 2.1080e-09  test 9.9387e+00  (30 epochs/s)
epoch   5600  train 2.0633e-09  test 8.8743e+00  (30 epochs/s)
epoch   5700  train 2.0180e-09  test 7.7417e+00  (30 epochs/s)
epoch   5800  train 1.9661e-09  test 6.5648e+00  (30 epochs/s)
epoch   5900  train 1.9124e-09  test 5.3893e+00  (30 epochs/s)
epoch   6000  train 1.8550e-09  test 4.2568e+00  (30 epochs/s)
epoch   6100  train 1.7856e-09  test 3.2014e+00  (30 epochs/s)
epoch   6200  train 1.7110e-09  test 2.2616e+00  (30 epochs/s)
epoch   6300  train 1.6360e-09  test 1.4665e+00  (30 epochs/s)
epoch   6400  train 1.5449e-09  test 8.6459e-01  (30 epochs/s)
epoch   6500  train 1.4613e-09  test 4.6452e-01  (30 epochs/s)
epoch   6600  train 1.3891e-09  test 2.2740e-01  (30 epochs/s)
epoch   6700  train 1.3269e-09  test 1.1093e-01  (30 epochs/s)
epoch   6800  train 1.2681e-09  test 5.6280e-02  (30 epochs/s)
epoch   6900  train 1.2150e-09  test 3.0149e-02  (30 epochs/s)
epoch   7000  train 1.1633e-09  test 1.8174e-02  (30 epochs/s)
epoch   7100  train 1.1161e-09  test 1.1263e-02  (30 epochs/s)
epoch   7200  train 1.0725e-09  test 6.0898e-03  (30 epochs/s)
epoch   7300  train 1.0388e-09  test 2.5954e-03  (30 epochs/s)
epoch   7400  train 1.0122e-09  test 9.3022e-04  (30 epochs/s)
epoch   7500  train 9.9119e-10  test 3.3511e-04  (30 epochs/s)
epoch   7600  train 9.7473e-10  test 1.0224e-04  (30 epochs/s)
epoch   7700  train 9.6060e-10  test 2.7837e-05  (30 epochs/s)
epoch   7800  train 9.4957e-10  test 7.5542e-06  (30 epochs/s)
epoch   7900  train 9.3896e-10  test 2.1799e-06  (30 epochs/s)
epoch   8000  train 9.2999e-10  test 7.3620e-07  (30 epochs/s)
epoch   8100  train 9.2186e-10  test 3.2865e-07  (30 epochs/s)
epoch   8200  train 9.1436e-10  test 1.7552e-07  (30 epochs/s)
epoch   8300  train 9.0748e-10  test 1.1012e-07  (30 epochs/s)
epoch   8400  train 9.0144e-10  test 7.2192e-08  (30 epochs/s)
epoch   8500  train 8.9618e-10  test 5.0612e-08  (30 epochs/s)
epoch   8600  train 8.9104e-10  test 3.5862e-08  (30 epochs/s)
epoch   8700  train 8.8587e-10  test 2.5467e-08  (30 epochs/s)
epoch   8800  train 8.8056e-10  test 1.9521e-08  (30 epochs/s)
epoch   8900  train 8.7530e-10  test 1.6081e-08  (30 epochs/s)
epoch   9000  train 8.7066e-10  test 1.3641e-08  (30 epochs/s)
epoch   9100  train 8.6640e-10  test 1.1797e-08  (30 epochs/s)
epoch   9200  train 8.6289e-10  test 1.0654e-08  (30 epochs/s)
epoch   9300  train 8.5965e-10  test 9.7077e-09  (30 epochs/s)
epoch   9400  train 8.5718e-10  test 9.0048e-09  (30 epochs/s)
epoch   9500  train 8.5516e-10  test 8.5825e-09  (30 epochs/s)
epoch   9600  train 8.5352e-10  test 8.1430e-09  (30 epochs/s)
epoch   9700  train 8.5212e-10  test 7.6155e-09  (30 epochs/s)
epoch   9800  train 8.5090e-10  test 7.3078e-09  (30 epochs/s)
epoch   9900  train 8.4987e-10  test 6.9079e-09  (30 epochs/s)
epoch  10000  train 8.4896e-10  test 6.3864e-09  (30 epochs/s)
epoch  10100  train 8.4809e-10  test 5.8635e-09  (30 epochs/s)
epoch  10200  train 8.4723e-10  test 5.4719e-09  (30 epochs/s)
epoch  10300  train 8.4658e-10  test 5.2029e-09  (30 epochs/s)
epoch  10400  train 8.4582e-10  test 4.9772e-09  (30 epochs/s)
epoch  10500  train 8.4517e-10  test 4.7619e-09  (30 epochs/s)
epoch  10600  train 8.4462e-10  test 4.5627e-09  (30 epochs/s)
epoch  10700  train 8.4404e-10  test 4.4352e-09  (30 epochs/s)
epoch  10800  train 8.4348e-10  test 4.3279e-09  (30 epochs/s)
epoch  10900  train 8.4297e-10  test 4.2396e-09  (30 epochs/s)
epoch  11000  train 8.4250e-10  test 4.1418e-09  (30 epochs/s)
epoch  11100  train 8.4204e-10  test 4.0751e-09  (30 epochs/s)
epoch  11200  train 8.4149e-10  test 3.9964e-09  (30 epochs/s)
epoch  11300  train 8.4111e-10  test 3.9431e-09  (30 epochs/s)
epoch  11400  train 8.4068e-10  test 3.9061e-09  (30 epochs/s)
epoch  11500  train 8.4023e-10  test 3.8710e-09  (30 epochs/s)
epoch  11600  train 8.3982e-10  test 3.8349e-09  (30 epochs/s)
epoch  11700  train 8.3942e-10  test 3.8063e-09  (30 epochs/s)
epoch  11800  train 8.3907e-10  test 3.7805e-09  (30 epochs/s)
epoch  11900  train 8.3872e-10  test 3.7598e-09  (30 epochs/s)
epoch  12000  train 8.3837e-10  test 3.7449e-09  (30 epochs/s)
epoch  12100  train 8.3799e-10  test 3.7150e-09  (30 epochs/s)
epoch  12200  train 8.3773e-10  test 3.6958e-09  (30 epochs/s)
epoch  12300  train 8.3739e-10  test 3.6828e-09  (30 epochs/s)
epoch  12400  train 8.3706e-10  test 3.6677e-09  (30 epochs/s)
epoch  12500  train 8.3680e-10  test 3.6551e-09  (30 epochs/s)
epoch  12600  train 8.3648e-10  test 3.6478e-09  (30 epochs/s)
epoch  12700  train 8.3626e-10  test 3.6413e-09  (30 epochs/s)
epoch  12800  train 8.3596e-10  test 3.6309e-09  (30 epochs/s)
epoch  12900  train 8.3572e-10  test 3.6266e-09  (30 epochs/s)
epoch  13000  train 8.3549e-10  test 3.6131e-09  (30 epochs/s)
epoch  13100  train 8.3524e-10  test 3.6071e-09  (30 epochs/s)
epoch  13200  train 8.3502e-10  test 3.6043e-09  (30 epochs/s)
epoch  13300  train 8.3481e-10  test 3.6096e-09  (30 epochs/s)
epoch  13400  train 8.3459e-10  test 3.6050e-09  (30 epochs/s)
epoch  13500  train 8.3437e-10  test 3.6110e-09  (30 epochs/s)
epoch  13600  train 8.3418e-10  test 3.6166e-09  (30 epochs/s)
epoch  13700  train 8.3390e-10  test 3.6266e-09  (30 epochs/s)
epoch  13800  train 8.3374e-10  test 3.6352e-09  (30 epochs/s)
epoch  13900  train 8.3354e-10  test 3.6534e-09  (30 epochs/s)
epoch  14000  train 8.3331e-10  test 3.6597e-09  (30 epochs/s)
epoch  14100  train 8.3314e-10  test 3.6727e-09  (30 epochs/s)
epoch  14200  train 8.3299e-10  test 3.6807e-09  (30 epochs/s)
epoch  14300  train 8.3284e-10  test 3.6988e-09  (30 epochs/s)
epoch  14400  train 8.3283e-10  test 3.7178e-09  (30 epochs/s)
epoch  14500  train 8.3245e-10  test 3.7401e-09  (30 epochs/s)
epoch  14600  train 8.3221e-10  test 3.7732e-09  (30 epochs/s)
epoch  14700  train 8.3199e-10  test 3.9118e-09  (30 epochs/s)
epoch  14800  train 8.3193e-10  test 4.0152e-09  (30 epochs/s)
epoch  14900  train 8.3183e-10  test 4.0956e-09  (30 epochs/s)
epoch  15000  train 8.3174e-10  test 4.1911e-09  (30 epochs/s)
epoch  15100  train 8.3161e-10  test 4.2681e-09  (30 epochs/s)
epoch  15200  train 8.3142e-10  test 4.3536e-09  (30 epochs/s)
epoch  15300  train 8.3134e-10  test 4.4391e-09  (30 epochs/s)
epoch  15400  train 8.3125e-10  test 4.5113e-09  (30 epochs/s)
epoch  15500  train 8.3116e-10  test 4.5829e-09  (30 epochs/s)
epoch  15600  train 8.3103e-10  test 4.6589e-09  (30 epochs/s)
epoch  15700  train 8.3096e-10  test 4.7261e-09  (30 epochs/s)
epoch  15800  train 8.3082e-10  test 4.8120e-09  (30 epochs/s)
epoch  15900  train 8.3070e-10  test 4.8863e-09  (30 epochs/s)
epoch  16000  train 8.3060e-10  test 4.9789e-09  (30 epochs/s)
epoch  16100  train 8.3048e-10  test 5.0531e-09  (30 epochs/s)
epoch  16200  train 8.3038e-10  test 5.1232e-09  (30 epochs/s)
epoch  16300  train 8.3027e-10  test 5.1942e-09  (30 epochs/s)
epoch  16400  train 8.3022e-10  test 5.2778e-09  (30 epochs/s)
epoch  16500  train 8.3013e-10  test 5.3506e-09  (30 epochs/s)
epoch  16600  train 8.3002e-10  test 5.4429e-09  (30 epochs/s)
epoch  16700  train 8.2994e-10  test 5.5182e-09  (30 epochs/s)
epoch  16800  train 8.2986e-10  test 5.5789e-09  (30 epochs/s)
epoch  16900  train 8.2968e-10  test 5.6410e-09  (30 epochs/s)
epoch  17000  train 8.2961e-10  test 5.6736e-09  (30 epochs/s)
epoch  17100  train 8.2952e-10  test 5.7068e-09  (30 epochs/s)
epoch  17200  train 8.2940e-10  test 5.7590e-09  (30 epochs/s)
epoch  17300  train 8.2938e-10  test 5.8147e-09  (30 epochs/s)
epoch  17400  train 8.2930e-10  test 5.9012e-09  (30 epochs/s)
epoch  17500  train 8.2916e-10  test 5.9383e-09  (30 epochs/s)
epoch  17600  train 8.2901e-10  test 5.9827e-09  (30 epochs/s)
epoch  17700  train 8.2897e-10  test 6.0443e-09  (30 epochs/s)
epoch  17800  train 8.2895e-10  test 6.0856e-09  (30 epochs/s)
epoch  17900  train 8.2886e-10  test 6.1699e-09  (30 epochs/s)
epoch  18000  train 8.2879e-10  test 6.2069e-09  (30 epochs/s)
epoch  18100  train 8.2869e-10  test 6.2704e-09  (30 epochs/s)
epoch  18200  train 8.2872e-10  test 6.2811e-09  (30 epochs/s)
epoch  18300  train 8.2853e-10  test 6.3004e-09  (30 epochs/s)
epoch  18400  train 8.2845e-10  test 6.3156e-09  (30 epochs/s)
epoch  18500  train 8.2836e-10  test 6.3425e-09  (30 epochs/s)
epoch  18600  train 8.2830e-10  test 6.3588e-09  (30 epochs/s)
epoch  18700  train 8.2825e-10  test 6.3935e-09  (30 epochs/s)
epoch  18800  train 8.2792e-10  test 6.3914e-09  (30 epochs/s)
epoch  18900  train 8.2787e-10  test 6.2366e-09  (30 epochs/s)
epoch  19000  train 8.2778e-10  test 6.2959e-09  (30 epochs/s)
epoch  19100  train 8.2783e-10  test 6.3407e-09  (30 epochs/s)
epoch  19200  train 8.2778e-10  test 6.3381e-09  (30 epochs/s)
epoch  19300  train 8.2771e-10  test 6.3460e-09  (30 epochs/s)
epoch  19400  train 8.2762e-10  test 6.3204e-09  (30 epochs/s)
epoch  19500  train 8.2760e-10  test 6.2886e-09  (30 epochs/s)
epoch  19600  train 8.2756e-10  test 6.2987e-09  (30 epochs/s)
epoch  19700  train 8.2746e-10  test 6.3299e-09  (30 epochs/s)
epoch  19800  train 8.2738e-10  test 6.3719e-09  (30 epochs/s)
epoch  19900  train 8.2740e-10  test 6.4156e-09  (30 epochs/s)
epoch  20000  train 8.2738e-10  test 6.4856e-09  (30 epochs/s)
done: 20000 epochs in 673s -> runs/epsfloor/p-113/seed2034/seed1004
EPSFLOOR-DONE
skip runs/phase2-noise2/p-113/seed2034/seed11285 (done)
=== phase2-noise2 sigma0.2-until16k init 33428 (00:45:19) ===
train: 3830  test: 8939
epoch    100  train 3.6144e+00  test 6.1220e+00  (33 epochs/s)
epoch    200  train 1.8660e+00  test 7.4990e+00  (30 epochs/s)
epoch    300  train 8.8022e-01  test 8.1541e+00  (28 epochs/s)
epoch    400  train 4.0239e-01  test 8.0082e+00  (28 epochs/s)
epoch    500  train 2.1690e-01  test 7.3678e+00  (29 epochs/s)
epoch    600  train 1.0537e-01  test 6.6092e+00  (29 epochs/s)
epoch    700  train 6.9142e-02  test 5.9364e+00  (29 epochs/s)
epoch    800  train 4.6928e-02  test 5.4191e+00  (30 epochs/s)
epoch    900  train 3.2955e-02  test 4.9596e+00  (30 epochs/s)
epoch   1000  train 2.0030e-02  test 4.5742e+00  (30 epochs/s)
epoch   1100  train 1.4032e-02  test 4.2091e+00  (30 epochs/s)
epoch   1200  train 9.7790e-03  test 3.7500e+00  (30 epochs/s)
epoch   1300  train 6.9503e-03  test 3.1942e+00  (30 epochs/s)
epoch   1400  train 4.4337e-03  test 2.5474e+00  (30 epochs/s)
epoch   1500  train 2.8181e-03  test 1.8707e+00  (30 epochs/s)
epoch   1600  train 1.6088e-03  test 1.1997e+00  (30 epochs/s)
epoch   1700  train 8.6228e-04  test 6.7532e-01  (30 epochs/s)
epoch   1800  train 3.9736e-04  test 2.8706e-01  (30 epochs/s)
epoch   1900  train 1.4903e-04  test 1.0254e-01  (30 epochs/s)
epoch   2000  train 1.2103e-04  test 4.2492e-02  (30 epochs/s)
epoch   2100  train 6.9709e-05  test 1.5200e-02  (30 epochs/s)
epoch   2200  train 2.4247e-05  test 7.3782e-03  (30 epochs/s)
epoch   2300  train 1.0947e-05  test 4.1845e-03  (30 epochs/s)
epoch   2400  train 4.1585e-06  test 2.3595e-03  (30 epochs/s)
epoch   2500  train 2.2771e-06  test 1.4646e-03  (30 epochs/s)
epoch   2600  train 1.3909e-06  test 5.8308e-04  (30 epochs/s)
epoch   2700  train 4.7746e-07  test 4.1956e-04  (30 epochs/s)
epoch   2800  train 4.4658e-07  test 1.3845e-04  (30 epochs/s)
epoch   2900  train 3.4117e-07  test 4.6580e-05  (30 epochs/s)
epoch   3000  train 1.7326e-07  test 2.9524e-05  (30 epochs/s)
epoch   3100  train 2.6846e-07  test 1.0707e-05  (30 epochs/s)
epoch   3200  train 1.9795e-07  test 5.6247e-06  (30 epochs/s)
epoch   3300  train 1.6167e-07  test 7.6992e-06  (30 epochs/s)
epoch   3400  train 2.4492e-07  test 1.3502e-05  (30 epochs/s)
epoch   3500  train 1.5787e-07  test 4.7837e-06  (30 epochs/s)
epoch   3600  train 2.6813e-07  test 2.2633e-06  (30 epochs/s)
epoch   3700  train 1.1080e-07  test 1.9908e-06  (30 epochs/s)
epoch   3800  train 1.1418e-07  test 1.8795e-06  (30 epochs/s)
epoch   3900  train 1.2218e-07  test 1.1513e-06  (30 epochs/s)
epoch   4000  train 1.4573e-07  test 1.1861e-06  (30 epochs/s)
epoch   4100  train 1.2210e-07  test 9.0510e-07  (30 epochs/s)
epoch   4200  train 2.4971e-07  test 6.6259e-07  (30 epochs/s)
epoch   4300  train 1.2093e-07  test 6.3249e-07  (30 epochs/s)
epoch   4400  train 1.2621e-07  test 5.7471e-07  (30 epochs/s)
epoch   4500  train 1.1343e-07  test 4.4747e-07  (30 epochs/s)
epoch   4600  train 1.2471e-07  test 6.3447e-07  (30 epochs/s)
epoch   4700  train 1.3190e-07  test 5.0911e-07  (30 epochs/s)
epoch   4800  train 1.6358e-07  test 4.5373e-07  (30 epochs/s)
epoch   4900  train 1.4814e-07  test 3.3947e-07  (30 epochs/s)
epoch   5000  train 2.1607e-07  test 2.1317e-07  (30 epochs/s)
epoch   5100  train 1.0318e-07  test 2.1569e-07  (30 epochs/s)
epoch   5200  train 1.0787e-07  test 2.2030e-07  (30 epochs/s)
epoch   5300  train 1.2408e-07  test 2.2313e-07  (30 epochs/s)
epoch   5400  train 1.2098e-07  test 1.9920e-07  (30 epochs/s)
epoch   5500  train 1.6974e-07  test 2.2900e-07  (30 epochs/s)
epoch   5600  train 1.0058e-07  test 1.9351e-07  (30 epochs/s)
epoch   5700  train 1.2675e-07  test 1.9652e-07  (30 epochs/s)
epoch   5800  train 1.0801e-07  test 1.8107e-07  (30 epochs/s)
epoch   5900  train 9.8694e-08  test 2.0828e-07  (30 epochs/s)
epoch   6000  train 1.0267e-07  test 1.6638e-07  (30 epochs/s)
epoch   6100  train 1.2481e-07  test 1.7561e-07  (30 epochs/s)
epoch   6200  train 1.1259e-07  test 1.5631e-07  (29 epochs/s)
epoch   6300  train 1.2082e-07  test 1.8839e-07  (29 epochs/s)
epoch   6400  train 1.1601e-07  test 1.9807e-07  (29 epochs/s)
epoch   6500  train 1.3415e-07  test 2.0260e-07  (29 epochs/s)
epoch   6600  train 1.1353e-07  test 1.8509e-07  (29 epochs/s)
epoch   6700  train 1.0030e-07  test 1.5323e-07  (29 epochs/s)
epoch   6800  train 1.7189e-07  test 2.4441e-07  (29 epochs/s)
epoch   6900  train 1.0729e-07  test 2.0242e-07  (29 epochs/s)
epoch   7000  train 1.0060e-07  test 1.9286e-07  (29 epochs/s)
epoch   7100  train 1.0469e-07  test 2.1217e-07  (29 epochs/s)
epoch   7200  train 1.2233e-07  test 2.0001e-07  (29 epochs/s)
epoch   7300  train 1.1276e-07  test 1.8754e-07  (29 epochs/s)
epoch   7400  train 1.0171e-07  test 2.1090e-07  (29 epochs/s)
epoch   7500  train 1.0712e-07  test 1.9986e-07  (29 epochs/s)
epoch   7600  train 9.7073e-08  test 2.1410e-07  (29 epochs/s)
epoch   7700  train 1.0855e-07  test 2.5730e-07  (29 epochs/s)
epoch   7800  train 9.9632e-08  test 2.3892e-07  (29 epochs/s)
epoch   7900  train 1.0758e-07  test 2.4240e-07  (29 epochs/s)
epoch   8000  train 1.0887e-07  test 2.2748e-07  (29 epochs/s)
epoch   8100  train 1.0137e-07  test 2.1908e-07  (29 epochs/s)
epoch   8200  train 1.1711e-07  test 2.1683e-07  (29 epochs/s)
epoch   8300  train 1.1646e-07  test 2.2879e-07  (29 epochs/s)
epoch   8400  train 1.0130e-07  test 2.4760e-07  (29 epochs/s)
epoch   8500  train 1.3306e-07  test 2.2002e-07  (29 epochs/s)
epoch   8600  train 1.0806e-07  test 2.4982e-07  (29 epochs/s)
epoch   8700  train 1.2224e-07  test 2.5441e-07  (29 epochs/s)
epoch   8800  train 1.0133e-07  test 2.4155e-07  (29 epochs/s)
epoch   8900  train 1.0265e-07  test 2.5542e-07  (29 epochs/s)
epoch   9000  train 1.1076e-07  test 2.6037e-07  (29 epochs/s)
epoch   9100  train 1.0169e-07  test 2.7248e-07  (29 epochs/s)
epoch   9200  train 1.3266e-07  test 2.5315e-07  (29 epochs/s)
epoch   9300  train 1.0142e-07  test 2.8336e-07  (29 epochs/s)
epoch   9400  train 1.0429e-07  test 2.7252e-07  (29 epochs/s)
epoch   9500  train 9.8753e-08  test 2.6450e-07  (29 epochs/s)
epoch   9600  train 1.1546e-07  test 2.8164e-07  (29 epochs/s)
epoch   9700  train 1.0009e-07  test 2.7365e-07  (29 epochs/s)
epoch   9800  train 1.0763e-07  test 2.7814e-07  (29 epochs/s)
epoch   9900  train 9.9686e-08  test 2.8667e-07  (29 epochs/s)
epoch  10000  train 1.1181e-07  test 3.0116e-07  (29 epochs/s)
epoch  10100  train 1.0004e-07  test 2.9722e-07  (29 epochs/s)
epoch  10200  train 9.7517e-08  test 2.7333e-07  (29 epochs/s)
epoch  10300  train 1.0411e-07  test 2.7576e-07  (29 epochs/s)
epoch  10400  train 1.0524e-07  test 3.0621e-07  (29 epochs/s)
epoch  10500  train 9.8531e-08  test 3.0953e-07  (29 epochs/s)
epoch  10600  train 9.9885e-08  test 2.9244e-07  (29 epochs/s)
epoch  10700  train 9.5278e-08  test 3.0236e-07  (29 epochs/s)
epoch  10800  train 1.0074e-07  test 3.1541e-07  (29 epochs/s)
epoch  10900  train 1.0091e-07  test 3.2185e-07  (29 epochs/s)
epoch  11000  train 1.0088e-07  test 3.0395e-07  (29 epochs/s)
epoch  11100  train 1.0978e-07  test 3.3050e-07  (29 epochs/s)
epoch  11200  train 9.7774e-08  test 3.1045e-07  (29 epochs/s)
epoch  11300  train 1.1667e-07  test 3.2598e-07  (29 epochs/s)
epoch  11400  train 1.0021e-07  test 3.2523e-07  (29 epochs/s)
epoch  11500  train 1.1132e-07  test 3.2860e-07  (29 epochs/s)
epoch  11600  train 1.0585e-07  test 3.2587e-07  (29 epochs/s)
epoch  11700  train 9.6089e-08  test 3.2343e-07  (29 epochs/s)
epoch  11800  train 9.6841e-08  test 3.2329e-07  (29 epochs/s)
epoch  11900  train 9.9670e-08  test 3.3377e-07  (29 epochs/s)
epoch  12000  train 9.6436e-08  test 3.3339e-07  (29 epochs/s)
epoch  12100  train 1.0110e-07  test 3.1913e-07  (29 epochs/s)
epoch  12200  train 9.5299e-08  test 3.3303e-07  (29 epochs/s)
epoch  12300  train 9.8811e-08  test 3.5536e-07  (29 epochs/s)
epoch  12400  train 9.8337e-08  test 3.5630e-07  (29 epochs/s)
epoch  12500  train 9.9369e-08  test 3.5576e-07  (29 epochs/s)
epoch  12600  train 1.0433e-07  test 3.6912e-07  (29 epochs/s)
epoch  12700  train 9.9771e-08  test 3.4663e-07  (29 epochs/s)
epoch  12800  train 9.9628e-08  test 3.5106e-07  (29 epochs/s)
epoch  12900  train 9.4908e-08  test 3.5212e-07  (29 epochs/s)
epoch  13000  train 1.0296e-07  test 3.5809e-07  (29 epochs/s)
epoch  13100  train 9.4886e-08  test 3.5070e-07  (29 epochs/s)
epoch  13200  train 9.8145e-08  test 3.5971e-07  (29 epochs/s)
epoch  13300  train 1.0096e-07  test 3.6804e-07  (29 epochs/s)
epoch  13400  train 9.7123e-08  test 3.6220e-07  (29 epochs/s)
epoch  13500  train 9.7014e-08  test 3.6644e-07  (29 epochs/s)
epoch  13600  train 9.6583e-08  test 3.6283e-07  (29 epochs/s)
epoch  13700  train 9.8137e-08  test 3.6710e-07  (29 epochs/s)
epoch  13800  train 9.8498e-08  test 3.7620e-07  (29 epochs/s)
epoch  13900  train 9.7259e-08  test 3.6942e-07  (29 epochs/s)
epoch  14000  train 9.7112e-08  test 3.8091e-07  (29 epochs/s)
epoch  14100  train 9.8024e-08  test 3.8223e-07  (29 epochs/s)
epoch  14200  train 9.6392e-08  test 3.7767e-07  (29 epochs/s)
epoch  14300  train 9.8400e-08  test 3.9767e-07  (29 epochs/s)
epoch  14400  train 9.9899e-08  test 3.8354e-07  (29 epochs/s)
epoch  14500  train 9.8098e-08  test 3.8986e-07  (29 epochs/s)
epoch  14600  train 9.6672e-08  test 3.8873e-07  (29 epochs/s)
epoch  14700  train 9.7147e-08  test 3.8524e-07  (29 epochs/s)
epoch  14800  train 9.7838e-08  test 3.8887e-07  (29 epochs/s)
epoch  14900  train 9.7714e-08  test 3.9241e-07  (29 epochs/s)
epoch  15000  train 9.7452e-08  test 3.9638e-07  (29 epochs/s)
epoch  15100  train 9.7098e-08  test 3.9225e-07  (29 epochs/s)
epoch  15200  train 9.7657e-08  test 3.8762e-07  (29 epochs/s)
epoch  15300  train 9.7582e-08  test 3.9512e-07  (29 epochs/s)
epoch  15400  train 9.7160e-08  test 3.9262e-07  (29 epochs/s)
epoch  15500  train 9.6622e-08  test 3.9238e-07  (29 epochs/s)
epoch  15600  train 9.7409e-08  test 3.9356e-07  (29 epochs/s)
epoch  15700  train 9.6878e-08  test 3.9282e-07  (29 epochs/s)
epoch  15800  train 9.6966e-08  test 3.9196e-07  (29 epochs/s)
epoch  15900  train 9.6832e-08  test 3.9216e-07  (29 epochs/s)
epoch  16000  train 9.6872e-08  test 3.9173e-07  (29 epochs/s)
epoch  16100  train 9.6859e-08  test 3.9119e-07  (29 epochs/s)
epoch  16200  train 9.6856e-08  test 3.9054e-07  (29 epochs/s)
epoch  16300  train 9.6852e-08  test 3.8989e-07  (29 epochs/s)
epoch  16400  train 9.6847e-08  test 3.8930e-07  (29 epochs/s)
epoch  16500  train 9.6844e-08  test 3.8875e-07  (29 epochs/s)
epoch  16600  train 9.6839e-08  test 3.8837e-07  (29 epochs/s)
epoch  16700  train 9.6834e-08  test 3.8765e-07  (29 epochs/s)
epoch  16800  train 9.6829e-08  test 3.8708e-07  (29 epochs/s)
epoch  16900  train 9.6825e-08  test 3.8671e-07  (29 epochs/s)
epoch  17000  train 9.6820e-08  test 3.8622e-07  (29 epochs/s)
epoch  17100  train 9.6818e-08  test 3.8586e-07  (29 epochs/s)
epoch  17200  train 9.6812e-08  test 3.8531e-07  (29 epochs/s)
epoch  17300  train 9.6808e-08  test 3.8507e-07  (29 epochs/s)
epoch  17400  train 9.6803e-08  test 3.8441e-07  (29 epochs/s)
epoch  17500  train 9.6799e-08  test 3.8386e-07  (29 epochs/s)
epoch  17600  train 9.6795e-08  test 3.8345e-07  (29 epochs/s)
epoch  17700  train 9.6791e-08  test 3.8296e-07  (29 epochs/s)
epoch  17800  train 9.6788e-08  test 3.8269e-07  (29 epochs/s)
epoch  17900  train 9.6785e-08  test 3.8218e-07  (29 epochs/s)
epoch  18000  train 9.6779e-08  test 3.8181e-07  (29 epochs/s)
epoch  18100  train 9.6774e-08  test 3.8131e-07  (29 epochs/s)
epoch  18200  train 9.6770e-08  test 3.8092e-07  (29 epochs/s)
epoch  18300  train 9.6769e-08  test 3.8054e-07  (29 epochs/s)
epoch  18400  train 9.6763e-08  test 3.8028e-07  (29 epochs/s)
epoch  18500  train 9.6760e-08  test 3.7987e-07  (29 epochs/s)
epoch  18600  train 9.6757e-08  test 3.7954e-07  (29 epochs/s)
epoch  18700  train 9.6753e-08  test 3.7896e-07  (29 epochs/s)
epoch  18800  train 9.6751e-08  test 3.7851e-07  (29 epochs/s)
epoch  18900  train 9.6749e-08  test 3.7807e-07  (29 epochs/s)
epoch  19000  train 9.6744e-08  test 3.7781e-07  (29 epochs/s)
epoch  19100  train 9.6737e-08  test 3.7741e-07  (29 epochs/s)
epoch  19200  train 9.6734e-08  test 3.7721e-07  (29 epochs/s)
epoch  19300  train 9.6731e-08  test 3.7715e-07  (29 epochs/s)
epoch  19400  train 9.6727e-08  test 3.7687e-07  (29 epochs/s)
epoch  19500  train 9.6722e-08  test 3.7639e-07  (29 epochs/s)
epoch  19600  train 9.6718e-08  test 3.7615e-07  (29 epochs/s)
epoch  19700  train 9.6716e-08  test 3.7568e-07  (29 epochs/s)
epoch  19800  train 9.6712e-08  test 3.7532e-07  (29 epochs/s)
epoch  19900  train 9.6709e-08  test 3.7495e-07  (29 epochs/s)
epoch  20000  train 9.6704e-08  test 3.7452e-07  (29 epochs/s)
done: 20000 epochs in 688s -> runs/phase2-noise2/p-113/seed2034/seed33428
=== phase2-noise2 sigma0.2-until16k init 777 (00:56:47) ===
train: 3830  test: 8939
epoch    100  train 3.5445e+00  test 6.2468e+00  (29 epochs/s)
epoch    200  train 1.9209e+00  test 8.1436e+00  (28 epochs/s)
epoch    300  train 1.0049e+00  test 9.3468e+00  (27 epochs/s)
epoch    400  train 5.4795e-01  test 9.8204e+00  (28 epochs/s)
epoch    500  train 3.4316e-01  test 9.8955e+00  (28 epochs/s)
epoch    600  train 2.1838e-01  test 9.7242e+00  (28 epochs/s)
epoch    700  train 1.5134e-01  test 9.4667e+00  (28 epochs/s)
epoch    800  train 1.0469e-01  test 9.0727e+00  (28 epochs/s)
epoch    900  train 6.7786e-02  test 8.7011e+00  (28 epochs/s)
epoch   1000  train 4.8090e-02  test 8.3469e+00  (28 epochs/s)
epoch   1100  train 3.8634e-02  test 7.9464e+00  (28 epochs/s)
epoch   1200  train 2.6733e-02  test 7.5195e+00  (28 epochs/s)
epoch   1300  train 1.9646e-02  test 6.9710e+00  (28 epochs/s)
epoch   1400  train 1.3753e-02  test 6.4049e+00  (28 epochs/s)
epoch   1500  train 1.2490e-02  test 5.7468e+00  (28 epochs/s)
epoch   1600  train 7.4100e-03  test 5.0237e+00  (28 epochs/s)
epoch   1700  train 6.2643e-03  test 4.2180e+00  (28 epochs/s)
epoch   1800  train 4.4343e-03  test 3.3674e+00  (28 epochs/s)
epoch   1900  train 2.7937e-03  test 2.6055e+00  (28 epochs/s)
epoch   2000  train 2.4200e-03  test 1.9704e+00  (28 epochs/s)
epoch   2100  train 1.4411e-03  test 1.4041e+00  (28 epochs/s)
epoch   2200  train 1.8050e-03  test 1.0482e+00  (28 epochs/s)
epoch   2300  train 1.3338e-03  test 7.1857e-01  (28 epochs/s)
epoch   2400  train 7.0751e-04  test 5.2947e-01  (28 epochs/s)
epoch   2500  train 8.6487e-04  test 3.9382e-01  (28 epochs/s)
epoch   2600  train 6.4120e-04  test 2.6659e-01  (28 epochs/s)
epoch   2700  train 3.0309e-03  test 2.3620e-01  (28 epochs/s)
epoch   2800  train 6.8352e-04  test 1.4376e-01  (28 epochs/s)
epoch   2900  train 3.5030e-04  test 1.0629e-01  (28 epochs/s)
epoch   3000  train 5.0218e-04  test 8.5910e-02  (28 epochs/s)
epoch   3100  train 3.8401e-04  test 5.0800e-02  (28 epochs/s)
epoch   3200  train 2.1814e-04  test 3.2188e-02  (28 epochs/s)
epoch   3300  train 2.6393e-04  test 2.3785e-02  (28 epochs/s)
epoch   3400  train 9.5163e-05  test 1.1548e-02  (28 epochs/s)
epoch   3500  train 1.8267e-04  test 1.0006e-02  (28 epochs/s)
epoch   3600  train 9.1696e-05  test 3.8676e-03  (28 epochs/s)
epoch   3700  train 4.4498e-05  test 2.0057e-03  (28 epochs/s)
epoch   3800  train 2.2550e-05  test 1.4998e-03  (28 epochs/s)
epoch   3900  train 1.6396e-04  test 2.1306e-03  (28 epochs/s)
epoch   4000  train 4.7058e-05  test 5.9396e-04  (28 epochs/s)
epoch   4100  train 2.4925e-05  test 3.0750e-04  (28 epochs/s)
epoch   4200  train 9.8584e-06  test 1.4438e-04  (28 epochs/s)
epoch   4300  train 3.6945e-05  test 2.0994e-04  (28 epochs/s)
epoch   4400  train 2.5896e-05  test 1.5194e-04  (28 epochs/s)
epoch   4500  train 1.1646e-05  test 6.7978e-05  (28 epochs/s)
epoch   4600  train 5.7224e-06  test 5.5132e-05  (28 epochs/s)
epoch   4700  train 1.8419e-06  test 8.6315e-06  (28 epochs/s)
epoch   4800  train 9.6469e-06  test 3.3240e-04  (28 epochs/s)
epoch   4900  train 1.1839e-05  test 6.0770e-05  (28 epochs/s)
epoch   5000  train 6.4668e-06  test 1.2523e-05  (28 epochs/s)
epoch   5100  train 2.5820e-06  test 4.3669e-06  (28 epochs/s)
epoch   5200  train 1.2611e-06  test 1.6748e-06  (28 epochs/s)
epoch   5300  train 5.6993e-07  test 7.4999e-07  (28 epochs/s)
epoch   5400  train 2.4962e-07  test 4.0985e-07  (28 epochs/s)
epoch   5500  train 1.8982e-07  test 2.3075e-07  (28 epochs/s)
epoch   5600  train 1.5746e-07  test 1.5132e-07  (28 epochs/s)
epoch   5700  train 2.1170e-07  test 1.1900e-07  (28 epochs/s)
epoch   5800  train 1.1739e-07  test 1.2956e-07  (28 epochs/s)
epoch   5900  train 1.1953e-07  test 9.6906e-08  (28 epochs/s)
epoch   6000  train 1.1218e-07  test 9.9853e-08  (28 epochs/s)
epoch   6100  train 1.1116e-07  test 9.3538e-08  (28 epochs/s)
epoch   6200  train 1.3782e-07  test 1.0283e-07  (28 epochs/s)
epoch   6300  train 1.3163e-07  test 9.5302e-08  (28 epochs/s)
epoch   6400  train 1.0455e-07  test 9.1609e-08  (28 epochs/s)
epoch   6500  train 1.4624e-07  test 1.0328e-07  (28 epochs/s)
epoch   6600  train 1.3279e-07  test 1.0354e-07  (28 epochs/s)
epoch   6700  train 1.2991e-07  test 9.2849e-08  (28 epochs/s)
epoch   6800  train 1.1540e-07  test 1.0134e-07  (28 epochs/s)
epoch   6900  train 1.1601e-07  test 9.9554e-08  (28 epochs/s)
epoch   7000  train 1.1654e-07  test 9.5016e-08  (29 epochs/s)
epoch   7100  train 1.2804e-07  test 9.9842e-08  (29 epochs/s)
epoch   7200  train 1.3074e-07  test 9.5707e-08  (29 epochs/s)
epoch   7300  train 1.3934e-07  test 1.0993e-07  (29 epochs/s)
epoch   7400  train 1.0151e-07  test 1.0088e-07  (29 epochs/s)
epoch   7500  train 1.0248e-07  test 1.0187e-07  (29 epochs/s)
epoch   7600  train 1.8592e-07  test 1.0950e-07  (29 epochs/s)
epoch   7700  train 1.0041e-07  test 1.0983e-07  (29 epochs/s)
epoch   7800  train 1.2641e-07  test 1.0788e-07  (29 epochs/s)
epoch   7900  train 1.1610e-07  test 1.1745e-07  (29 epochs/s)
epoch   8000  train 1.0970e-07  test 1.1930e-07  (29 epochs/s)
epoch   8100  train 1.0681e-07  test 1.2389e-07  (29 epochs/s)
epoch   8200  train 1.0367e-07  test 1.2580e-07  (29 epochs/s)
epoch   8300  train 1.0374e-07  test 1.1877e-07  (29 epochs/s)
epoch   8400  train 1.0810e-07  test 1.2502e-07  (29 epochs/s)
epoch   8500  train 1.1772e-07  test 1.2644e-07  (29 epochs/s)
epoch   8600  train 1.1681e-07  test 1.2897e-07  (29 epochs/s)
epoch   8700  train 1.0847e-07  test 1.2203e-07  (29 epochs/s)
epoch   8800  train 1.1220e-07  test 1.2440e-07  (29 epochs/s)
epoch   8900  train 1.1844e-07  test 1.2454e-07  (29 epochs/s)
epoch   9000  train 1.0560e-07  test 1.3467e-07  (29 epochs/s)
epoch   9100  train 9.7672e-08  test 1.3082e-07  (29 epochs/s)
epoch   9200  train 1.0688e-07  test 1.3380e-07  (29 epochs/s)
epoch   9300  train 1.0750e-07  test 1.3104e-07  (29 epochs/s)
epoch   9400  train 9.8117e-08  test 1.3654e-07  (29 epochs/s)
epoch   9500  train 1.2104e-07  test 1.3990e-07  (29 epochs/s)
epoch   9600  train 1.1965e-07  test 1.4067e-07  (29 epochs/s)
epoch   9700  train 1.0315e-07  test 1.4248e-07  (29 epochs/s)
epoch   9800  train 1.1145e-07  test 1.4412e-07  (29 epochs/s)
epoch   9900  train 1.0689e-07  test 1.4511e-07  (29 epochs/s)
epoch  10000  train 1.0015e-07  test 1.4972e-07  (29 epochs/s)
epoch  10100  train 1.1697e-07  test 1.5202e-07  (29 epochs/s)
epoch  10200  train 1.1297e-07  test 1.5269e-07  (29 epochs/s)
epoch  10300  train 1.0783e-07  test 1.5221e-07  (29 epochs/s)
epoch  10400  train 1.1531e-07  test 1.5482e-07  (29 epochs/s)
epoch  10500  train 9.8479e-08  test 1.5131e-07  (29 epochs/s)
epoch  10600  train 1.0087e-07  test 1.5908e-07  (29 epochs/s)
epoch  10700  train 1.1045e-07  test 1.5683e-07  (29 epochs/s)
epoch  10800  train 1.0614e-07  test 1.5850e-07  (29 epochs/s)
epoch  10900  train 1.0279e-07  test 1.6305e-07  (29 epochs/s)
epoch  11000  train 1.1295e-07  test 1.6272e-07  (29 epochs/s)
epoch  11100  train 1.1242e-07  test 1.6885e-07  (29 epochs/s)
epoch  11200  train 1.0743e-07  test 1.6404e-07  (29 epochs/s)
epoch  11300  train 1.1187e-07  test 1.7012e-07  (29 epochs/s)
epoch  11400  train 1.0500e-07  test 1.6681e-07  (29 epochs/s)
epoch  11500  train 9.9263e-08  test 1.6735e-07  (29 epochs/s)
epoch  11600  train 9.9095e-08  test 1.7149e-07  (29 epochs/s)
epoch  11700  train 9.8742e-08  test 1.6866e-07  (29 epochs/s)
epoch  11800  train 1.1226e-07  test 1.7477e-07  (29 epochs/s)
epoch  11900  train 1.0436e-07  test 1.7434e-07  (29 epochs/s)
epoch  12000  train 1.1100e-07  test 1.7783e-07  (29 epochs/s)
epoch  12100  train 1.0091e-07  test 1.7729e-07  (29 epochs/s)
epoch  12200  train 1.0019e-07  test 1.7581e-07  (29 epochs/s)
epoch  12300  train 1.0336e-07  test 1.7877e-07  (29 epochs/s)
epoch  12400  train 1.0456e-07  test 1.8084e-07  (29 epochs/s)
epoch  12500  train 1.0604e-07  test 1.8162e-07  (29 epochs/s)
epoch  12600  train 1.0437e-07  test 1.8750e-07  (29 epochs/s)
epoch  12700  train 1.0587e-07  test 1.8503e-07  (29 epochs/s)
epoch  12800  train 1.0550e-07  test 1.8677e-07  (29 epochs/s)
epoch  12900  train 9.9698e-08  test 1.9360e-07  (29 epochs/s)
epoch  13000  train 1.0510e-07  test 1.8880e-07  (29 epochs/s)
epoch  13100  train 1.0535e-07  test 1.9336e-07  (29 epochs/s)
epoch  13200  train 1.0428e-07  test 1.9029e-07  (29 epochs/s)
epoch  13300  train 1.0369e-07  test 1.9042e-07  (29 epochs/s)
epoch  13400  train 1.0619e-07  test 1.9385e-07  (29 epochs/s)
epoch  13500  train 1.0159e-07  test 1.9253e-07  (29 epochs/s)
epoch  13600  train 1.0198e-07  test 1.9484e-07  (29 epochs/s)
epoch  13700  train 1.0240e-07  test 1.9541e-07  (29 epochs/s)
epoch  13800  train 1.0048e-07  test 1.9652e-07  (29 epochs/s)
epoch  13900  train 1.0479e-07  test 1.9988e-07  (29 epochs/s)
epoch  14000  train 1.0225e-07  test 1.9838e-07  (29 epochs/s)
epoch  14100  train 1.0119e-07  test 1.9955e-07  (29 epochs/s)
epoch  14200  train 1.0381e-07  test 1.9877e-07  (29 epochs/s)
epoch  14300  train 1.0226e-07  test 1.9951e-07  (29 epochs/s)
epoch  14400  train 1.0192e-07  test 2.0041e-07  (29 epochs/s)
epoch  14500  train 1.0007e-07  test 2.0247e-07  (29 epochs/s)
epoch  14600  train 1.0168e-07  test 2.0292e-07  (29 epochs/s)
epoch  14700  train 1.0043e-07  test 2.0286e-07  (29 epochs/s)
epoch  14800  train 1.0115e-07  test 2.0310e-07  (29 epochs/s)
epoch  14900  train 1.0001e-07  test 2.0329e-07  (29 epochs/s)
epoch  15000  train 1.0154e-07  test 2.0540e-07  (29 epochs/s)
epoch  15100  train 1.0076e-07  test 2.0505e-07  (29 epochs/s)
epoch  15200  train 1.0045e-07  test 2.0552e-07  (29 epochs/s)
epoch  15300  train 1.0046e-07  test 2.0488e-07  (29 epochs/s)
epoch  15400  train 9.9821e-08  test 2.0598e-07  (29 epochs/s)
epoch  15500  train 1.0027e-07  test 2.0636e-07  (29 epochs/s)
epoch  15600  train 1.0038e-07  test 2.0633e-07  (29 epochs/s)
epoch  15700  train 1.0034e-07  test 2.0659e-07  (29 epochs/s)
epoch  15800  train 1.0011e-07  test 2.0708e-07  (29 epochs/s)
epoch  15900  train 1.0020e-07  test 2.0707e-07  (29 epochs/s)
epoch  16000  train 1.0016e-07  test 2.0719e-07  (29 epochs/s)
epoch  16100  train 1.0016e-07  test 2.0724e-07  (29 epochs/s)
epoch  16200  train 1.0016e-07  test 2.0730e-07  (29 epochs/s)
epoch  16300  train 1.0015e-07  test 2.0733e-07  (29 epochs/s)
epoch  16400  train 1.0015e-07  test 2.0736e-07  (29 epochs/s)
epoch  16500  train 1.0014e-07  test 2.0739e-07  (29 epochs/s)
epoch  16600  train 1.0014e-07  test 2.0741e-07  (29 epochs/s)
epoch  16700  train 1.0013e-07  test 2.0743e-07  (29 epochs/s)
epoch  16800  train 1.0013e-07  test 2.0748e-07  (29 epochs/s)
epoch  16900  train 1.0013e-07  test 2.0750e-07  (29 epochs/s)
epoch  17000  train 1.0012e-07  test 2.0752e-07  (29 epochs/s)
epoch  17100  train 1.0012e-07  test 2.0755e-07  (29 epochs/s)
epoch  17200  train 1.0011e-07  test 2.0758e-07  (29 epochs/s)
epoch  17300  train 1.0011e-07  test 2.0761e-07  (29 epochs/s)
epoch  17400  train 1.0010e-07  test 2.0765e-07  (29 epochs/s)
epoch  17500  train 1.0010e-07  test 2.0768e-07  (29 epochs/s)
epoch  17600  train 1.0010e-07  test 2.0772e-07  (29 epochs/s)
epoch  17700  train 1.0009e-07  test 2.0776e-07  (29 epochs/s)
epoch  17800  train 1.0009e-07  test 2.0779e-07  (29 epochs/s)
epoch  17900  train 1.0009e-07  test 2.0781e-07  (29 epochs/s)
epoch  18000  train 1.0008e-07  test 2.0782e-07  (29 epochs/s)
epoch  18100  train 1.0008e-07  test 2.0784e-07  (29 epochs/s)
epoch  18200  train 1.0008e-07  test 2.0786e-07  (29 epochs/s)
epoch  18300  train 1.0007e-07  test 2.0788e-07  (29 epochs/s)
epoch  18400  train 1.0007e-07  test 2.0790e-07  (29 epochs/s)
epoch  18500  train 1.0006e-07  test 2.0793e-07  (29 epochs/s)
epoch  18600  train 1.0006e-07  test 2.0795e-07  (29 epochs/s)
epoch  18700  train 1.0006e-07  test 2.0798e-07  (29 epochs/s)
epoch  18800  train 1.0005e-07  test 2.0801e-07  (29 epochs/s)
epoch  18900  train 1.0005e-07  test 2.0805e-07  (29 epochs/s)
epoch  19000  train 1.0005e-07  test 2.0808e-07  (29 epochs/s)
epoch  19100  train 1.0004e-07  test 2.0809e-07  (29 epochs/s)
epoch  19200  train 1.0004e-07  test 2.0812e-07  (29 epochs/s)
epoch  19300  train 1.0004e-07  test 2.0813e-07  (29 epochs/s)
epoch  19400  train 1.0003e-07  test 2.0814e-07  (29 epochs/s)
epoch  19500  train 1.0003e-07  test 2.0815e-07  (29 epochs/s)
epoch  19600  train 1.0003e-07  test 2.0816e-07  (29 epochs/s)
epoch  19700  train 1.0002e-07  test 2.0817e-07  (29 epochs/s)
epoch  19800  train 1.0002e-07  test 2.0817e-07  (29 epochs/s)
epoch  19900  train 1.0002e-07  test 2.0819e-07  (29 epochs/s)
epoch  20000  train 1.0001e-07  test 2.0822e-07  (29 epochs/s)
done: 20000 epochs in 695s -> runs/phase2-noise2/p-113/seed2034/seed777
=== phase2-noise2 sigma0.2-until16k init 4242 (01:08:22) ===
train: 3830  test: 8939
epoch    100  train 3.6988e+00  test 6.0029e+00  (29 epochs/s)
epoch    200  train 1.9145e+00  test 7.1494e+00  (27 epochs/s)
epoch    300  train 8.3221e-01  test 6.9851e+00  (27 epochs/s)
epoch    400  train 3.9276e-01  test 6.8773e+00  (28 epochs/s)
epoch    500  train 2.2264e-01  test 6.7434e+00  (28 epochs/s)
epoch    600  train 1.3784e-01  test 6.5449e+00  (28 epochs/s)
epoch    700  train 8.4895e-02  test 6.3057e+00  (28 epochs/s)
epoch    800  train 5.8568e-02  test 5.9738e+00  (28 epochs/s)
epoch    900  train 4.0347e-02  test 5.5903e+00  (28 epochs/s)
epoch   1000  train 2.5362e-02  test 5.1496e+00  (28 epochs/s)
epoch   1100  train 1.8611e-02  test 4.6901e+00  (28 epochs/s)
epoch   1200  train 1.0703e-02  test 4.1834e+00  (28 epochs/s)
epoch   1300  train 7.7339e-03  test 3.5926e+00  (29 epochs/s)
epoch   1400  train 5.7840e-03  test 2.9002e+00  (29 epochs/s)
epoch   1500  train 3.4076e-03  test 2.0330e+00  (29 epochs/s)
epoch   1600  train 1.6288e-03  test 1.2192e+00  (29 epochs/s)
epoch   1700  train 8.9054e-04  test 6.2835e-01  (29 epochs/s)
epoch   1800  train 5.3047e-04  test 3.2604e-01  (29 epochs/s)
epoch   1900  train 2.9199e-04  test 1.4998e-01  (29 epochs/s)
epoch   2000  train 1.8678e-04  test 7.4461e-02  (29 epochs/s)
epoch   2100  train 2.0544e-04  test 4.2873e-02  (29 epochs/s)
epoch   2200  train 1.3742e-04  test 2.3841e-02  (29 epochs/s)
epoch   2300  train 7.8006e-05  test 9.3866e-03  (29 epochs/s)
epoch   2400  train 3.7111e-05  test 3.1963e-03  (29 epochs/s)
epoch   2500  train 1.7958e-05  test 1.0834e-03  (29 epochs/s)
epoch   2600  train 7.1138e-06  test 4.2572e-04  (29 epochs/s)
epoch   2700  train 3.4919e-06  test 1.0323e-04  (29 epochs/s)
epoch   2800  train 9.9243e-06  test 1.5648e-04  (29 epochs/s)
epoch   2900  train 7.4600e-06  test 6.6200e-05  (29 epochs/s)
epoch   3000  train 2.8279e-06  test 2.0049e-05  (29 epochs/s)
epoch   3100  train 1.1087e-06  test 8.0097e-06  (29 epochs/s)
epoch   3200  train 6.1455e-07  test 2.6508e-06  (29 epochs/s)
epoch   3300  train 3.2309e-07  test 1.2991e-06  (29 epochs/s)
epoch   3400  train 3.6206e-07  test 9.6057e-07  (29 epochs/s)
epoch   3500  train 2.6709e-07  test 7.7249e-07  (29 epochs/s)
epoch   3600  train 1.7926e-07  test 5.5851e-07  (29 epochs/s)
epoch   3700  train 1.9191e-07  test 4.1250e-07  (29 epochs/s)
epoch   3800  train 1.3603e-07  test 3.8184e-07  (29 epochs/s)
epoch   3900  train 1.9123e-07  test 2.9931e-07  (29 epochs/s)
epoch   4000  train 1.3006e-07  test 3.4356e-07  (29 epochs/s)
epoch   4100  train 2.0043e-07  test 3.5771e-07  (29 epochs/s)
epoch   4200  train 1.8331e-07  test 2.9326e-07  (29 epochs/s)
epoch   4300  train 1.4051e-07  test 2.3049e-07  (29 epochs/s)
epoch   4400  train 1.7920e-07  test 2.1208e-07  (29 epochs/s)
epoch   4500  train 1.4174e-07  test 1.8468e-07  (29 epochs/s)
epoch   4600  train 1.3589e-07  test 1.7124e-07  (29 epochs/s)
epoch   4700  train 1.3073e-07  test 1.8437e-07  (29 epochs/s)
epoch   4800  train 1.1818e-07  test 1.8067e-07  (29 epochs/s)
epoch   4900  train 1.2559e-07  test 1.6968e-07  (29 epochs/s)
epoch   5000  train 1.5320e-07  test 2.0082e-07  (29 epochs/s)
epoch   5100  train 9.8661e-08  test 1.8736e-07  (29 epochs/s)
epoch   5200  train 9.6108e-08  test 1.6447e-07  (29 epochs/s)
epoch   5300  train 1.1194e-07  test 1.3525e-07  (29 epochs/s)
epoch   5400  train 1.1211e-07  test 1.4452e-07  (29 epochs/s)
epoch   5500  train 1.0287e-07  test 1.3911e-07  (29 epochs/s)
epoch   5600  train 1.1365e-07  test 1.5555e-07  (29 epochs/s)
epoch   5700  train 1.3882e-07  test 1.7597e-07  (29 epochs/s)
epoch   5800  train 1.5841e-07  test 1.3842e-07  (29 epochs/s)
epoch   5900  train 1.2359e-07  test 1.4682e-07  (29 epochs/s)
epoch   6000  train 1.0876e-07  test 1.3898e-07  (29 epochs/s)
epoch   6100  train 1.2129e-07  test 1.3424e-07  (29 epochs/s)
epoch   6200  train 1.1434e-07  test 1.5467e-07  (29 epochs/s)
epoch   6300  train 1.0626e-07  test 1.4091e-07  (29 epochs/s)
epoch   6400  train 1.0612e-07  test 1.3958e-07  (29 epochs/s)
epoch   6500  train 1.1094e-07  test 1.3931e-07  (29 epochs/s)
epoch   6600  train 1.1749e-07  test 1.4641e-07  (29 epochs/s)
epoch   6700  train 1.2109e-07  test 1.4713e-07  (29 epochs/s)
epoch   6800  train 1.0172e-07  test 1.4853e-07  (29 epochs/s)
epoch   6900  train 1.2051e-07  test 1.5278e-07  (29 epochs/s)
epoch   7000  train 1.0773e-07  test 1.7630e-07  (29 epochs/s)
epoch   7100  train 9.7483e-08  test 1.6262e-07  (29 epochs/s)
epoch   7200  train 1.1269e-07  test 1.5719e-07  (29 epochs/s)
epoch   7300  train 1.0919e-07  test 1.7029e-07  (29 epochs/s)
epoch   7400  train 1.0910e-07  test 1.6882e-07  (29 epochs/s)
epoch   7500  train 1.1750e-07  test 1.7178e-07  (29 epochs/s)
epoch   7600  train 1.0383e-07  test 1.6606e-07  (29 epochs/s)
epoch   7700  train 1.1330e-07  test 1.9530e-07  (29 epochs/s)
epoch   7800  train 1.2524e-07  test 1.8193e-07  (29 epochs/s)
epoch   7900  train 1.0926e-07  test 1.8852e-07  (29 epochs/s)
epoch   8000  train 1.0094e-07  test 1.6768e-07  (29 epochs/s)
epoch   8100  train 1.1483e-07  test 1.8412e-07  (29 epochs/s)
epoch   8200  train 1.3644e-07  test 1.9159e-07  (29 epochs/s)
epoch   8300  train 1.0676e-07  test 1.9454e-07  (29 epochs/s)
epoch   8400  train 1.0927e-07  test 1.8624e-07  (29 epochs/s)
epoch   8500  train 1.0375e-07  test 1.9507e-07  (29 epochs/s)
epoch   8600  train 9.9020e-08  test 2.1200e-07  (29 epochs/s)
epoch   8700  train 9.9511e-08  test 1.9611e-07  (29 epochs/s)
epoch   8800  train 9.9617e-08  test 2.1931e-07  (29 epochs/s)
epoch   8900  train 1.0296e-07  test 2.1633e-07  (29 epochs/s)
epoch   9000  train 1.2605e-07  test 2.3923e-07  (29 epochs/s)
epoch   9100  train 1.0843e-07  test 2.1096e-07  (29 epochs/s)
epoch   9200  train 1.0432e-07  test 2.3751e-07  (29 epochs/s)
epoch   9300  train 1.1641e-07  test 2.4436e-07  (29 epochs/s)
epoch   9400  train 1.0653e-07  test 2.4196e-07  (29 epochs/s)
epoch   9500  train 1.1508e-07  test 2.4754e-07  (29 epochs/s)
epoch   9600  train 9.2446e-08  test 2.4966e-07  (29 epochs/s)
epoch   9700  train 1.0701e-07  test 2.6472e-07  (29 epochs/s)
epoch   9800  train 1.0775e-07  test 2.7873e-07  (29 epochs/s)
epoch   9900  train 9.7660e-08  test 2.7717e-07  (29 epochs/s)
epoch  10000  train 1.0708e-07  test 2.7348e-07  (29 epochs/s)
epoch  10100  train 1.1333e-07  test 2.9138e-07  (29 epochs/s)
epoch  10200  train 1.1255e-07  test 3.3264e-07  (29 epochs/s)
epoch  10300  train 1.1810e-07  test 3.1744e-07  (29 epochs/s)
epoch  10400  train 9.9673e-08  test 3.3581e-07  (29 epochs/s)
epoch  10500  train 1.0685e-07  test 3.4357e-07  (29 epochs/s)
epoch  10600  train 1.0854e-07  test 3.3347e-07  (29 epochs/s)
epoch  10700  train 1.0111e-07  test 4.1959e-07  (29 epochs/s)
epoch  10800  train 1.0583e-07  test 4.0013e-07  (29 epochs/s)
epoch  10900  train 1.0993e-07  test 4.0075e-07  (29 epochs/s)
epoch  11000  train 1.0275e-07  test 4.1855e-07  (29 epochs/s)
epoch  11100  train 9.4099e-08  test 4.1931e-07  (29 epochs/s)
epoch  11200  train 9.7003e-08  test 4.1442e-07  (29 epochs/s)
epoch  11300  train 1.1077e-07  test 4.5407e-07  (29 epochs/s)
epoch  11400  train 1.0486e-07  test 4.7450e-07  (29 epochs/s)
epoch  11500  train 1.1181e-07  test 5.2678e-07  (29 epochs/s)
epoch  11600  train 9.7179e-08  test 4.9708e-07  (29 epochs/s)
epoch  11700  train 1.0385e-07  test 4.9324e-07  (29 epochs/s)
epoch  11800  train 1.0531e-07  test 5.3788e-07  (29 epochs/s)
epoch  11900  train 9.9455e-08  test 5.7338e-07  (29 epochs/s)
epoch  12000  train 1.1327e-07  test 5.5696e-07  (29 epochs/s)
epoch  12100  train 1.0009e-07  test 5.3452e-07  (29 epochs/s)
epoch  12200  train 9.9345e-08  test 5.2089e-07  (29 epochs/s)
epoch  12300  train 9.5832e-08  test 5.3740e-07  (29 epochs/s)
epoch  12400  train 9.6138e-08  test 4.8314e-07  (29 epochs/s)
epoch  12500  train 9.8279e-08  test 4.8719e-07  (29 epochs/s)
epoch  12600  train 1.0272e-07  test 5.1670e-07  (29 epochs/s)
epoch  12700  train 1.0360e-07  test 4.8246e-07  (29 epochs/s)
epoch  12800  train 9.8141e-08  test 4.9531e-07  (29 epochs/s)
epoch  12900  train 9.7895e-08  test 4.4808e-07  (29 epochs/s)
epoch  13000  train 9.8317e-08  test 5.0068e-07  (29 epochs/s)
epoch  13100  train 9.9594e-08  test 4.5561e-07  (29 epochs/s)
epoch  13200  train 9.8412e-08  test 4.5302e-07  (29 epochs/s)
epoch  13300  train 9.6297e-08  test 4.4165e-07  (29 epochs/s)
epoch  13400  train 9.6215e-08  test 4.8389e-07  (29 epochs/s)
epoch  13500  train 1.0223e-07  test 4.4752e-07  (29 epochs/s)
epoch  13600  train 9.9239e-08  test 4.3126e-07  (29 epochs/s)
epoch  13700  train 9.9306e-08  test 4.5721e-07  (29 epochs/s)
epoch  13800  train 9.5289e-08  test 4.3694e-07  (29 epochs/s)
epoch  13900  train 9.6196e-08  test 4.5739e-07  (29 epochs/s)
epoch  14000  train 9.5131e-08  test 4.2513e-07  (29 epochs/s)
epoch  14100  train 9.6091e-08  test 4.3238e-07  (29 epochs/s)
epoch  14200  train 9.6432e-08  test 4.1036e-07  (29 epochs/s)
epoch  14300  train 9.4796e-08  test 4.1812e-07  (29 epochs/s)
epoch  14400  train 9.6251e-08  test 4.2305e-07  (29 epochs/s)
epoch  14500  train 9.7005e-08  test 4.1974e-07  (29 epochs/s)
epoch  14600  train 9.7359e-08  test 4.3283e-07  (29 epochs/s)
epoch  14700  train 9.5336e-08  test 4.1303e-07  (29 epochs/s)
epoch  14800  train 9.6720e-08  test 4.3012e-07  (29 epochs/s)
epoch  14900  train 9.6338e-08  test 4.2870e-07  (29 epochs/s)
epoch  15000  train 9.6301e-08  test 4.2033e-07  (29 epochs/s)
epoch  15100  train 9.6755e-08  test 4.2301e-07  (29 epochs/s)
epoch  15200  train 9.5664e-08  test 4.1980e-07  (29 epochs/s)
epoch  15300  train 9.5942e-08  test 4.1930e-07  (29 epochs/s)
epoch  15400  train 9.6402e-08  test 4.2260e-07  (29 epochs/s)
epoch  15500  train 9.6022e-08  test 4.1561e-07  (29 epochs/s)
epoch  15600  train 9.5786e-08  test 4.1397e-07  (29 epochs/s)
epoch  15700  train 9.6125e-08  test 4.2424e-07  (29 epochs/s)
epoch  15800  train 9.5799e-08  test 4.1885e-07  (29 epochs/s)
epoch  15900  train 9.5940e-08  test 4.1190e-07  (29 epochs/s)
epoch  16000  train 9.5927e-08  test 4.1512e-07  (29 epochs/s)
epoch  16100  train 9.5925e-08  test 4.1424e-07  (29 epochs/s)
epoch  16200  train 9.5918e-08  test 4.1347e-07  (29 epochs/s)
epoch  16300  train 9.5911e-08  test 4.1249e-07  (29 epochs/s)
epoch  16400  train 9.5906e-08  test 4.1103e-07  (29 epochs/s)
epoch  16500  train 9.5897e-08  test 4.1063e-07  (29 epochs/s)
epoch  16600  train 9.5893e-08  test 4.0977e-07  (29 epochs/s)
epoch  16700  train 9.5887e-08  test 4.0882e-07  (29 epochs/s)
epoch  16800  train 9.5881e-08  test 4.0818e-07  (29 epochs/s)
epoch  16900  train 9.5876e-08  test 4.0753e-07  (29 epochs/s)
epoch  17000  train 9.5871e-08  test 4.0696e-07  (29 epochs/s)
epoch  17100  train 9.5866e-08  test 4.0540e-07  (29 epochs/s)
epoch  17200  train 9.5860e-08  test 4.0500e-07  (29 epochs/s)
epoch  17300  train 9.5855e-08  test 4.0502e-07  (29 epochs/s)
epoch  17400  train 9.5850e-08  test 4.0389e-07  (29 epochs/s)
epoch  17500  train 9.5844e-08  test 4.0321e-07  (29 epochs/s)
epoch  17600  train 9.5838e-08  test 4.0273e-07  (29 epochs/s)
epoch  17700  train 9.5835e-08  test 4.0201e-07  (29 epochs/s)
epoch  17800  train 9.5831e-08  test 4.0139e-07  (29 epochs/s)
epoch  17900  train 9.5825e-08  test 4.0087e-07  (29 epochs/s)
epoch  18000  train 9.5820e-08  test 4.0010e-07  (29 epochs/s)
epoch  18100  train 9.5816e-08  test 3.9923e-07  (29 epochs/s)
epoch  18200  train 9.5810e-08  test 3.9801e-07  (29 epochs/s)
epoch  18300  train 9.5806e-08  test 3.9772e-07  (29 epochs/s)
epoch  18400  train 9.5802e-08  test 3.9672e-07  (29 epochs/s)
epoch  18500  train 9.5797e-08  test 3.9601e-07  (29 epochs/s)
epoch  18600  train 9.5792e-08  test 3.9528e-07  (29 epochs/s)
epoch  18700  train 9.5789e-08  test 3.9487e-07  (29 epochs/s)
epoch  18800  train 9.5785e-08  test 3.9386e-07  (29 epochs/s)
epoch  18900  train 9.5781e-08  test 3.9327e-07  (29 epochs/s)
epoch  19000  train 9.5777e-08  test 3.9222e-07  (29 epochs/s)
epoch  19100  train 9.5773e-08  test 3.9129e-07  (29 epochs/s)
epoch  19200  train 9.5768e-08  test 3.9076e-07  (29 epochs/s)
epoch  19300  train 9.5764e-08  test 3.8812e-07  (29 epochs/s)
epoch  19400  train 9.5759e-08  test 3.8666e-07  (29 epochs/s)
epoch  19500  train 9.5755e-08  test 3.8570e-07  (29 epochs/s)
epoch  19600  train 9.5751e-08  test 3.8510e-07  (29 epochs/s)
epoch  19700  train 9.5747e-08  test 3.8404e-07  (29 epochs/s)
epoch  19800  train 9.5745e-08  test 3.8347e-07  (29 epochs/s)
epoch  19900  train 9.5738e-08  test 3.8144e-07  (29 epochs/s)
epoch  20000  train 9.5734e-08  test 3.7968e-07  (29 epochs/s)
done: 20000 epochs in 694s -> runs/phase2-noise2/p-113/seed2034/seed4242
NOISE2-DONE
=== combined init 11285 (08:47:31) ===
train: 3830  test: 8939
epoch    100  train 3.4347e+00  test 1.3310e+01  (26 epochs/s)
epoch    200  train 1.3884e-01  test 4.0778e+01  (30 epochs/s)
epoch    300  train 2.5053e-02  test 4.5522e+01  (31 epochs/s)
epoch    400  train 7.9813e-03  test 4.9433e+01  (32 epochs/s)
epoch    500  train 2.6260e-03  test 5.4303e+01  (32 epochs/s)
epoch    600  train 8.8201e-04  test 5.9673e+01  (33 epochs/s)
epoch    700  train 3.0060e-04  test 6.4526e+01  (33 epochs/s)
epoch    800  train 1.0333e-04  test 6.9513e+01  (33 epochs/s)
epoch    900  train 3.5790e-05  test 7.4078e+01  (33 epochs/s)
epoch   1000  train 1.2485e-05  test 7.7606e+01  (33 epochs/s)
epoch   1100  train 4.3985e-06  test 7.9682e+01  (33 epochs/s)
epoch   1200  train 1.5766e-06  test 8.1973e+01  (33 epochs/s)
epoch   1300  train 5.8323e-07  test 8.5014e+01  (33 epochs/s)
epoch   1400  train 2.3266e-07  test 8.7317e+01  (33 epochs/s)
epoch   1500  train 1.0811e-07  test 8.9609e+01  (32 epochs/s)
epoch   1600  train 6.3738e-08  test 9.1487e+01  (31 epochs/s)
epoch   1700  train 4.7793e-08  test 9.3415e+01  (31 epochs/s)
epoch   1800  train 4.0964e-08  test 9.5347e+01  (31 epochs/s)
epoch   1900  train 4.2764e-08  test 9.7171e+01  (31 epochs/s)
epoch   2000  train 4.0594e-08  test 9.8413e+01  (30 epochs/s)
epoch   2100  train 3.9837e-08  test 9.8697e+01  (30 epochs/s)
epoch   2200  train 3.9543e-08  test 9.8463e+01  (30 epochs/s)
epoch   2300  train 3.9487e-08  test 9.7406e+01  (30 epochs/s)
epoch   2400  train 3.9443e-08  test 9.5630e+01  (30 epochs/s)
epoch   2500  train 3.9456e-08  test 9.3571e+01  (30 epochs/s)
epoch   2600  train 3.9453e-08  test 9.1640e+01  (30 epochs/s)
epoch   2700  train 3.9460e-08  test 9.0499e+01  (30 epochs/s)
epoch   2800  train 3.9459e-08  test 8.9067e+01  (30 epochs/s)
epoch   2900  train 3.9439e-08  test 8.8621e+01  (30 epochs/s)
epoch   3000  train 3.9433e-08  test 8.7910e+01  (30 epochs/s)
epoch   3100  train 3.9421e-08  test 8.7727e+01  (30 epochs/s)
epoch   3200  train 3.9415e-08  test 8.7533e+01  (30 epochs/s)
epoch   3300  train 3.9441e-08  test 8.7180e+01  (30 epochs/s)
epoch   3400  train 3.9437e-08  test 8.6926e+01  (30 epochs/s)
epoch   3500  train 3.9421e-08  test 8.7131e+01  (30 epochs/s)
epoch   3600  train 3.9419e-08  test 8.6991e+01  (30 epochs/s)
epoch   3700  train 3.9437e-08  test 8.6758e+01  (30 epochs/s)
epoch   3800  train 3.9450e-08  test 8.6106e+01  (30 epochs/s)
epoch   3900  train 3.9432e-08  test 8.5043e+01  (30 epochs/s)
epoch   4000  train 3.9396e-08  test 8.3627e+01  (30 epochs/s)
epoch   4100  train 3.9395e-08  test 8.1935e+01  (30 epochs/s)
epoch   4200  train 3.9407e-08  test 8.1310e+01  (30 epochs/s)
epoch   4300  train 3.9402e-08  test 8.0822e+01  (30 epochs/s)
epoch   4400  train 3.9435e-08  test 8.0103e+01  (30 epochs/s)
epoch   4500  train 3.9460e-08  test 7.8323e+01  (30 epochs/s)
epoch   4600  train 3.9478e-08  test 7.5925e+01  (30 epochs/s)
epoch   4700  train 3.9484e-08  test 7.3098e+01  (30 epochs/s)
epoch   4800  train 3.9499e-08  test 7.0946e+01  (30 epochs/s)
epoch   4900  train 3.9523e-08  test 6.8171e+01  (30 epochs/s)
epoch   5000  train 3.9589e-08  test 6.4951e+01  (30 epochs/s)
epoch   5100  train 3.9627e-08  test 6.0833e+01  (30 epochs/s)
epoch   5200  train 3.9640e-08  test 5.7681e+01  (30 epochs/s)
epoch   5300  train 3.9632e-08  test 5.3511e+01  (30 epochs/s)
epoch   5400  train 3.9613e-08  test 4.9901e+01  (30 epochs/s)
epoch   5500  train 3.9694e-08  test 4.5496e+01  (30 epochs/s)
epoch   5600  train 3.9785e-08  test 3.7809e+01  (30 epochs/s)
epoch   5700  train 3.9988e-08  test 2.5867e+01  (30 epochs/s)
epoch   5800  train 4.0194e-08  test 2.0199e+01  (30 epochs/s)
epoch   5900  train 4.0252e-08  test 1.6171e+01  (30 epochs/s)
epoch   6000  train 4.0143e-08  test 1.2107e+01  (30 epochs/s)
epoch   6100  train 4.0347e-08  test 8.5042e+00  (30 epochs/s)
epoch   6200  train 4.0440e-08  test 6.1342e+00  (30 epochs/s)
epoch   6300  train 4.0478e-08  test 4.5802e+00  (30 epochs/s)
epoch   6400  train 4.0302e-08  test 3.0061e+00  (30 epochs/s)
epoch   6500  train 4.0431e-08  test 1.2315e+00  (30 epochs/s)
epoch   6600  train 4.0539e-08  test 1.1279e-01  (30 epochs/s)
epoch   6700  train 4.0573e-08  test 1.6029e-03  (30 epochs/s)
epoch   6800  train 4.0521e-08  test 2.9761e-04  (30 epochs/s)
epoch   6900  train 4.0364e-08  test 1.2865e-04  (30 epochs/s)
epoch   7000  train 4.0152e-08  test 7.0503e-05  (30 epochs/s)
epoch   7100  train 4.0195e-08  test 4.4203e-05  (30 epochs/s)
epoch   7200  train 4.0225e-08  test 2.7541e-05  (30 epochs/s)
epoch   7300  train 4.0259e-08  test 1.6636e-05  (30 epochs/s)
epoch   7400  train 4.0281e-08  test 1.0380e-05  (30 epochs/s)
epoch   7500  train 4.0239e-08  test 6.4336e-06  (30 epochs/s)
epoch   7600  train 4.0115e-08  test 4.3082e-06  (30 epochs/s)
epoch   7700  train 3.9965e-08  test 3.1007e-06  (30 epochs/s)
epoch   7800  train 3.9918e-08  test 2.3121e-06  (30 epochs/s)
epoch   7900  train 3.9915e-08  test 1.7812e-06  (30 epochs/s)
epoch   8000  train 3.9989e-08  test 1.3766e-06  (30 epochs/s)
epoch   8100  train 3.9915e-08  test 9.7608e-07  (30 epochs/s)
epoch   8200  train 3.9907e-08  test 7.3599e-07  (30 epochs/s)
epoch   8300  train 3.9882e-08  test 4.9190e-07  (30 epochs/s)
epoch   8400  train 3.9856e-08  test 3.4979e-07  (30 epochs/s)
epoch   8500  train 3.9723e-08  test 2.5158e-07  (30 epochs/s)
epoch   8600  train 3.9680e-08  test 1.8104e-07  (30 epochs/s)
epoch   8700  train 3.9637e-08  test 1.4357e-07  (30 epochs/s)
epoch   8800  train 3.9626e-08  test 1.0748e-07  (30 epochs/s)
epoch   8900  train 3.9625e-08  test 8.3750e-08  (30 epochs/s)
epoch   9000  train 3.9600e-08  test 6.5142e-08  (30 epochs/s)
epoch   9100  train 3.9580e-08  test 4.9459e-08  (30 epochs/s)
epoch   9200  train 3.9565e-08  test 4.5900e-08  (30 epochs/s)
epoch   9300  train 3.9557e-08  test 3.8149e-08  (30 epochs/s)
epoch   9400  train 3.9577e-08  test 3.9061e-08  (30 epochs/s)
epoch   9500  train 3.9601e-08  test 3.1087e-08  (30 epochs/s)
epoch   9600  train 3.9631e-08  test 3.4936e-08  (30 epochs/s)
epoch   9700  train 3.9668e-08  test 2.8978e-08  (30 epochs/s)
epoch   9800  train 3.9765e-08  test 3.2161e-08  (30 epochs/s)
epoch   9900  train 3.9842e-08  test 2.7382e-08  (30 epochs/s)
epoch  10000  train 3.9876e-08  test 3.2505e-08  (30 epochs/s)
epoch  10100  train 3.9924e-08  test 2.9035e-08  (30 epochs/s)
epoch  10200  train 3.9966e-08  test 3.0410e-08  (30 epochs/s)
epoch  10300  train 3.9828e-08  test 2.4812e-08  (29 epochs/s)
epoch  10400  train 3.9748e-08  test 3.3290e-08  (29 epochs/s)
epoch  10500  train 3.9665e-08  test 2.9878e-08  (29 epochs/s)
epoch  10600  train 3.9640e-08  test 3.2997e-08  (29 epochs/s)
epoch  10700  train 3.9588e-08  test 2.9856e-08  (29 epochs/s)
epoch  10800  train 3.9560e-08  test 2.9746e-08  (29 epochs/s)
epoch  10900  train 3.9541e-08  test 2.4161e-08  (29 epochs/s)
epoch  11000  train 3.9533e-08  test 2.6104e-08  (29 epochs/s)
epoch  11100  train 3.9518e-08  test 2.9999e-08  (29 epochs/s)
epoch  11200  train 3.9510e-08  test 2.4107e-08  (29 epochs/s)
epoch  11300  train 3.9504e-08  test 2.6675e-08  (29 epochs/s)
epoch  11400  train 3.9501e-08  test 3.0686e-08  (29 epochs/s)
epoch  11500  train 3.9498e-08  test 2.5964e-08  (29 epochs/s)
epoch  11600  train 3.9491e-08  test 2.4263e-08  (29 epochs/s)
epoch  11700  train 3.9491e-08  test 2.4505e-08  (29 epochs/s)
epoch  11800  train 3.9488e-08  test 3.3696e-08  (29 epochs/s)
epoch  11900  train 3.9479e-08  test 3.1180e-08  (29 epochs/s)
epoch  12000  train 3.9473e-08  test 2.5487e-08  (29 epochs/s)
epoch  12100  train 3.9469e-08  test 3.2822e-08  (29 epochs/s)
epoch  12200  train 3.9459e-08  test 2.4820e-08  (29 epochs/s)
epoch  12300  train 3.9452e-08  test 2.6723e-08  (29 epochs/s)
epoch  12400  train 3.9455e-08  test 2.8538e-08  (29 epochs/s)
epoch  12500  train 3.9459e-08  test 2.6669e-08  (29 epochs/s)
epoch  12600  train 3.9462e-08  test 2.9813e-08  (29 epochs/s)
epoch  12700  train 3.9463e-08  test 3.0028e-08  (29 epochs/s)
epoch  12800  train 3.9469e-08  test 3.0587e-08  (29 epochs/s)
epoch  12900  train 3.9468e-08  test 3.1814e-08  (28 epochs/s)
epoch  13000  train 3.9468e-08  test 3.4076e-08  (28 epochs/s)
epoch  13100  train 3.9466e-08  test 2.8894e-08  (27 epochs/s)
epoch  13200  train 3.9462e-08  test 3.0561e-08  (27 epochs/s)
epoch  13300  train 3.9459e-08  test 2.4054e-08  (27 epochs/s)
epoch  13400  train 3.9457e-08  test 3.0581e-08  (27 epochs/s)
epoch  13500  train 3.9447e-08  test 3.2232e-08  (27 epochs/s)
epoch  13600  train 3.9445e-08  test 2.4521e-08  (27 epochs/s)
epoch  13700  train 3.9436e-08  test 2.9209e-08  (27 epochs/s)
epoch  13800  train 3.9428e-08  test 2.4016e-08  (27 epochs/s)
epoch  13900  train 3.9420e-08  test 2.8602e-08  (27 epochs/s)
epoch  14000  train 3.9413e-08  test 2.9719e-08  (27 epochs/s)
epoch  14100  train 3.9408e-08  test 2.4211e-08  (27 epochs/s)
epoch  14200  train 3.9409e-08  test 3.1741e-08  (27 epochs/s)
epoch  14300  train 3.9412e-08  test 2.6999e-08  (27 epochs/s)
epoch  14400  train 3.9413e-08  test 3.2604e-08  (27 epochs/s)
epoch  14500  train 3.9415e-08  test 2.5813e-08  (27 epochs/s)
epoch  14600  train 3.9416e-08  test 3.1903e-08  (27 epochs/s)
epoch  14700  train 3.9413e-08  test 3.2780e-08  (27 epochs/s)
epoch  14800  train 3.9413e-08  test 3.2920e-08  (27 epochs/s)
epoch  14900  train 3.9405e-08  test 2.9889e-08  (27 epochs/s)
epoch  15000  train 3.9401e-08  test 2.7671e-08  (27 epochs/s)
epoch  15100  train 3.9394e-08  test 3.3605e-08  (27 epochs/s)
epoch  15200  train 3.9392e-08  test 2.4008e-08  (27 epochs/s)
epoch  15300  train 3.9387e-08  test 2.9722e-08  (27 epochs/s)
epoch  15400  train 3.9384e-08  test 3.0324e-08  (27 epochs/s)
epoch  15500  train 3.9381e-08  test 2.5549e-08  (27 epochs/s)
epoch  15600  train 3.9375e-08  test 3.1918e-08  (27 epochs/s)
epoch  15700  train 3.9370e-08  test 2.7596e-08  (27 epochs/s)
epoch  15800  train 3.9370e-08  test 2.4688e-08  (27 epochs/s)
epoch  15900  train 3.9368e-08  test 2.5016e-08  (27 epochs/s)
epoch  16000  train 3.9367e-08  test 2.9935e-08  (27 epochs/s)
epoch  16100  train 3.9364e-08  test 2.6620e-08  (27 epochs/s)
epoch  16200  train 3.9360e-08  test 2.4917e-08  (27 epochs/s)
epoch  16300  train 3.9352e-08  test 3.1785e-08  (27 epochs/s)
epoch  16400  train 3.9349e-08  test 3.2966e-08  (27 epochs/s)
epoch  16500  train 3.9346e-08  test 2.5091e-08  (27 epochs/s)
epoch  16600  train 3.9345e-08  test 3.0856e-08  (27 epochs/s)
epoch  16700  train 3.9342e-08  test 2.4248e-08  (27 epochs/s)
epoch  16800  train 3.9342e-08  test 2.5802e-08  (27 epochs/s)
epoch  16900  train 3.9340e-08  test 2.7902e-08  (27 epochs/s)
epoch  17000  train 3.9337e-08  test 3.3017e-08  (27 epochs/s)
epoch  17100  train 3.9334e-08  test 3.1910e-08  (27 epochs/s)
epoch  17200  train 3.9331e-08  test 3.0455e-08  (27 epochs/s)
epoch  17300  train 3.9327e-08  test 2.3939e-08  (27 epochs/s)
epoch  17400  train 3.9325e-08  test 3.1480e-08  (27 epochs/s)
epoch  17500  train 3.9326e-08  test 2.9985e-08  (27 epochs/s)
epoch  17600  train 3.9326e-08  test 3.0151e-08  (27 epochs/s)
epoch  17700  train 3.9327e-08  test 2.9854e-08  (27 epochs/s)
epoch  17800  train 3.9327e-08  test 2.7789e-08  (27 epochs/s)
epoch  17900  train 3.9329e-08  test 2.7982e-08  (27 epochs/s)
epoch  18000  train 3.9329e-08  test 3.0125e-08  (27 epochs/s)
epoch  18100  train 3.9330e-08  test 3.3594e-08  (27 epochs/s)
epoch  18200  train 3.9331e-08  test 2.5543e-08  (27 epochs/s)
epoch  18300  train 3.9332e-08  test 2.9220e-08  (27 epochs/s)
epoch  18400  train 3.9333e-08  test 2.3894e-08  (27 epochs/s)
epoch  18500  train 3.9333e-08  test 2.7646e-08  (27 epochs/s)
epoch  18600  train 3.9335e-08  test 3.2899e-08  (27 epochs/s)
epoch  18700  train 3.9336e-08  test 2.7198e-08  (27 epochs/s)
epoch  18800  train 3.9338e-08  test 3.3600e-08  (27 epochs/s)
epoch  18900  train 3.9337e-08  test 2.9106e-08  (27 epochs/s)
epoch  19000  train 3.9338e-08  test 2.5221e-08  (27 epochs/s)
epoch  19100  train 3.9338e-08  test 3.2593e-08  (27 epochs/s)
epoch  19200  train 3.9338e-08  test 2.8073e-08  (27 epochs/s)
epoch  19300  train 3.9339e-08  test 2.4405e-08  (27 epochs/s)
epoch  19400  train 3.9339e-08  test 3.2418e-08  (27 epochs/s)
epoch  19500  train 3.9341e-08  test 2.8608e-08  (27 epochs/s)
epoch  19600  train 3.9339e-08  test 2.5086e-08  (27 epochs/s)
epoch  19700  train 3.9337e-08  test 3.3600e-08  (27 epochs/s)
epoch  19800  train 3.9338e-08  test 3.0485e-08  (27 epochs/s)
epoch  19900  train 3.9339e-08  test 2.8052e-08  (27 epochs/s)
epoch  20000  train 3.9339e-08  test 2.5057e-08  (27 epochs/s)
done: 20000 epochs in 732s -> runs/combined/p-113/seed2034/seed11285
=== combined init 33428 (08:59:43) ===
train: 3830  test: 8939
epoch    100  train 3.5422e+00  test 1.3145e+01  (31 epochs/s)
epoch    200  train 1.4692e-01  test 4.6660e+01  (28 epochs/s)
epoch    300  train 2.4823e-02  test 5.3378e+01  (27 epochs/s)
epoch    400  train 7.9038e-03  test 5.5974e+01  (26 epochs/s)
epoch    500  train 2.5928e-03  test 5.7886e+01  (26 epochs/s)
epoch    600  train 8.6786e-04  test 5.9902e+01  (26 epochs/s)
epoch    700  train 2.9460e-04  test 6.2115e+01  (27 epochs/s)
epoch    800  train 1.0095e-04  test 6.3563e+01  (27 epochs/s)
epoch    900  train 3.4872e-05  test 6.5027e+01  (27 epochs/s)
epoch   1000  train 1.2135e-05  test 6.6032e+01  (27 epochs/s)
epoch   1100  train 4.2632e-06  test 6.7860e+01  (27 epochs/s)
epoch   1200  train 1.5202e-06  test 7.1144e+01  (27 epochs/s)
epoch   1300  train 5.6057e-07  test 7.3807e+01  (27 epochs/s)
epoch   1400  train 2.2323e-07  test 7.5594e+01  (27 epochs/s)
epoch   1500  train 1.0425e-07  test 7.6557e+01  (27 epochs/s)
epoch   1600  train 6.2280e-08  test 7.9453e+01  (27 epochs/s)
epoch   1700  train 4.7783e-08  test 8.2156e+01  (27 epochs/s)
epoch   1800  train 4.2939e-08  test 8.4005e+01  (27 epochs/s)
epoch   1900  train 4.2684e-08  test 8.5994e+01  (27 epochs/s)
epoch   2000  train 4.0677e-08  test 8.6190e+01  (28 epochs/s)
epoch   2100  train 3.9842e-08  test 8.5228e+01  (28 epochs/s)
epoch   2200  train 3.9607e-08  test 8.3550e+01  (28 epochs/s)
epoch   2300  train 3.9533e-08  test 8.1479e+01  (28 epochs/s)
epoch   2400  train 3.9527e-08  test 7.8690e+01  (28 epochs/s)
epoch   2500  train 3.9524e-08  test 7.6685e+01  (27 epochs/s)
epoch   2600  train 3.9547e-08  test 7.5801e+01  (27 epochs/s)
epoch   2700  train 3.9572e-08  test 7.5038e+01  (27 epochs/s)
epoch   2800  train 3.9544e-08  test 7.3596e+01  (27 epochs/s)
epoch   2900  train 3.9571e-08  test 7.2120e+01  (27 epochs/s)
epoch   3000  train 3.9592e-08  test 7.0401e+01  (27 epochs/s)
epoch   3100  train 3.9609e-08  test 6.7688e+01  (27 epochs/s)
epoch   3200  train 3.9642e-08  test 6.4720e+01  (27 epochs/s)
epoch   3300  train 3.9645e-08  test 6.2053e+01  (27 epochs/s)
epoch   3400  train 3.9709e-08  test 5.8131e+01  (27 epochs/s)
epoch   3500  train 3.9732e-08  test 5.1373e+01  (27 epochs/s)
epoch   3600  train 3.9703e-08  test 4.3308e+01  (27 epochs/s)
epoch   3700  train 3.9767e-08  test 3.5474e+01  (27 epochs/s)
epoch   3800  train 3.9811e-08  test 3.1567e+01  (27 epochs/s)
epoch   3900  train 3.9797e-08  test 2.6854e+01  (27 epochs/s)
epoch   4000  train 3.9937e-08  test 2.2064e+01  (27 epochs/s)
epoch   4100  train 4.0034e-08  test 1.7938e+01  (27 epochs/s)
epoch   4200  train 4.0151e-08  test 1.3228e+01  (28 epochs/s)
epoch   4300  train 4.0225e-08  test 9.4609e+00  (28 epochs/s)
epoch   4400  train 4.0327e-08  test 7.1529e+00  (28 epochs/s)
epoch   4500  train 4.0382e-08  test 4.9763e+00  (28 epochs/s)
epoch   4600  train 4.0459e-08  test 2.1634e+00  (28 epochs/s)
epoch   4700  train 4.0403e-08  test 8.0778e-02  (28 epochs/s)
epoch   4800  train 4.0295e-08  test 9.4278e-04  (27 epochs/s)
epoch   4900  train 4.0136e-08  test 1.7975e-04  (27 epochs/s)
epoch   5000  train 3.9986e-08  test 4.0165e-05  (27 epochs/s)
epoch   5100  train 3.9856e-08  test 1.0565e-05  (27 epochs/s)
epoch   5200  train 3.9821e-08  test 3.8692e-06  (27 epochs/s)
epoch   5300  train 3.9844e-08  test 1.7048e-06  (27 epochs/s)
epoch   5400  train 3.9777e-08  test 7.9125e-07  (27 epochs/s)
epoch   5500  train 3.9726e-08  test 3.1691e-07  (27 epochs/s)
epoch   5600  train 3.9637e-08  test 1.1464e-07  (27 epochs/s)
epoch   5700  train 3.9586e-08  test 4.8928e-08  (27 epochs/s)
epoch   5800  train 3.9628e-08  test 3.4027e-08  (27 epochs/s)
epoch   5900  train 3.9635e-08  test 2.7668e-08  (27 epochs/s)
epoch   6000  train 3.9595e-08  test 2.7187e-08  (27 epochs/s)
epoch   6100  train 3.9547e-08  test 2.4565e-08  (27 epochs/s)
epoch   6200  train 3.9499e-08  test 3.2930e-08  (28 epochs/s)
epoch   6300  train 3.9446e-08  test 2.4292e-08  (28 epochs/s)
epoch   6400  train 3.9412e-08  test 3.2549e-08  (28 epochs/s)
epoch   6500  train 3.9413e-08  test 2.4353e-08  (28 epochs/s)
epoch   6600  train 3.9406e-08  test 2.8963e-08  (28 epochs/s)
epoch   6700  train 3.9387e-08  test 3.1655e-08  (28 epochs/s)
epoch   6800  train 3.9360e-08  test 3.2366e-08  (28 epochs/s)
epoch   6900  train 3.9336e-08  test 2.9879e-08  (28 epochs/s)
epoch   7000  train 3.9318e-08  test 2.6144e-08  (28 epochs/s)
epoch   7100  train 3.9328e-08  test 2.6612e-08  (28 epochs/s)
epoch   7200  train 3.9329e-08  test 2.9770e-08  (28 epochs/s)
epoch   7300  train 3.9332e-08  test 3.2761e-08  (28 epochs/s)
epoch   7400  train 3.9332e-08  test 2.4203e-08  (28 epochs/s)
epoch   7500  train 3.9338e-08  test 2.7658e-08  (28 epochs/s)
epoch   7600  train 3.9336e-08  test 3.0322e-08  (28 epochs/s)
epoch   7700  train 3.9339e-08  test 3.4117e-08  (28 epochs/s)
epoch   7800  train 3.9341e-08  test 2.7748e-08  (28 epochs/s)
epoch   7900  train 3.9340e-08  test 3.0821e-08  (28 epochs/s)
epoch   8000  train 3.9334e-08  test 3.4246e-08  (28 epochs/s)
epoch   8100  train 3.9337e-08  test 2.4014e-08  (28 epochs/s)
epoch   8200  train 3.9337e-08  test 2.3865e-08  (28 epochs/s)
epoch   8300  train 3.9336e-08  test 2.4348e-08  (28 epochs/s)
epoch   8400  train 3.9333e-08  test 3.4225e-08  (28 epochs/s)
epoch   8500  train 3.9330e-08  test 3.4056e-08  (28 epochs/s)
epoch   8600  train 3.9326e-08  test 3.3310e-08  (28 epochs/s)
epoch   8700  train 3.9319e-08  test 3.1618e-08  (28 epochs/s)
epoch   8800  train 3.9316e-08  test 3.0747e-08  (28 epochs/s)
epoch   8900  train 3.9308e-08  test 2.9349e-08  (28 epochs/s)
epoch   9000  train 3.9305e-08  test 2.7817e-08  (28 epochs/s)
epoch   9100  train 3.9302e-08  test 2.7299e-08  (28 epochs/s)
epoch   9200  train 3.9297e-08  test 2.7178e-08  (28 epochs/s)
epoch   9300  train 3.9293e-08  test 2.6202e-08  (28 epochs/s)
epoch   9400  train 3.9288e-08  test 2.4760e-08  (28 epochs/s)
epoch   9500  train 3.9283e-08  test 2.7921e-08  (28 epochs/s)
epoch   9600  train 3.9277e-08  test 3.1761e-08  (28 epochs/s)
epoch   9700  train 3.9273e-08  test 2.9674e-08  (28 epochs/s)
epoch   9800  train 3.9268e-08  test 2.7687e-08  (28 epochs/s)
epoch   9900  train 3.9268e-08  test 2.6044e-08  (28 epochs/s)
epoch  10000  train 3.9270e-08  test 2.4304e-08  (28 epochs/s)
epoch  10100  train 3.9270e-08  test 2.3794e-08  (28 epochs/s)
epoch  10200  train 3.9268e-08  test 3.3143e-08  (28 epochs/s)
epoch  10300  train 3.9268e-08  test 3.1887e-08  (28 epochs/s)
epoch  10400  train 3.9266e-08  test 3.0011e-08  (28 epochs/s)
epoch  10500  train 3.9266e-08  test 2.8292e-08  (28 epochs/s)
epoch  10600  train 3.9266e-08  test 2.7012e-08  (28 epochs/s)
epoch  10700  train 3.9266e-08  test 2.5340e-08  (28 epochs/s)
epoch  10800  train 3.9269e-08  test 2.4191e-08  (28 epochs/s)
epoch  10900  train 3.9267e-08  test 2.3991e-08  (28 epochs/s)
epoch  11000  train 3.9268e-08  test 3.3629e-08  (28 epochs/s)
epoch  11100  train 3.9265e-08  test 3.2370e-08  (28 epochs/s)
epoch  11200  train 3.9266e-08  test 3.1645e-08  (28 epochs/s)
epoch  11300  train 3.9266e-08  test 3.0708e-08  (28 epochs/s)
epoch  11400  train 3.9267e-08  test 2.9770e-08  (28 epochs/s)
epoch  11500  train 3.9266e-08  test 2.9068e-08  (28 epochs/s)
epoch  11600  train 3.9268e-08  test 2.8333e-08  (28 epochs/s)
epoch  11700  train 3.9265e-08  test 2.7775e-08  (28 epochs/s)
epoch  11800  train 3.9267e-08  test 2.6932e-08  (28 epochs/s)
epoch  11900  train 3.9265e-08  test 2.6109e-08  (28 epochs/s)
epoch  12000  train 3.9265e-08  test 2.5424e-08  (28 epochs/s)
epoch  12100  train 3.9265e-08  test 2.4981e-08  (28 epochs/s)
epoch  12200  train 3.9264e-08  test 2.4494e-08  (28 epochs/s)
epoch  12300  train 3.9263e-08  test 2.3949e-08  (28 epochs/s)
epoch  12400  train 3.9263e-08  test 2.3740e-08  (28 epochs/s)
epoch  12500  train 3.9263e-08  test 2.4395e-08  (28 epochs/s)
epoch  12600  train 3.9262e-08  test 3.4115e-08  (28 epochs/s)
epoch  12700  train 3.9262e-08  test 3.3619e-08  (28 epochs/s)
epoch  12800  train 3.9262e-08  test 3.3128e-08  (28 epochs/s)
epoch  12900  train 3.9262e-08  test 3.2668e-08  (28 epochs/s)
epoch  13000  train 3.9263e-08  test 3.2130e-08  (28 epochs/s)
epoch  13100  train 3.9262e-08  test 3.1584e-08  (28 epochs/s)
epoch  13200  train 3.9261e-08  test 3.1067e-08  (28 epochs/s)
epoch  13300  train 3.9260e-08  test 3.0507e-08  (28 epochs/s)
epoch  13400  train 3.9259e-08  test 3.0181e-08  (28 epochs/s)
epoch  13500  train 3.9260e-08  test 2.9684e-08  (28 epochs/s)
epoch  13600  train 3.9259e-08  test 2.9356e-08  (28 epochs/s)
epoch  13700  train 3.9258e-08  test 2.9415e-08  (28 epochs/s)
epoch  13800  train 3.9260e-08  test 2.9442e-08  (28 epochs/s)
epoch  13900  train 3.9260e-08  test 2.9427e-08  (28 epochs/s)
epoch  14000  train 3.9260e-08  test 2.9507e-08  (28 epochs/s)
epoch  14100  train 3.9258e-08  test 2.9601e-08  (28 epochs/s)
epoch  14200  train 3.9258e-08  test 2.9674e-08  (28 epochs/s)
epoch  14300  train 3.9259e-08  test 2.9737e-08  (28 epochs/s)
epoch  14400  train 3.9258e-08  test 2.9834e-08  (28 epochs/s)
epoch  14500  train 3.9259e-08  test 2.9920e-08  (28 epochs/s)
epoch  14600  train 3.9257e-08  test 2.9908e-08  (28 epochs/s)
epoch  14700  train 3.9259e-08  test 3.0003e-08  (28 epochs/s)
epoch  14800  train 3.9258e-08  test 2.9972e-08  (28 epochs/s)
epoch  14900  train 3.9259e-08  test 3.0022e-08  (28 epochs/s)
epoch  15000  train 3.9259e-08  test 2.9963e-08  (28 epochs/s)
epoch  15100  train 3.9257e-08  test 2.9993e-08  (28 epochs/s)
epoch  15200  train 3.9258e-08  test 3.0051e-08  (28 epochs/s)
epoch  15300  train 3.9258e-08  test 3.0089e-08  (28 epochs/s)
epoch  15400  train 3.9258e-08  test 3.0062e-08  (28 epochs/s)
epoch  15500  train 3.9257e-08  test 2.9962e-08  (28 epochs/s)
epoch  15600  train 3.9259e-08  test 3.0138e-08  (28 epochs/s)
epoch  15700  train 3.9258e-08  test 3.0111e-08  (28 epochs/s)
epoch  15800  train 3.9257e-08  test 3.0008e-08  (28 epochs/s)
epoch  15900  train 3.9257e-08  test 3.0150e-08  (28 epochs/s)
epoch  16000  train 3.9257e-08  test 3.0105e-08  (28 epochs/s)
epoch  16100  train 3.9259e-08  test 3.0231e-08  (28 epochs/s)
epoch  16200  train 3.9258e-08  test 3.0198e-08  (28 epochs/s)
epoch  16300  train 3.9256e-08  test 3.0199e-08  (27 epochs/s)
epoch  16400  train 3.9257e-08  test 3.0273e-08  (27 epochs/s)
epoch  16500  train 3.9255e-08  test 3.0601e-08  (27 epochs/s)
epoch  16600  train 3.9255e-08  test 3.0734e-08  (27 epochs/s)
epoch  16700  train 3.9253e-08  test 3.0868e-08  (27 epochs/s)
epoch  16800  train 3.9254e-08  test 3.0962e-08  (27 epochs/s)
epoch  16900  train 3.9253e-08  test 3.0941e-08  (27 epochs/s)
epoch  17000  train 3.9253e-08  test 3.1145e-08  (27 epochs/s)
epoch  17100  train 3.9253e-08  test 3.1392e-08  (27 epochs/s)
epoch  17200  train 3.9255e-08  test 3.1431e-08  (27 epochs/s)
epoch  17300  train 3.9253e-08  test 3.1607e-08  (27 epochs/s)
epoch  17400  train 3.9255e-08  test 3.1621e-08  (27 epochs/s)
epoch  17500  train 3.9253e-08  test 3.1895e-08  (27 epochs/s)
epoch  17600  train 3.9253e-08  test 3.1968e-08  (27 epochs/s)
epoch  17700  train 3.9255e-08  test 3.1993e-08  (27 epochs/s)
epoch  17800  train 3.9254e-08  test 3.1986e-08  (27 epochs/s)
epoch  17900  train 3.9254e-08  test 3.2052e-08  (27 epochs/s)
epoch  18000  train 3.9254e-08  test 3.2056e-08  (27 epochs/s)
epoch  18100  train 3.9251e-08  test 3.2336e-08  (27 epochs/s)
epoch  18200  train 3.9252e-08  test 3.2323e-08  (27 epochs/s)
epoch  18300  train 3.9253e-08  test 3.2415e-08  (27 epochs/s)
epoch  18400  train 3.9252e-08  test 3.2574e-08  (27 epochs/s)
epoch  18500  train 3.9252e-08  test 3.2690e-08  (27 epochs/s)
epoch  18600  train 3.9251e-08  test 3.2699e-08  (27 epochs/s)
epoch  18700  train 3.9252e-08  test 3.2880e-08  (27 epochs/s)
epoch  18800  train 3.9252e-08  test 3.2710e-08  (27 epochs/s)
epoch  18900  train 3.9251e-08  test 3.2744e-08  (27 epochs/s)
epoch  19000  train 3.9252e-08  test 3.2725e-08  (27 epochs/s)
epoch  19100  train 3.9251e-08  test 3.2821e-08  (27 epochs/s)
epoch  19200  train 3.9251e-08  test 3.2833e-08  (27 epochs/s)
epoch  19300  train 3.9251e-08  test 3.2793e-08  (27 epochs/s)
epoch  19400  train 3.9250e-08  test 3.2865e-08  (27 epochs/s)
epoch  19500  train 3.9249e-08  test 3.2980e-08  (27 epochs/s)
epoch  19600  train 3.9252e-08  test 3.3043e-08  (27 epochs/s)
epoch  19700  train 3.9251e-08  test 3.3175e-08  (27 epochs/s)
epoch  19800  train 3.9251e-08  test 3.3293e-08  (27 epochs/s)
epoch  19900  train 3.9252e-08  test 3.3476e-08  (27 epochs/s)
epoch  20000  train 3.9250e-08  test 3.3502e-08  (27 epochs/s)
done: 20000 epochs in 750s -> runs/combined/p-113/seed2034/seed33428
=== combined init 777 (09:12:14) ===
train: 3830  test: 8939
epoch    100  train 3.5974e+00  test 1.1544e+01  (22 epochs/s)
epoch    200  train 1.5206e-01  test 3.8726e+01  (21 epochs/s)
epoch    300  train 2.4679e-02  test 4.4276e+01  (22 epochs/s)
epoch    400  train 7.8786e-03  test 4.6548e+01  (23 epochs/s)
epoch    500  train 2.5960e-03  test 5.0025e+01  (23 epochs/s)
epoch    600  train 8.7111e-04  test 5.4537e+01  (23 epochs/s)
epoch    700  train 2.9649e-04  test 5.8587e+01  (22 epochs/s)
epoch    800  train 1.0192e-04  test 6.2351e+01  (22 epochs/s)
epoch    900  train 3.5294e-05  test 6.5459e+01  (22 epochs/s)
epoch   1000  train 1.2320e-05  test 6.8711e+01  (22 epochs/s)
epoch   1100  train 4.3396e-06  test 7.1944e+01  (23 epochs/s)
epoch   1200  train 1.5551e-06  test 7.5229e+01  (23 epochs/s)
epoch   1300  train 5.7557e-07  test 7.8649e+01  (23 epochs/s)
epoch   1400  train 2.2956e-07  test 8.1551e+01  (23 epochs/s)
epoch   1500  train 1.0697e-07  test 8.4784e+01  (24 epochs/s)
epoch   1600  train 6.3392e-08  test 8.7835e+01  (24 epochs/s)
epoch   1700  train 4.8330e-08  test 9.0636e+01  (24 epochs/s)
epoch   1800  train 4.4376e-08  test 9.3163e+01  (24 epochs/s)
epoch   1900  train 4.2389e-08  test 9.5807e+01  (24 epochs/s)
epoch   2000  train 4.0497e-08  test 9.8355e+01  (24 epochs/s)
epoch   2100  train 3.9777e-08  test 9.9308e+01  (24 epochs/s)
epoch   2200  train 3.9550e-08  test 9.9168e+01  (24 epochs/s)
epoch   2300  train 3.9505e-08  test 9.8423e+01  (24 epochs/s)
epoch   2400  train 3.9474e-08  test 9.7907e+01  (24 epochs/s)
epoch   2500  train 3.9481e-08  test 9.7829e+01  (24 epochs/s)
epoch   2600  train 3.9508e-08  test 9.7313e+01  (24 epochs/s)
epoch   2700  train 3.9501e-08  test 9.6626e+01  (24 epochs/s)
epoch   2800  train 3.9508e-08  test 9.5808e+01  (25 epochs/s)
epoch   2900  train 3.9519e-08  test 9.4498e+01  (25 epochs/s)
epoch   3000  train 3.9509e-08  test 9.2589e+01  (25 epochs/s)
epoch   3100  train 3.9489e-08  test 9.0789e+01  (25 epochs/s)
epoch   3200  train 3.9457e-08  test 8.9486e+01  (25 epochs/s)
epoch   3300  train 3.9483e-08  test 8.7873e+01  (25 epochs/s)
epoch   3400  train 3.9495e-08  test 8.5898e+01  (25 epochs/s)
epoch   3500  train 3.9446e-08  test 8.4128e+01  (25 epochs/s)
epoch   3600  train 3.9465e-08  test 8.1706e+01  (25 epochs/s)
epoch   3700  train 3.9461e-08  test 7.8462e+01  (25 epochs/s)
epoch   3800  train 3.9472e-08  test 7.3642e+01  (25 epochs/s)
epoch   3900  train 3.9478e-08  test 6.8795e+01  (25 epochs/s)
epoch   4000  train 3.9510e-08  test 6.5245e+01  (25 epochs/s)
epoch   4100  train 3.9483e-08  test 6.1104e+01  (25 epochs/s)
epoch   4200  train 3.9461e-08  test 5.7805e+01  (25 epochs/s)
epoch   4300  train 3.9533e-08  test 5.4534e+01  (25 epochs/s)
epoch   4400  train 3.9554e-08  test 5.1382e+01  (24 epochs/s)
epoch   4500  train 3.9552e-08  test 4.6864e+01  (25 epochs/s)
epoch   4600  train 3.9669e-08  test 4.0502e+01  (25 epochs/s)
epoch   4700  train 3.9786e-08  test 3.3247e+01  (25 epochs/s)
epoch   4800  train 3.9931e-08  test 2.5729e+01  (25 epochs/s)
epoch   4900  train 3.9947e-08  test 1.8592e+01  (25 epochs/s)
epoch   5000  train 4.0015e-08  test 1.2187e+01  (25 epochs/s)
epoch   5100  train 4.0057e-08  test 7.4647e+00  (25 epochs/s)
epoch   5200  train 4.0054e-08  test 4.2349e+00  (25 epochs/s)
epoch   5300  train 4.0030e-08  test 1.6362e+00  (25 epochs/s)
epoch   5400  train 4.0097e-08  test 4.7227e-03  (25 epochs/s)
epoch   5500  train 4.0137e-08  test 1.2208e-04  (25 epochs/s)
epoch   5600  train 4.0127e-08  test 2.2631e-05  (26 epochs/s)
epoch   5700  train 4.0047e-08  test 6.3791e-06  (26 epochs/s)
epoch   5800  train 3.9956e-08  test 2.7499e-06  (26 epochs/s)
epoch   5900  train 3.9847e-08  test 1.2762e-06  (26 epochs/s)
epoch   6000  train 3.9749e-08  test 6.1203e-07  (26 epochs/s)
epoch   6100  train 3.9749e-08  test 3.1214e-07  (26 epochs/s)
epoch   6200  train 3.9724e-08  test 1.6621e-07  (26 epochs/s)
epoch   6300  train 3.9743e-08  test 1.0406e-07  (25 epochs/s)
epoch   6400  train 3.9732e-08  test 6.9546e-08  (25 epochs/s)
epoch   6500  train 3.9691e-08  test 5.2106e-08  (25 epochs/s)
epoch   6600  train 3.9651e-08  test 4.9541e-08  (25 epochs/s)
epoch   6700  train 3.9608e-08  test 4.1291e-08  (25 epochs/s)
epoch   6800  train 3.9607e-08  test 3.5031e-08  (25 epochs/s)
epoch   6900  train 3.9615e-08  test 3.5577e-08  (25 epochs/s)
epoch   7000  train 3.9610e-08  test 3.7908e-08  (25 epochs/s)
epoch   7100  train 3.9609e-08  test 4.0646e-08  (25 epochs/s)
epoch   7200  train 3.9620e-08  test 3.6814e-08  (25 epochs/s)
epoch   7300  train 3.9632e-08  test 3.4495e-08  (25 epochs/s)
epoch   7400  train 3.9620e-08  test 3.6952e-08  (25 epochs/s)
epoch   7500  train 3.9614e-08  test 3.4957e-08  (26 epochs/s)
epoch   7600  train 3.9628e-08  test 3.2206e-08  (26 epochs/s)
epoch   7700  train 3.9637e-08  test 3.4568e-08  (26 epochs/s)
epoch   7800  train 3.9642e-08  test 3.6289e-08  (26 epochs/s)
epoch   7900  train 3.9647e-08  test 3.5354e-08  (26 epochs/s)
epoch   8000  train 3.9656e-08  test 2.9702e-08  (26 epochs/s)
epoch   8100  train 3.9662e-08  test 3.0797e-08  (26 epochs/s)
epoch   8200  train 3.9665e-08  test 3.5003e-08  (26 epochs/s)
epoch   8300  train 3.9656e-08  test 3.5406e-08  (26 epochs/s)
epoch   8400  train 3.9646e-08  test 2.7953e-08  (26 epochs/s)
epoch   8500  train 3.9644e-08  test 3.3974e-08  (26 epochs/s)
epoch   8600  train 3.9639e-08  test 3.1112e-08  (26 epochs/s)
epoch   8700  train 3.9640e-08  test 3.4582e-08  (26 epochs/s)
epoch   8800  train 3.9644e-08  test 2.9321e-08  (26 epochs/s)
epoch   8900  train 3.9640e-08  test 3.6211e-08  (26 epochs/s)
epoch   9000  train 3.9637e-08  test 3.5914e-08  (26 epochs/s)
epoch   9100  train 3.9641e-08  test 3.3896e-08  (26 epochs/s)
epoch   9200  train 3.9631e-08  test 2.8001e-08  (26 epochs/s)
epoch   9300  train 3.9629e-08  test 3.3325e-08  (26 epochs/s)
epoch   9400  train 3.9623e-08  test 2.7469e-08  (26 epochs/s)
epoch   9500  train 3.9623e-08  test 3.1658e-08  (26 epochs/s)
epoch   9600  train 3.9626e-08  test 2.9244e-08  (26 epochs/s)
epoch   9700  train 3.9608e-08  test 3.4370e-08  (26 epochs/s)
epoch   9800  train 3.9607e-08  test 3.3265e-08  (25 epochs/s)
epoch   9900  train 3.9601e-08  test 2.9096e-08  (25 epochs/s)
epoch  10000  train 3.9595e-08  test 2.9913e-08  (25 epochs/s)
epoch  10100  train 3.9590e-08  test 2.6770e-08  (25 epochs/s)
epoch  10200  train 3.9586e-08  test 2.8007e-08  (25 epochs/s)
epoch  10300  train 3.9583e-08  test 2.9431e-08  (25 epochs/s)
epoch  10400  train 3.9583e-08  test 2.6270e-08  (25 epochs/s)
epoch  10500  train 3.9584e-08  test 2.8467e-08  (25 epochs/s)
epoch  10600  train 3.9580e-08  test 3.5452e-08  (25 epochs/s)
epoch  10700  train 3.9574e-08  test 3.0624e-08  (25 epochs/s)
epoch  10800  train 3.9565e-08  test 2.7008e-08  (25 epochs/s)
epoch  10900  train 3.9558e-08  test 3.3796e-08  (25 epochs/s)
epoch  11000  train 3.9552e-08  test 2.9548e-08  (25 epochs/s)
epoch  11100  train 3.9546e-08  test 2.8806e-08  (25 epochs/s)
epoch  11200  train 3.9539e-08  test 3.4245e-08  (25 epochs/s)
epoch  11300  train 3.9531e-08  test 3.4104e-08  (25 epochs/s)
epoch  11400  train 3.9522e-08  test 3.1210e-08  (25 epochs/s)
epoch  11500  train 3.9516e-08  test 3.2638e-08  (25 epochs/s)
epoch  11600  train 3.9508e-08  test 3.4541e-08  (25 epochs/s)
epoch  11700  train 3.9503e-08  test 2.5357e-08  (25 epochs/s)
epoch  11800  train 3.9496e-08  test 2.5325e-08  (25 epochs/s)
epoch  11900  train 3.9490e-08  test 2.8017e-08  (25 epochs/s)
epoch  12000  train 3.9485e-08  test 3.1857e-08  (25 epochs/s)
epoch  12100  train 3.9481e-08  test 2.5496e-08  (25 epochs/s)
epoch  12200  train 3.9479e-08  test 3.0256e-08  (25 epochs/s)
epoch  12300  train 3.9480e-08  test 3.0471e-08  (25 epochs/s)
epoch  12400  train 3.9480e-08  test 2.8050e-08  (25 epochs/s)
epoch  12500  train 3.9480e-08  test 3.3647e-08  (25 epochs/s)
epoch  12600  train 3.9478e-08  test 2.6930e-08  (25 epochs/s)
epoch  12700  train 3.9483e-08  test 3.1074e-08  (26 epochs/s)
epoch  12800  train 3.9481e-08  test 3.3285e-08  (26 epochs/s)
epoch  12900  train 3.9477e-08  test 3.4564e-08  (26 epochs/s)
epoch  13000  train 3.9493e-08  test 2.6829e-08  (26 epochs/s)train: 3830  test: 8939
epoch    100  train 4.5551e+00  test 5.4786e+00  (32 epochs/s)
epoch    200  train 2.8665e+00  test 1.7573e+01  (33 epochs/s)
epoch    300  train 2.7654e+00  test 1.5706e+01  (34 epochs/s)
epoch    400  train 2.5900e+00  test 1.4863e+01  (34 epochs/s)
epoch    500  train 2.1381e+00  test 1.9328e+01  (34 epochs/s)
epoch    600  train 5.8610e-01  test 3.3015e+01  (33 epochs/s)
epoch    700  train 6.5469e-02  test 4.7612e+01  (33 epochs/s)
epoch    800  train 1.9551e-02  test 5.2862e+01  (33 epochs/s)
epoch    900  train 6.3973e-03  test 5.7177e+01  (33 epochs/s)
epoch   1000  train 2.1445e-03  test 6.1642e+01  (33 epochs/s)
epoch   1100  train 7.2732e-04  test 6.7137e+01  (33 epochs/s)
epoch   1200  train 2.4905e-04  test 7.2162e+01  (33 epochs/s)
epoch   1300  train 8.6221e-05  test 7.5701e+01  (33 epochs/s)
epoch   1400  train 3.0299e-05  test 8.1167e+01  (32 epochs/s)
epoch   1500  train 1.0890e-05  test 8.5942e+01  (32 epochs/s)
epoch   1600  train 4.0984e-06  test 9.0291e+01  (32 epochs/s)
epoch   1700  train 1.6965e-06  test 9.2818e+01  (32 epochs/s)
epoch   1800  train 8.2769e-07  test 9.2690e+01  (32 epochs/s)
epoch   1900  train 5.0649e-07  test 9.0714e+01  (32 epochs/s)
epoch   2000  train 3.9005e-07  test 8.8651e+01  (32 epochs/s)
epoch   2100  train 3.5321e-07  test 8.5997e+01  (32 epochs/s)
epoch   2200  train 3.4347e-07  test 8.3568e+01  (32 epochs/s)
epoch   2300  train 3.4110e-07  test 8.0986e+01  (33 epochs/s)
epoch   2400  train 3.3999e-07  test 7.8468e+01  (33 epochs/s)
epoch   2500  train 3.3868e-07  test 7.6784e+01  (32 epochs/s)
epoch   2600  train 3.3714e-07  test 7.6376e+01  (32 epochs/s)
epoch   2700  train 3.3538e-07  test 7.5637e+01  (32 epochs/s)
epoch   2800  train 3.3366e-07  test 7.5128e+01  (32 epochs/s)
epoch   2900  train 3.3183e-07  test 7.4586e+01  (32 epochs/s)
epoch   3000  train 3.3001e-07  test 7.3969e+01  (32 epochs/s)
epoch   3100  train 3.2795e-07  test 7.3172e+01  (32 epochs/s)
epoch   3200  train 3.2597e-07  test 7.2399e+01  (32 epochs/s)
epoch   3300  train 3.2390e-07  test 7.1363e+01  (32 epochs/s)
epoch   3400  train 3.2155e-07  test 7.0702e+01  (32 epochs/s)
epoch   3500  train 3.1935e-07  test 7.0096e+01  (32 epochs/s)
epoch   3600  train 3.1716e-07  test 6.9016e+01  (32 epochs/s)
epoch   3700  train 3.1490e-07  test 6.8014e+01  (32 epochs/s)
epoch   3800  train 3.1260e-07  test 6.7527e+01  (32 epochs/s)
epoch   3900  train 3.0986e-07  test 6.6806e+01  (32 epochs/s)
epoch   4000  train 3.0729e-07  test 6.5813e+01  (31 epochs/s)
epoch   4100  train 3.0447e-07  test 6.4587e+01  (31 epochs/s)
epoch   4200  train 3.0141e-07  test 6.3199e+01  (31 epochs/s)
epoch   4300  train 2.9811e-07  test 6.1661e+01  (31 epochs/s)
epoch   4400  train 2.9447e-07  test 5.9973e+01  (31 epochs/s)
epoch   4500  train 2.9010e-07  test 5.7796e+01  (31 epochs/s)
epoch   4600  train 2.8531e-07  test 5.4837e+01  (30 epochs/s)
epoch   4700  train 2.8009e-07  test 5.3214e+01  (30 epochs/s)
epoch   4800  train 2.7427e-07  test 5.2292e+01  (30 epochs/s)
epoch   4900  train 2.6743e-07  test 5.0547e+01  (30 epochs/s)
epoch   5000  train 2.5941e-07  test 4.7545e+01  (30 epochs/s)
epoch   5100  train 2.5015e-07  test 4.2614e+01  (30 epochs/s)
epoch   5200  train 2.3990e-07  test 3.9561e+01  (30 epochs/s)
epoch   5300  train 2.2847e-07  test 3.5688e+01  (29 epochs/s)
epoch   5400  train 2.1525e-07  test 2.9998e+01  (29 epochs/s)
epoch   5500  train 2.0282e-07  test 2.6510e+01  (29 epochs/s)
epoch   5600  train 1.9240e-07  test 2.1575e+01  (29 epochs/s)
epoch   5700  train 1.8430e-07  test 1.6283e+01  (28 epochs/s)
epoch   5800  train 1.7705e-07  test 1.1018e+01  (28 epochs/s)
epoch   5900  train 1.7017e-07  test 6.5913e+00  (28 epochs/s)
epoch   6000  train 1.6339e-07  test 4.9301e+00  (28 epochs/s)
done: 6000 epochs in 212s -> runs/phase2-probes/tilt15-e8
tilt15 probe stable: yes (final train CE gate 1e-3)
=== eff-B init 11285 (09:31:27) ===
train: 3830  test: 8939
epoch    100  train 3.8421e+00  test 1.1159e+01  (23 epochs/s)
epoch    200  train 9.0432e-01  test 2.8542e+01  (19 epochs/s)
epoch    300  train 1.0116e-01  test 3.8094e+01  (20 epochs/s)
epoch    400  train 3.4683e-02  test 3.8402e+01  (21 epochs/s)
epoch    500  train 1.2518e-02  test 3.9237e+01  (22 epochs/s)
epoch    600  train 4.6048e-03  test 4.1334e+01  (22 epochs/s)
epoch    700  train 1.7159e-03  test 4.4554e+01  (23 epochs/s)
epoch    800  train 6.4391e-04  test 4.6913e+01  (23 epochs/s)
epoch    900  train 2.4382e-04  test 4.9761e+01  (23 epochs/s)
epoch   1000  train 9.3132e-05  test 5.2227e+01  (23 epochs/s)
epoch   1100  train 3.6275e-05  test 5.3896e+01  (24 epochs/s)
epoch   1200  train 1.4689e-05  test 5.4997e+01  (24 epochs/s)
epoch   1300  train 6.3955e-06  test 5.5776e+01  (24 epochs/s)
epoch   1400  train 3.1620e-06  test 5.5178e+01  (24 epochs/s)
epoch   1500  train 1.8725e-06  test 5.4747e+01  (24 epochs/s)
epoch   1600  train 1.3547e-06  test 5.3384e+01  (25 epochs/s)
epoch   1700  train 1.1527e-06  test 5.2322e+01  (25 epochs/s)
epoch   1800  train 1.0706e-06  test 5.1754e+01  (25 epochs/s)
epoch   1900  train 1.0227e-06  test 4.9982e+01  (25 epochs/s)
epoch   2000  train 9.8011e-07  test 4.6729e+01  (25 epochs/s)
epoch   2100  train 9.2548e-07  test 4.1720e+01  (25 epochs/s)
epoch   2200  train 8.5359e-07  test 3.2692e+01  (25 epochs/s)
epoch   2300  train 7.7842e-07  test 2.5063e+01  (26 epochs/s)
epoch   2400  train 6.8947e-07  test 1.7785e+01  (26 epochs/s)
epoch   2500  train 5.8651e-07  test 7.8486e+00  (26 epochs/s)
epoch   2600  train 4.8804e-07  test 3.2305e+00  (26 epochs/s)
epoch   2700  train 4.3032e-07  test 1.9884e+00  (26 epochs/s)
epoch   2800  train 4.0082e-07  test 1.0701e-01  (26 epochs/s)
epoch   2900  train 3.8641e-07  test 4.9989e-05  (26 epochs/s)
epoch   3000  train 3.7890e-07  test 8.8593e-06  (26 epochs/s)
epoch   3100  train 3.7415e-07  test 4.8503e-06  (26 epochs/s)
epoch   3200  train 3.7079e-07  test 3.6988e-06  (26 epochs/s)
epoch   3300  train 3.6823e-07  test 3.1483e-06  (26 epochs/s)
epoch   3400  train 3.6617e-07  test 2.8183e-06  (26 epochs/s)
epoch   3500  train 3.6437e-07  test 2.5666e-06  (27 epochs/s)
epoch   3600  train 3.6301e-07  test 2.4163e-06  (27 epochs/s)
epoch   3700  train 3.6183e-07  test 2.3649e-06  (27 epochs/s)
epoch   3800  train 3.6081e-07  test 2.3157e-06  (27 epochs/s)
epoch   3900  train 3.5983e-07  test 2.3306e-06  (27 epochs/s)
epoch   4000  train 3.5893e-07  test 2.3495e-06  (27 epochs/s)
epoch   4100  train 3.5819e-07  test 2.3725e-06  (27 epochs/s)
epoch   4200  train 3.5755e-07  test 2.3864e-06  (27 epochs/s)
epoch   4300  train 3.5675e-07  test 2.4098e-06  (27 epochs/s)
epoch   4400  train 3.5625e-07  test 2.4373e-06  (28 epochs/s)
epoch   4500  train 3.5569e-07  test 2.4641e-06  (28 epochs/s)
epoch   4600  train 3.5516e-07  test 2.4872e-06  (28 epochs/s)
epoch   4700  train 3.5453e-07  test 2.4808e-06  (28 epochs/s)
epoch   4800  train 3.5419e-07  test 2.4886e-06  (28 epochs/s)
epoch   4900  train 3.5350e-07  test 2.4807e-06  (28 epochs/s)
epoch   5000  train 3.5305e-07  test 2.5012e-06  (28 epochs/s)
epoch   5100  train 3.5266e-07  test 2.5526e-06  (28 epochs/s)
epoch   5200  train 3.5220e-07  test 2.5899e-06  (28 epochs/s)
epoch   5300  train 3.5180e-07  test 2.6096e-06  (28 epochs/s)
epoch   5400  train 3.5154e-07  test 2.6238e-06  (28 epochs/s)
epoch   5500  train 3.5116e-07  test 2.6390e-06  (29 epochs/s)
epoch   5600  train 3.5074e-07  test 2.6431e-06  (29 epochs/s)
epoch   5700  train 3.5055e-07  test 2.6391e-06  (29 epochs/s)
epoch   5800  train 3.5020e-07  test 2.6237e-06  (29 epochs/s)
epoch   5900  train 3.4986e-07  test 2.6082e-06  (29 epochs/s)
epoch   6000  train 3.4946e-07  test 2.6055e-06  (29 epochs/s)
epoch   6100  train 3.4928e-07  test 2.6065e-06  (29 epochs/s)
epoch   6200  train 3.4904e-07  test 2.6016e-06  (29 epochs/s)
epoch   6300  train 3.4877e-07  test 2.5988e-06  (29 epochs/s)
epoch   6400  train 3.4842e-07  test 2.5903e-06  (29 epochs/s)
epoch   6500  train 3.4831e-07  test 2.5939e-06  (29 epochs/s)
epoch   6600  train 3.4809e-07  test 2.5816e-06  (29 epochs/s)
epoch   6700  train 3.4799e-07  test 2.5584e-06  (29 epochs/s)
epoch   6800  train 3.4762e-07  test 2.5343e-06  (29 epochs/s)
epoch   6900  train 3.4752e-07  test 2.5428e-06  (29 epochs/s)
epoch   7000  train 3.4721e-07  test 2.5563e-06  (30 epochs/s)
epoch   7100  train 3.4716e-07  test 2.5567e-06  (30 epochs/s)
epoch   7200  train 3.4690e-07  test 2.5730e-06  (30 epochs/s)
epoch   7300  train 3.4682e-07  test 2.5790e-06  (30 epochs/s)
epoch   7400  train 3.4664e-07  test 2.5973e-06  (30 epochs/s)
epoch   7500  train 3.4654e-07  test 2.5865e-06  (30 epochs/s)
epoch   7600  train 3.4631e-07  test 2.5793e-06  (30 epochs/s)
epoch   7700  train 3.4617e-07  test 2.5888e-06  (30 epochs/s)
epoch   7800  train 3.4612e-07  test 2.5743e-06  (30 epochs/s)
epoch   7900  train 3.4595e-07  test 2.5787e-06  (30 epochs/s)
epoch   8000  train 3.4579e-07  test 2.5906e-06  (30 epochs/s)
epoch   8100  train 3.4566e-07  test 2.5665e-06  (30 epochs/s)
epoch   8200  train 3.4554e-07  test 2.5770e-06  (30 epochs/s)
epoch   8300  train 3.4547e-07  test 2.6044e-06  (30 epochs/s)
epoch   8400  train 3.4520e-07  test 2.5957e-06  (30 epochs/s)
epoch   8500  train 3.4504e-07  test 2.5821e-06  (30 epochs/s)
epoch   8600  train 3.4497e-07  test 2.5136e-06  (30 epochs/s)
epoch   8700  train 3.4487e-07  test 2.4734e-06  (30 epochs/s)
epoch   8800  train 3.4482e-07  test 2.4561e-06  (30 epochs/s)
epoch   8900  train 3.4461e-07  test 2.4449e-06  (30 epochs/s)
epoch   9000  train 3.4446e-07  test 2.4415e-06  (30 epochs/s)
epoch   9100  train 3.4450e-07  test 2.4356e-06  (30 epochs/s)
epoch   9200  train 3.4433e-07  test 2.4194e-06  (30 epochs/s)
epoch   9300  train 3.4419e-07  test 2.4006e-06  (30 epochs/s)
epoch   9400  train 3.4415e-07  test 2.3779e-06  (30 epochs/s)
epoch   9500  train 3.4401e-07  test 2.3593e-06  (30 epochs/s)
epoch   9600  train 3.4398e-07  test 2.3491e-06  (31 epochs/s)
epoch   9700  train 3.4383e-07  test 2.3084e-06  (31 epochs/s)
epoch   9800  train 3.4373e-07  test 2.2589e-06  (31 epochs/s)
epoch   9900  train 3.4361e-07  test 2.2371e-06  (31 epochs/s)
epoch  10000  train 3.4361e-07  test 2.2087e-06  (31 epochs/s)
epoch  10100  train 3.4346e-07  test 2.1835e-06  (31 epochs/s)
epoch  10200  train 3.4338e-07  test 2.1568e-06  (31 epochs/s)
epoch  10300  train 3.4324e-07  test 2.1275e-06  (31 epochs/s)
epoch  10400  train 3.4331e-07  test 2.1051e-06  (31 epochs/s)
epoch  10500  train 3.4312e-07  test 2.0689e-06  (31 epochs/s)
epoch  10600  train 3.4317e-07  test 2.0627e-06  (31 epochs/s)
epoch  10700  train 3.4308e-07  test 2.0481e-06  (31 epochs/s)
epoch  10800  train 3.4297e-07  test 2.0353e-06  (31 epochs/s)
epoch  10900  train 3.4291e-07  test 2.0045e-06  (31 epochs/s)
epoch  11000  train 3.4292e-07  test 1.9744e-06  (31 epochs/s)
epoch  11100  train 3.4280e-07  test 1.9555e-06  (31 epochs/s)
epoch  11200  train 3.4270e-07  test 1.9440e-06  (31 epochs/s)
epoch  11300  train 3.4264e-07  test 1.9351e-06  (31 epochs/s)
epoch  11400  train 3.4246e-07  test 1.9236e-06  (31 epochs/s)
epoch  11500  train 3.4247e-07  test 1.9260e-06  (31 epochs/s)
epoch  11600  train 3.4246e-07  test 1.9145e-06  (31 epochs/s)
epoch  11700  train 3.4233e-07  test 1.9052e-06  (31 epochs/s)
epoch  11800  train 3.4230e-07  test 1.8971e-06  (31 epochs/s)
epoch  11900  train 3.4224e-07  test 1.8897e-06  (31 epochs/s)
epoch  12000  train 3.4230e-07  test 1.8853e-06  (31 epochs/s)
epoch  12100  train 3.4211e-07  test 1.8789e-06  (31 epochs/s)
epoch  12200  train 3.4208e-07  test 1.8821e-06  (31 epochs/s)
epoch  12300  train 3.4207e-07  test 1.8768e-06  (31 epochs/s)
epoch  12400  train 3.4204e-07  test 1.8728e-06  (31 epochs/s)
epoch  12500  train 3.4202e-07  test 1.8678e-06  (31 epochs/s)
epoch  12600  train 3.4193e-07  test 1.8673e-06  (31 epochs/s)
epoch  12700  train 3.4193e-07  test 1.8571e-06  (31 epochs/s)
epoch  12800  train 3.4177e-07  test 1.8527e-06  (31 epochs/s)
epoch  12900  train 3.4171e-07  test 1.8526e-06  (31 epochs/s)
epoch  13000  train 3.4162e-07  test 1.8536e-06  (31 epochs/s)
epoch  13100  train 3.4166e-07  test 1.8429e-06  (31 epochs/s)
epoch  13200  train 3.4157e-07  test 1.8431e-06  (31 epochs/s)
epoch  13300  train 3.4159e-07  test 1.8399e-06  (31 epochs/s)
epoch  13400  train 3.4148e-07  test 1.8391e-06  (31 epochs/s)
epoch  13500  train 3.4141e-07  test 1.8362e-06  (31 epochs/s)
epoch  13600  train 3.4145e-07  test 1.8288e-06  (31 epochs/s)
epoch  13700  train 3.4125e-07  test 1.8277e-06  (31 epochs/s)
epoch  13800  train 3.4142e-07  test 1.8235e-06  (31 epochs/s)
epoch  13900  train 3.4118e-07  test 1.8217e-06  (31 epochs/s)
epoch  14000  train 3.4107e-07  test 1.8098e-06  (31 epochs/s)
epoch  14100  train 3.4124e-07  test 1.8081e-06  (31 epochs/s)
epoch  14200  train 3.4104e-07  test 1.7956e-06  (31 epochs/s)
epoch  14300  train 3.4108e-07  test 1.7978e-06  (31 epochs/s)
epoch  14400  train 3.4109e-07  test 1.7970e-06  (31 epochs/s)
epoch  14500  train 3.4105e-07  test 1.7881e-06  (31 epochs/s)
epoch  14600  train 3.4095e-07  test 1.7914e-06  (32 epochs/s)
epoch  14700  train 3.4092e-07  test 1.7883e-06  (32 epochs/s)
epoch  14800  train 3.4085e-07  test 1.7864e-06  (32 epochs/s)
epoch  14900  train 3.4087e-07  test 1.7900e-06  (32 epochs/s)
epoch  15000  train 3.4065e-07  test 1.7917e-06  (32 epochs/s)
epoch  15100  train 3.4078e-07  test 1.7855e-06  (32 epochs/s)
epoch  15200  train 3.4068e-07  test 1.7794e-06  (32 epochs/s)
epoch  15300  train 3.4071e-07  test 1.7827e-06  (32 epochs/s)
epoch  15400  train 3.4055e-07  test 1.7810e-06  (32 epochs/s)
epoch  15500  train 3.4054e-07  test 1.7767e-06  (32 epochs/s)
epoch  15600  train 3.4050e-07  test 1.7750e-06  (32 epochs/s)
epoch  15700  train 3.4047e-07  test 1.7695e-06  (32 epochs/s)
epoch  15800  train 3.4040e-07  test 1.7655e-06  (32 epochs/s)
epoch  15900  train 3.4036e-07  test 1.7709e-06  (32 epochs/s)
epoch  16000  train 3.4031e-07  test 1.7656e-06  (32 epochs/s)
epoch  16100  train 3.4026e-07  test 1.7604e-06  (32 epochs/s)
epoch  16200  train 3.4033e-07  test 1.7565e-06  (32 epochs/s)
epoch  16300  train 3.4026e-07  test 1.7580e-06  (32 epochs/s)
epoch  16400  train 3.4025e-07  test 1.7556e-06  (32 epochs/s)
epoch  16500  train 3.4015e-07  test 1.7518e-06  (32 epochs/s)
epoch  16600  train 3.4016e-07  test 1.7495e-06  (32 epochs/s)
epoch  16700  train 3.4008e-07  test 1.7463e-06  (32 epochs/s)
epoch  16800  train 3.4011e-07  test 1.7391e-06  (32 epochs/s)
epoch  16900  train 3.4008e-07  test 1.7432e-06  (32 epochs/s)
epoch  17000  train 3.4008e-07  test 1.7407e-06  (32 epochs/s)
epoch  17100  train 3.3987e-07  test 1.7395e-06  (32 epochs/s)
epoch  17200  train 3.3982e-07  test 1.7353e-06  (32 epochs/s)
epoch  17300  train 3.3981e-07  test 1.7311e-06  (32 epochs/s)
epoch  17400  train 3.3978e-07  test 1.6881e-06  (32 epochs/s)
epoch  17500  train 3.3984e-07  test 1.6748e-06  (32 epochs/s)
epoch  17600  train 3.3994e-07  test 1.6645e-06  (32 epochs/s)
epoch  17700  train 3.3976e-07  test 1.6632e-06  (32 epochs/s)
epoch  17800  train 3.3975e-07  test 1.6568e-06  (32 epochs/s)
epoch  17900  train 3.3978e-07  test 1.6549e-06  (32 epochs/s)
epoch  18000  train 3.3949e-07  test 1.6456e-06  (32 epochs/s)
epoch  18100  train 3.3960e-07  test 1.6368e-06  (32 epochs/s)
epoch  18200  train 3.3956e-07  test 1.6368e-06  (32 epochs/s)
epoch  18300  train 3.3955e-07  test 1.6355e-06  (32 epochs/s)
epoch  18400  train 3.3944e-07  test 1.6337e-06  (32 epochs/s)
epoch  18500  train 3.3944e-07  test 1.6298e-06  (32 epochs/s)
epoch  18600  train 3.3947e-07  test 1.6299e-06  (32 epochs/s)
epoch  18700  train 3.3940e-07  test 1.6308e-06  (32 epochs/s)
epoch  18800  train 3.3943e-07  test 1.6309e-06  (32 epochs/s)
epoch  18900  train 3.3938e-07  test 1.6229e-06  (32 epochs/s)
epoch  19000  train 3.3938e-07  test 1.6275e-06  (32 epochs/s)
epoch  19100  train 3.3927e-07  test 1.6258e-06  (32 epochs/s)
epoch  19200  train 3.3937e-07  test 1.6234e-06  (32 epochs/s)
epoch  19300  train 3.3921e-07  test 1.5917e-06  (32 epochs/s)
epoch  19400  train 3.3913e-07  test 1.5717e-06  (32 epochs/s)
epoch  19500  train 3.3911e-07  test 1.5639e-06  (32 epochs/s)
epoch  19600  train 3.3908e-07  test 1.5582e-06  (32 epochs/s)
epoch  19700  train 3.3899e-07  test 1.5501e-06  (32 epochs/s)
epoch  19800  train 3.3904e-07  test 1.5475e-06  (32 epochs/s)
epoch  19900  train 3.3902e-07  test 1.5448e-06  (32 epochs/s)
epoch  20000  train 3.3899e-07  test 1.5429e-06  (32 epochs/s)
done: 20000 epochs in 625s -> runs/eff-B/p-113/seed2034/seed11285
=== eff-B init 33428 (09:41:52) ===
train: 3830  test: 8939
epoch    100  train 3.9388e+00  test 1.0099e+01  (34 epochs/s)
epoch    200  train 9.8576e-01  test 2.4875e+01  (34 epochs/s)
epoch    300  train 1.0081e-01  test 3.4580e+01  (34 epochs/s)
epoch    400  train 3.4239e-02  test 3.7076e+01  (34 epochs/s)
epoch    500  train 1.2164e-02  test 4.0094e+01  (34 epochs/s)
epoch    600  train 4.3985e-03  test 4.3317e+01  (34 epochs/s)
epoch    700  train 1.5971e-03  test 4.4485e+01  (34 epochs/s)
epoch    800  train 5.7983e-04  test 4.3431e+01  (34 epochs/s)
epoch    900  train 2.1071e-04  test 4.3493e+01  (34 epochs/s)
epoch   1000  train 7.6606e-05  test 4.3919e+01  (34 epochs/s)
epoch   1100  train 2.7490e-05  test 4.1103e+01  (34 epochs/s)
epoch   1200  train 9.4998e-06  test 3.1974e+01  (34 epochs/s)
epoch   1300  train 3.2403e-06  test 1.8390e+01  (34 epochs/s)
epoch   1400  train 1.4026e-06  test 6.4624e+00  (34 epochs/s)
epoch   1500  train 7.5391e-07  test 1.6219e+00  (34 epochs/s)
epoch   1600  train 4.9669e-07  test 1.1600e-02  (33 epochs/s)
epoch   1700  train 4.0082e-07  test 1.1010e-05  (33 epochs/s)
epoch   1800  train 3.6805e-07  test 1.8322e-06  (33 epochs/s)
epoch   1900  train 3.5385e-07  test 9.6181e-07  (33 epochs/s)
epoch   2000  train 3.4596e-07  test 7.3376e-07  (33 epochs/s)
epoch   2100  train 3.4137e-07  test 6.4454e-07  (33 epochs/s)
epoch   2200  train 3.3843e-07  test 6.0135e-07  (33 epochs/s)
epoch   2300  train 3.3650e-07  test 5.7687e-07  (33 epochs/s)
epoch   2400  train 3.3495e-07  test 5.6158e-07  (33 epochs/s)
epoch   2500  train 3.3366e-07  test 5.5158e-07  (33 epochs/s)
epoch   2600  train 3.3261e-07  test 5.4467e-07  (33 epochs/s)
epoch   2700  train 3.3182e-07  test 5.3970e-07  (33 epochs/s)
epoch   2800  train 3.3092e-07  test 5.3606e-07  (33 epochs/s)
epoch   2900  train 3.3031e-07  test 5.3343e-07  (33 epochs/s)
epoch   3000  train 3.2978e-07  test 5.3148e-07  (33 epochs/s)
epoch   3100  train 3.2918e-07  test 5.2963e-07  (33 epochs/s)
epoch   3200  train 3.2875e-07  test 5.2792e-07  (33 epochs/s)
epoch   3300  train 3.2830e-07  test 5.2635e-07  (33 epochs/s)
epoch   3400  train 3.2787e-07  test 5.2493e-07  (33 epochs/s)
epoch   3500  train 3.2748e-07  test 5.2381e-07  (33 epochs/s)
epoch   3600  train 3.2710e-07  test 5.2288e-07  (33 epochs/s)
epoch   3700  train 3.2683e-07  test 5.2173e-07  (33 epochs/s)
epoch   3800  train 3.2653e-07  test 5.2075e-07  (33 epochs/s)
epoch   3900  train 3.2630e-07  test 5.1986e-07  (33 epochs/s)
epoch   4000  train 3.2592e-07  test 5.1907e-07  (33 epochs/s)
epoch   4100  train 3.2574e-07  test 5.1836e-07  (33 epochs/s)
epoch   4200  train 3.2549e-07  test 5.1766e-07  (33 epochs/s)
epoch   4300  train 3.2531e-07  test 5.1721e-07  (33 epochs/s)
epoch   4400  train 3.2501e-07  test 5.1662e-07  (33 epochs/s)
epoch   4500  train 3.2483e-07  test 5.1593e-07  (33 epochs/s)
epoch   4600  train 3.2459e-07  test 5.1557e-07  (33 epochs/s)
epoch   4700  train 3.2436e-07  test 5.1520e-07  (33 epochs/s)
epoch   4800  train 3.2424e-07  test 5.1479e-07  (33 epochs/s)
epoch   4900  train 3.2400e-07  test 5.1439e-07  (33 epochs/s)
epoch   5000  train 3.2389e-07  test 5.1391e-07  (33 epochs/s)
epoch   5100  train 3.2380e-07  test 5.1367e-07  (33 epochs/s)
epoch   5200  train 3.2361e-07  test 5.1333e-07  (32 epochs/s)
epoch   5300  train 3.2359e-07  test 5.1309e-07  (31 epochs/s)
epoch   5400  train 3.2343e-07  test 5.1293e-07  (31 epochs/s)
epoch   5500  train 3.2321e-07  test 5.1265e-07  (30 epochs/s)
epoch   5600  train 3.2307e-07  test 5.1233e-07  (30 epochs/s)
epoch   5700  train 3.2295e-07  test 5.1213e-07  (30 epochs/s)
epoch   5800  train 3.2290e-07  test 5.1207e-07  (30 epochs/s)
epoch   5900  train 3.2272e-07  test 5.1191e-07  (29 epochs/s)
epoch   6000  train 3.2270e-07  test 5.1177e-07  (29 epochs/s)
epoch   6100  train 3.2261e-07  test 5.1158e-07  (29 epochs/s)
epoch   6200  train 3.2243e-07  test 5.1159e-07  (29 epochs/s)
epoch   6300  train 3.2244e-07  test 5.1142e-07  (29 epochs/s)
epoch   6400  train 3.2226e-07  test 5.1136e-07  (29 epochs/s)
epoch   6500  train 3.2224e-07  test 5.1130e-07  (29 epochs/s)
epoch   6600  train 3.2204e-07  test 5.1125e-07  (29 epochs/s)
epoch   6700  train 3.2202e-07  test 5.1111e-07  (29 epochs/s)
epoch   6800  train 3.2187e-07  test 5.1119e-07  (29 epochs/s)
epoch   6900  train 3.2194e-07  test 5.1123e-07  (29 epochs/s)
epoch   7000  train 3.2186e-07  test 5.1126e-07  (29 epochs/s)
epoch   7100  train 3.2167e-07  test 5.1140e-07  (29 epochs/s)
epoch   7200  train 3.2163e-07  test 5.1156e-07  (29 epochs/s)
epoch   7300  train 3.2160e-07  test 5.1160e-07  (29 epochs/s)
epoch   7400  train 3.2162e-07  test 5.1168e-07  (29 epochs/s)
epoch   7500  train 3.2150e-07  test 5.1163e-07  (29 epochs/s)
epoch   7600  train 3.2140e-07  test 5.1172e-07  (29 epochs/s)
epoch   7700  train 3.2125e-07  test 5.1170e-07  (29 epochs/s)
epoch   7800  train 3.2127e-07  test 5.1170e-07  (29 epochs/s)
epoch   7900  train 3.2126e-07  test 5.1162e-07  (30 epochs/s)
epoch   8000  train 3.2108e-07  test 5.1164e-07  (30 epochs/s)
epoch   8100  train 3.2100e-07  test 5.1172e-07  (30 epochs/s)
epoch   8200  train 3.2105e-07  test 5.1173e-07  (30 epochs/s)
epoch   8300  train 3.2089e-07  test 5.1182e-07  (30 epochs/s)
epoch   8400  train 3.2084e-07  test 5.1189e-07  (30 epochs/s)
epoch   8500  train 3.2078e-07  test 5.1175e-07  (30 epochs/s)
epoch   8600  train 3.2081e-07  test 5.1171e-07  (30 epochs/s)
epoch   8700  train 3.2060e-07  test 5.1173e-07  (30 epochs/s)
epoch   8800  train 3.2066e-07  test 5.1171e-07  (30 epochs/s)
epoch   8900  train 3.2055e-07  test 5.1163e-07  (30 epochs/s)
epoch   9000  train 3.2047e-07  test 5.1158e-07  (30 epochs/s)
epoch   9100  train 3.2043e-07  test 5.1165e-07  (30 epochs/s)
epoch   9200  train 3.2051e-07  test 5.1176e-07  (30 epochs/s)
epoch   9300  train 3.2053e-07  test 5.1171e-07  (30 epochs/s)
epoch   9400  train 3.2035e-07  test 5.1175e-07  (30 epochs/s)
epoch   9500  train 3.2044e-07  test 5.1175e-07  (30 epochs/s)
epoch   9600  train 3.2033e-07  test 5.1170e-07  (30 epochs/s)
epoch   9700  train 3.2028e-07  test 5.1176e-07  (30 epochs/s)
epoch   9800  train 3.2009e-07  test 5.1190e-07  (30 epochs/s)
epoch   9900  train 3.2011e-07  test 5.1193e-07  (30 epochs/s)
epoch  10000  train 3.2006e-07  test 5.1204e-07  (30 epochs/s)
epoch  10100  train 3.2003e-07  test 5.1214e-07  (30 epochs/s)
epoch  10200  train 3.1994e-07  test 5.1221e-07  (30 epochs/s)
epoch  10300  train 3.1992e-07  test 5.1233e-07  (30 epochs/s)
epoch  10400  train 3.1984e-07  test 5.1231e-07  (30 epochs/s)
epoch  10500  train 3.1984e-07  test 5.1241e-07  (30 epochs/s)
epoch  10600  train 3.1982e-07  test 5.1254e-07  (30 epochs/s)
epoch  10700  train 3.1979e-07  test 5.1257e-07  (30 epochs/s)
epoch  10800  train 3.1973e-07  test 5.1260e-07  (30 epochs/s)
epoch  10900  train 3.1967e-07  test 5.1263e-07  (31 epochs/s)
epoch  11000  train 3.1969e-07  test 5.1268e-07  (31 epochs/s)
epoch  11100  train 3.1961e-07  test 5.1271e-07  (31 epochs/s)
epoch  11200  train 3.1949e-07  test 5.1285e-07  (31 epochs/s)
epoch  11300  train 3.1949e-07  test 5.1286e-07  (31 epochs/s)
epoch  11400  train 3.1947e-07  test 5.1299e-07  (31 epochs/s)
epoch  11500  train 3.1947e-07  test 5.1300e-07  (31 epochs/s)
epoch  11600  train 3.1945e-07  test 5.1306e-07  (31 epochs/s)
epoch  11700  train 3.1945e-07  test 5.1312e-07  (31 epochs/s)
epoch  11800  train 3.1933e-07  test 5.1310e-07  (31 epochs/s)
epoch  11900  train 3.1930e-07  test 5.1324e-07  (31 epochs/s)
epoch  12000  train 3.1938e-07  test 5.1323e-07  (31 epochs/s)
epoch  12100  train 3.1942e-07  test 5.1313e-07  (31 epochs/s)
epoch  12200  train 3.1935e-07  test 5.1329e-07  (31 epochs/s)
epoch  12300  train 3.1924e-07  test 5.1330e-07  (31 epochs/s)
epoch  12400  train 3.1924e-07  test 5.1321e-07  (31 epochs/s)
epoch  12500  train 3.1909e-07  test 5.1315e-07  (31 epochs/s)
epoch  12600  train 3.1906e-07  test 5.1320e-07  (31 epochs/s)
epoch  12700  train 3.1919e-07  test 5.1318e-07  (31 epochs/s)
epoch  12800  train 3.1901e-07  test 5.1313e-07  (31 epochs/s)
epoch  12900  train 3.1908e-07  test 5.1316e-07  (31 epochs/s)
epoch  13000  train 3.1902e-07  test 5.1322e-07  (31 epochs/s)
epoch  13100  train 3.1901e-07  test 5.1321e-07  (31 epochs/s)
epoch  13200  train 3.1895e-07  test 5.1322e-07  (31 epochs/s)
epoch  13300  train 3.1881e-07  test 5.1330e-07  (31 epochs/s)
epoch  13400  train 3.1886e-07  test 5.1323e-07  (31 epochs/s)
epoch  13500  train 3.1880e-07  test 5.1321e-07  (31 epochs/s)
epoch  13600  train 3.1880e-07  test 5.1317e-07  (31 epochs/s)
epoch  13700  train 3.1879e-07  test 5.1322e-07  (31 epochs/s)
epoch  13800  train 3.1873e-07  test 5.1325e-07  (31 epochs/s)
epoch  13900  train 3.1874e-07  test 5.1334e-07  (31 epochs/s)
epoch  14000  train 3.1874e-07  test 5.1331e-07  (31 epochs/s)
epoch  14100  train 3.1864e-07  test 5.1317e-07  (31 epochs/s)
epoch  14200  train 3.1855e-07  test 5.1320e-07  (31 epochs/s)
epoch  14300  train 3.1865e-07  test 5.1322e-07  (31 epochs/s)
epoch  14400  train 3.1857e-07  test 5.1327e-07  (31 epochs/s)
epoch  14500  train 3.1854e-07  test 5.1325e-07  (31 epochs/s)
epoch  14600  train 3.1858e-07  test 5.1328e-07  (31 epochs/s)
epoch  14700  train 3.1852e-07  test 5.1334e-07  (31 epochs/s)
epoch  14800  train 3.1846e-07  test 5.1326e-07  (31 epochs/s)
epoch  14900  train 3.1849e-07  test 5.1332e-07  (31 epochs/s)
epoch  15000  train 3.1841e-07  test 5.1338e-07  (31 epochs/s)
epoch  15100  train 3.1850e-07  test 5.1346e-07  (31 epochs/s)
epoch  15200  train 3.1838e-07  test 5.1336e-07  (31 epochs/s)
epoch  15300  train 3.1836e-07  test 5.1332e-07  (31 epochs/s)
epoch  15400  train 3.1832e-07  test 5.1336e-07  (31 epochs/s)
epoch  15500  train 3.1843e-07  test 5.1337e-07  (31 epochs/s)
epoch  15600  train 3.1832e-07  test 5.1338e-07  (31 epochs/s)
epoch  15700  train 3.1831e-07  test 5.1342e-07  (31 epochs/s)
epoch  15800  train 3.1813e-07  test 5.1343e-07  (31 epochs/s)
epoch  15900  train 3.1814e-07  test 5.1339e-07  (31 epochs/s)
epoch  16000  train 3.1818e-07  test 5.1339e-07  (31 epochs/s)
epoch  16100  train 3.1826e-07  test 5.1335e-07  (31 epochs/s)
epoch  16200  train 3.1809e-07  test 5.1337e-07  (31 epochs/s)
epoch  16300  train 3.1815e-07  test 5.1335e-07  (31 epochs/s)
epoch  16400  train 3.1822e-07  test 5.1339e-07  (31 epochs/s)
epoch  16500  train 3.1803e-07  test 5.1336e-07  (31 epochs/s)
epoch  16600  train 3.1803e-07  test 5.1341e-07  (31 epochs/s)
epoch  16700  train 3.1800e-07  test 5.1347e-07  (31 epochs/s)
epoch  16800  train 3.1805e-07  test 5.1338e-07  (31 epochs/s)
epoch  16900  train 3.1799e-07  test 5.1342e-07  (31 epochs/s)
epoch  17000  train 3.1801e-07  test 5.1336e-07  (31 epochs/s)
epoch  17100  train 3.1795e-07  test 5.1336e-07  (31 epochs/s)
epoch  17200  train 3.1800e-07  test 5.1330e-07  (31 epochs/s)
epoch  17300  train 3.1791e-07  test 5.1333e-07  (31 epochs/s)
epoch  17400  train 3.1794e-07  test 5.1328e-07  (31 epochs/s)
epoch  17500  train 3.1787e-07  test 5.1329e-07  (31 epochs/s)
epoch  17600  train 3.1784e-07  test 5.1324e-07  (31 epochs/s)
epoch  17700  train 3.1775e-07  test 5.1324e-07  (31 epochs/s)
epoch  17800  train 3.1780e-07  test 5.1329e-07  (31 epochs/s)
epoch  17900  train 3.1783e-07  test 5.1328e-07  (31 epochs/s)
epoch  18000  train 3.1777e-07  test 5.1320e-07  (31 epochs/s)
epoch  18100  train 3.1780e-07  test 5.1332e-07  (31 epochs/s)
epoch  18200  train 3.1779e-07  test 5.1331e-07  (31 epochs/s)
epoch  18300  train 3.1781e-07  test 5.1339e-07  (31 epochs/s)
epoch  18400  train 3.1775e-07  test 5.1329e-07  (31 epochs/s)
epoch  18500  train 3.1757e-07  test 5.1340e-07  (31 epochs/s)
epoch  18600  train 3.1756e-07  test 5.1330e-07  (31 epochs/s)
epoch  18700  train 3.1768e-07  test 5.1334e-07  (31 epochs/s)
epoch  18800  train 3.1759e-07  test 5.1340e-07  (31 epochs/s)
epoch  18900  train 3.1757e-07  test 5.1332e-07  (31 epochs/s)
epoch  19000  train 3.1751e-07  test 5.1335e-07  (31 epochs/s)
epoch  19100  train 3.1758e-07  test 5.1337e-07  (31 epochs/s)
epoch  19200  train 3.1743e-07  test 5.1326e-07  (31 epochs/s)
epoch  19300  train 3.1746e-07  test 5.1329e-07  (31 epochs/s)
epoch  19400  train 3.1757e-07  test 5.1337e-07  (31 epochs/s)
epoch  19500  train 3.1750e-07  test 5.1337e-07  (31 epochs/s)
epoch  19600  train 3.1748e-07  test 5.1338e-07  (31 epochs/s)
epoch  19700  train 3.1749e-07  test 5.1334e-07  (31 epochs/s)
epoch  19800  train 3.1744e-07  test 5.1337e-07  (31 epochs/s)
epoch  19900  train 3.1742e-07  test 5.1347e-07  (31 epochs/s)
epoch  20000  train 3.1737e-07  test 5.1347e-07  (31 epochs/s)
done: 20000 epochs in 636s -> runs/eff-B/p-113/seed2034/seed33428
=== eff-B init 777 (09:52:29) ===
train: 3830  test: 8939
epoch    100  train 4.0060e+00  test 9.3337e+00  (33 epochs/s)
epoch    200  train 1.2851e+00  test 2.6344e+01  (31 epochs/s)
epoch    300  train 1.1953e-01  test 3.9210e+01  (31 epochs/s)
epoch    400  train 4.0063e-02  test 3.9997e+01  (31 epochs/s)
epoch    500  train 1.4247e-02  test 4.0642e+01  (31 epochs/s)
epoch    600  train 5.1782e-03  test 4.0850e+01  (31 epochs/s)
epoch    700  train 1.8972e-03  test 4.3051e+01  (31 epochs/s)
epoch    800  train 6.9816e-04  test 4.4729e+01  (32 epochs/s)
epoch    900  train 2.5731e-04  test 4.3772e+01  (32 epochs/s)
epoch   1000  train 9.5286e-05  test 4.5807e+01  (31 epochs/s)
epoch   1100  train 3.5349e-05  test 4.7283e+01  (31 epochs/s)
epoch   1200  train 1.3277e-05  test 4.5274e+01  (31 epochs/s)
epoch   1300  train 5.0466e-06  test 3.4158e+01  (31 epochs/s)
epoch   1400  train 2.0054e-06  test 2.6973e+01  (31 epochs/s)
epoch   1500  train 1.0104e-06  test 1.5561e+01  (30 epochs/s)
epoch   1600  train 6.4352e-07  test 6.8885e+00  (30 epochs/s)
epoch   1700  train 4.8848e-07  test 1.7156e+00  (29 epochs/s)
epoch   1800  train 4.2191e-07  test 7.1510e-04  (29 epochs/s)
epoch   1900  train 3.9309e-07  test 1.9227e-05  (29 epochs/s)
epoch   2000  train 3.8012e-07  test 3.1244e-06  (28 epochs/s)
epoch   2100  train 3.7308e-07  test 1.4324e-06  (28 epochs/s)
epoch   2200  train 3.6860e-07  test 1.0250e-06  (28 epochs/s)
epoch   2300  train 3.6539e-07  test 8.7309e-07  (29 epochs/s)
epoch   2400  train 3.6280e-07  test 8.0025e-07  (29 epochs/s)
epoch   2500  train 3.6108e-07  test 7.6198e-07  (29 epochs/s)
epoch   2600  train 3.5944e-07  test 7.3818e-07  (29 epochs/s)
epoch   2700  train 3.5802e-07  test 7.2340e-07  (29 epochs/s)
epoch   2800  train 3.5687e-07  test 7.1306e-07  (29 epochs/s)
epoch   2900  train 3.5587e-07  test 7.0346e-07  (29 epochs/s)
epoch   3000  train 3.5505e-07  test 6.9566e-07  (29 epochs/s)
epoch   3100  train 3.5416e-07  test 6.8857e-07  (29 epochs/s)
epoch   3200  train 3.5344e-07  test 6.8184e-07  (29 epochs/s)
epoch   3300  train 3.5272e-07  test 6.7569e-07  (29 epochs/s)
epoch   3400  train 3.5210e-07  test 6.7059e-07  (29 epochs/s)
epoch   3500  train 3.5148e-07  test 6.6604e-07  (29 epochs/s)
epoch   3600  train 3.5109e-07  test 6.6201e-07  (29 epochs/s)
epoch   3700  train 3.5050e-07  test 6.5800e-07  (30 epochs/s)
epoch   3800  train 3.4994e-07  test 6.5391e-07  (30 epochs/s)
epoch   3900  train 3.4965e-07  test 6.5043e-07  (30 epochs/s)
epoch   4000  train 3.4911e-07  test 6.4713e-07  (30 epochs/s)
epoch   4100  train 3.4881e-07  test 6.4398e-07  (30 epochs/s)
epoch   4200  train 3.4842e-07  test 6.4105e-07  (30 epochs/s)
epoch   4300  train 3.4816e-07  test 6.3826e-07  (30 epochs/s)
epoch   4400  train 3.4786e-07  test 6.3589e-07  (30 epochs/s)
epoch   4500  train 3.4755e-07  test 6.3356e-07  (30 epochs/s)
epoch   4600  train 3.4729e-07  test 6.3144e-07  (30 epochs/s)
epoch   4700  train 3.4705e-07  test 6.2951e-07  (30 epochs/s)
epoch   4800  train 3.4692e-07  test 6.2724e-07  (30 epochs/s)
epoch   4900  train 3.4652e-07  test 6.2555e-07  (30 epochs/s)
epoch   5000  train 3.4629e-07  test 6.2376e-07  (30 epochs/s)
epoch   5100  train 3.4610e-07  test 6.2217e-07  (30 epochs/s)
epoch   5200  train 3.4596e-07  test 6.2071e-07  (30 epochs/s)
epoch   5300  train 3.4568e-07  test 6.1943e-07  (30 epochs/s)
epoch   5400  train 3.4555e-07  test 6.1834e-07  (30 epochs/s)
epoch   5500  train 3.4531e-07  test 6.1725e-07  (30 epochs/s)
epoch   5600  train 3.4517e-07  test 6.1633e-07  (30 epochs/s)
epoch   5700  train 3.4496e-07  test 6.1535e-07  (30 epochs/s)
epoch   5800  train 3.4501e-07  test 6.1439e-07  (30 epochs/s)
epoch   5900  train 3.4475e-07  test 6.1375e-07  (30 epochs/s)
epoch   6000  train 3.4462e-07  test 6.1287e-07  (30 epochs/s)
epoch   6100  train 3.4447e-07  test 6.1194e-07  (30 epochs/s)
epoch   6200  train 3.4445e-07  test 6.1150e-07  (30 epochs/s)
epoch   6300  train 3.4435e-07  test 6.1083e-07  (30 epochs/s)
epoch   6400  train 3.4408e-07  test 6.1019e-07  (30 epochs/s)
epoch   6500  train 3.4401e-07  test 6.0983e-07  (30 epochs/s)
epoch   6600  train 3.4394e-07  test 6.0920e-07  (30 epochs/s)
epoch   6700  train 3.4383e-07  test 6.0890e-07  (30 epochs/s)
epoch   6800  train 3.4372e-07  test 6.0854e-07  (30 epochs/s)
epoch   6900  train 3.4365e-07  test 6.0837e-07  (30 epochs/s)
epoch   7000  train 3.4348e-07  test 6.0806e-07  (30 epochs/s)
epoch   7100  train 3.4338e-07  test 6.0787e-07  (30 epochs/s)
epoch   7200  train 3.4335e-07  test 6.0768e-07  (30 epochs/s)
epoch   7300  train 3.4321e-07  test 6.0739e-07  (30 epochs/s)
epoch   7400  train 3.4316e-07  test 6.0736e-07  (30 epochs/s)
epoch   7500  train 3.4311e-07  test 6.0709e-07  (30 epochs/s)
epoch   7600  train 3.4305e-07  test 6.0694e-07  (30 epochs/s)
epoch   7700  train 3.4295e-07  test 6.0671e-07  (30 epochs/s)
epoch   7800  train 3.4284e-07  test 6.0658e-07  (30 epochs/s)
epoch   7900  train 3.4280e-07  test 6.0638e-07  (30 epochs/s)
epoch   8000  train 3.4272e-07  test 6.0629e-07  (30 epochs/s)
epoch   8100  train 3.4265e-07  test 6.0600e-07  (30 epochs/s)
epoch   8200  train 3.4260e-07  test 6.0590e-07  (30 epochs/s)
epoch   8300  train 3.4254e-07  test 6.0590e-07  (30 epochs/s)
epoch   8400  train 3.4241e-07  test 6.0575e-07  (30 epochs/s)
epoch   8500  train 3.4235e-07  test 6.0570e-07  (30 epochs/s)
epoch   8600  train 3.4231e-07  test 6.0559e-07  (30 epochs/s)
epoch   8700  train 3.4221e-07  test 6.0555e-07  (30 epochs/s)
epoch   8800  train 3.4206e-07  test 6.0536e-07  (30 epochs/s)
epoch   8900  train 3.4204e-07  test 6.0526e-07  (30 epochs/s)
epoch   9000  train 3.4212e-07  test 6.0529e-07  (30 epochs/s)
epoch   9100  train 3.4202e-07  test 6.0509e-07  (30 epochs/s)
epoch   9200  train 3.4200e-07  test 6.0514e-07  (30 epochs/s)
epoch   9300  train 3.4174e-07  test 6.0500e-07  (30 epochs/s)
epoch   9400  train 3.4170e-07  test 6.0503e-07  (30 epochs/s)
epoch   9500  train 3.4170e-07  test 6.0484e-07  (30 epochs/s)
epoch   9600  train 3.4162e-07  test 6.0477e-07  (30 epochs/s)
epoch   9700  train 3.4160e-07  test 6.0469e-07  (30 epochs/s)
epoch   9800  train 3.4157e-07  test 6.0444e-07  (30 epochs/s)
epoch   9900  train 3.4145e-07  test 6.0435e-07  (30 epochs/s)
epoch  10000  train 3.4149e-07  test 6.0444e-07  (30 epochs/s)
epoch  10100  train 3.4151e-07  test 6.0424e-07  (30 epochs/s)
epoch  10200  train 3.4140e-07  test 6.0422e-07  (30 epochs/s)
epoch  10300  train 3.4130e-07  test 6.0425e-07  (30 epochs/s)
epoch  10400  train 3.4134e-07  test 6.0411e-07  (30 epochs/s)
epoch  10500  train 3.4135e-07  test 6.0405e-07  (30 epochs/s)
epoch  10600  train 3.4109e-07  test 6.0399e-07  (30 epochs/s)
epoch  10700  train 3.4112e-07  test 6.0399e-07  (30 epochs/s)
epoch  10800  train 3.4106e-07  test 6.0380e-07  (30 epochs/s)
epoch  10900  train 3.4104e-07  test 6.0374e-07  (30 epochs/s)
epoch  11000  train 3.4093e-07  test 6.0378e-07  (30 epochs/s)
epoch  11100  train 3.4102e-07  test 6.0388e-07  (30 epochs/s)
epoch  11200  train 3.4090e-07  test 6.0382e-07  (30 epochs/s)
epoch  11300  train 3.4085e-07  test 6.0380e-07  (30 epochs/s)
epoch  11400  train 3.4079e-07  test 6.0380e-07  (30 epochs/s)
epoch  11500  train 3.4083e-07  test 6.0377e-07  (30 epochs/s)
epoch  11600  train 3.4076e-07  test 6.0372e-07  (30 epochs/s)
epoch  11700  train 3.4074e-07  test 6.0371e-07  (30 epochs/s)
epoch  11800  train 3.4065e-07  test 6.0377e-07  (30 epochs/s)
epoch  11900  train 3.4054e-07  test 6.0382e-07  (30 epochs/s)
epoch  12000  train 3.4046e-07  test 6.0380e-07  (30 epochs/s)
epoch  12100  train 3.4053e-07  test 6.0382e-07  (30 epochs/s)
epoch  12200  train 3.4049e-07  test 6.0390e-07  (30 epochs/s)
epoch  12300  train 3.4053e-07  test 6.0392e-07  (30 epochs/s)
epoch  12400  train 3.4049e-07  test 6.0387e-07  (30 epochs/s)
epoch  12500  train 3.4040e-07  test 6.0395e-07  (30 epochs/s)
epoch  12600  train 3.4034e-07  test 6.0399e-07  (30 epochs/s)
epoch  12700  train 3.4037e-07  test 6.0412e-07  (30 epochs/s)
epoch  12800  train 3.4031e-07  test 6.0409e-07  (30 epochs/s)
epoch  12900  train 3.4020e-07  test 6.0438e-07  (30 epochs/s)
epoch  13000  train 3.4022e-07  test 6.0437e-07  (30 epochs/s)
epoch  13100  train 3.4019e-07  test 6.0452e-07  (30 epochs/s)
epoch  13200  train 3.4010e-07  test 6.0460e-07  (30 epochs/s)
epoch  13300  train 3.4011e-07  test 6.0461e-07  (30 epochs/s)
epoch  13400  train 3.4011e-07  test 6.0464e-07  (30 epochs/s)
epoch  13500  train 3.4007e-07  test 6.0478e-07  (30 epochs/s)
epoch  13600  train 3.3997e-07  test 6.0486e-07  (30 epochs/s)
epoch  13700  train 3.3999e-07  test 6.0503e-07  (30 epochs/s)
epoch  13800  train 3.3992e-07  test 6.0506e-07  (30 epochs/s)
epoch  13900  train 3.3994e-07  test 6.0489e-07  (30 epochs/s)
epoch  14000  train 3.3986e-07  test 6.0513e-07  (30 epochs/s)
epoch  14100  train 3.3981e-07  test 6.0518e-07  (30 epochs/s)
epoch  14200  train 3.3982e-07  test 6.0506e-07  (30 epochs/s)
epoch  14300  train 3.3974e-07  test 6.0507e-07  (30 epochs/s)
epoch  14400  train 3.3974e-07  test 6.0520e-07  (30 epochs/s)
epoch  14500  train 3.3976e-07  test 6.0519e-07  (30 epochs/s)
epoch  14600  train 3.3972e-07  test 6.0523e-07  (30 epochs/s)
epoch  14700  train 3.3961e-07  test 6.0523e-07  (30 epochs/s)
epoch  14800  train 3.3962e-07  test 6.0522e-07  (30 epochs/s)
epoch  14900  train 3.3953e-07  test 6.0539e-07  (30 epochs/s)
epoch  15000  train 3.3956e-07  test 6.0534e-07  (30 epochs/s)
epoch  15100  train 3.3961e-07  test 6.0553e-07  (30 epochs/s)
epoch  15200  train 3.3957e-07  test 6.0553e-07  (30 epochs/s)
epoch  15300  train 3.3946e-07  test 6.0562e-07  (30 epochs/s)
epoch  15400  train 3.3948e-07  test 6.0570e-07  (30 epochs/s)
epoch  15500  train 3.3940e-07  test 6.0571e-07  (30 epochs/s)
epoch  15600  train 3.3936e-07  test 6.0571e-07  (30 epochs/s)
epoch  15700  train 3.3932e-07  test 6.0583e-07  (30 epochs/s)
epoch  15800  train 3.3930e-07  test 6.0591e-07  (30 epochs/s)
epoch  15900  train 3.3923e-07  test 6.0593e-07  (30 epochs/s)
epoch  16000  train 3.3920e-07  test 6.0601e-07  (30 epochs/s)
epoch  16100  train 3.3930e-07  test 6.0597e-07  (30 epochs/s)
epoch  16200  train 3.3930e-07  test 6.0619e-07  (30 epochs/s)
epoch  16300  train 3.3924e-07  test 6.0623e-07  (30 epochs/s)
epoch  16400  train 3.3923e-07  test 6.0634e-07  (30 epochs/s)
epoch  16500  train 3.3922e-07  test 6.0618e-07  (30 epochs/s)
epoch  16600  train 3.3916e-07  test 6.0614e-07  (30 epochs/s)
epoch  16700  train 3.3918e-07  test 6.0610e-07  (30 epochs/s)
epoch  16800  train 3.3905e-07  test 6.0622e-07  (30 epochs/s)
epoch  16900  train 3.3909e-07  test 6.0623e-07  (30 epochs/s)
epoch  17000  train 3.3908e-07  test 6.0620e-07  (30 epochs/s)
epoch  17100  train 3.3901e-07  test 6.0624e-07  (30 epochs/s)
epoch  17200  train 3.3896e-07  test 6.0625e-07  (30 epochs/s)
epoch  17300  train 3.3899e-07  test 6.0621e-07  (30 epochs/s)
epoch  17400  train 3.3887e-07  test 6.0621e-07  (30 epochs/s)
epoch  17500  train 3.3879e-07  test 6.0612e-07  (30 epochs/s)
epoch  17600  train 3.3885e-07  test 6.0623e-07  (30 epochs/s)
epoch  17700  train 3.3870e-07  test 6.0620e-07  (30 epochs/s)
epoch  17800  train 3.3874e-07  test 6.0624e-07  (30 epochs/s)
epoch  17900  train 3.3886e-07  test 6.0619e-07  (30 epochs/s)
epoch  18000  train 3.3877e-07  test 6.0612e-07  (30 epochs/s)
epoch  18100  train 3.3868e-07  test 6.0631e-07  (30 epochs/s)
epoch  18200  train 3.3866e-07  test 6.0615e-07  (30 epochs/s)
epoch  18300  train 3.3870e-07  test 6.0627e-07  (30 epochs/s)
epoch  18400  train 3.3862e-07  test 6.0627e-07  (30 epochs/s)
epoch  18500  train 3.3850e-07  test 6.0620e-07  (30 epochs/s)
epoch  18600  train 3.3865e-07  test 6.0636e-07  (30 epochs/s)
epoch  18700  train 3.3861e-07  test 6.0643e-07  (30 epochs/s)
epoch  18800  train 3.3857e-07  test 6.0638e-07  (30 epochs/s)
epoch  18900  train 3.3853e-07  test 6.0641e-07  (30 epochs/s)
epoch  19000  train 3.3851e-07  test 6.0629e-07  (30 epochs/s)
epoch  19100  train 3.3842e-07  test 6.0617e-07  (30 epochs/s)
epoch  19200  train 3.3837e-07  test 6.0629e-07  (30 epochs/s)
epoch  19300  train 3.3840e-07  test 6.0615e-07  (30 epochs/s)
epoch  19400  train 3.3840e-07  test 6.0625e-07  (30 epochs/s)
epoch  19500  train 3.3824e-07  test 6.0628e-07  (30 epochs/s)
epoch  19600  train 3.3828e-07  test 6.0634e-07  (30 epochs/s)
epoch  19700  train 3.3839e-07  test 6.0620e-07  (30 epochs/s)
epoch  19800  train 3.3826e-07  test 6.0620e-07  (30 epochs/s)
epoch  19900  train 3.3820e-07  test 6.0619e-07  (30 epochs/s)
epoch  20000  train 3.3820e-07  test 6.0628e-07  (30 epochs/s)
done: 20000 epochs in 677s -> runs/eff-B/p-113/seed2034/seed777
=== eff-B init 4242 (10:03:46) ===
train: 3830  test: 8939
epoch    100  train 4.2151e+00  test 9.4141e+00  (29 epochs/s)
epoch    200  train 1.6054e+00  test 2.5397e+01  (27 epochs/s)
epoch    300  train 1.3995e-01  test 4.0765e+01  (26 epochs/s)
epoch    400  train 4.6358e-02  test 4.1481e+01  (26 epochs/s)
epoch    500  train 1.6564e-02  test 4.2478e+01  (26 epochs/s)
epoch    600  train 6.1005e-03  test 4.4995e+01  (27 epochs/s)
epoch    700  train 2.2735e-03  test 4.8569e+01  (27 epochs/s)
epoch    800  train 8.5355e-04  test 5.3951e+01  (27 epochs/s)
epoch    900  train 3.2351e-04  test 5.8416e+01  (27 epochs/s)
epoch   1000  train 1.2351e-04  test 5.9475e+01  (27 epochs/s)
epoch   1100  train 4.7931e-05  test 6.0520e+01  (27 epochs/s)
epoch   1200  train 1.9158e-05  test 6.0392e+01  (27 epochs/s)
epoch   1300  train 8.1368e-06  test 6.3722e+01  (27 epochs/s)
epoch   1400  train 3.8596e-06  test 6.6062e+01  (27 epochs/s)
epoch   1500  train 2.1614e-06  test 6.7143e+01  (27 epochs/s)
epoch   1600  train 1.4812e-06  test 6.7137e+01  (27 epochs/s)
epoch   1700  train 1.2128e-06  test 6.4813e+01  (27 epochs/s)
epoch   1800  train 1.1069e-06  test 6.2461e+01  (27 epochs/s)
epoch   1900  train 1.0554e-06  test 5.7474e+01  (27 epochs/s)
epoch   2000  train 1.0144e-06  test 5.2907e+01  (27 epochs/s)
epoch   2100  train 9.6348e-07  test 4.7469e+01  (27 epochs/s)
epoch   2200  train 9.0451e-07  test 4.2201e+01  (27 epochs/s)
epoch   2300  train 8.3583e-07  test 3.3210e+01  (27 epochs/s)
epoch   2400  train 7.6449e-07  test 2.4633e+01  (27 epochs/s)
epoch   2500  train 7.0883e-07  test 1.7087e+01  (27 epochs/s)
epoch   2600  train 6.5096e-07  test 1.2534e+01  (27 epochs/s)
epoch   2700  train 5.8508e-07  test 1.0070e+01  (27 epochs/s)
epoch   2800  train 5.0665e-07  test 6.4869e+00  (27 epochs/s)
epoch   2900  train 4.5184e-07  test 2.7384e-02  (27 epochs/s)
epoch   3000  train 4.2076e-07  test 1.6052e-05  (27 epochs/s)
epoch   3100  train 4.0515e-07  test 2.4787e-06  (27 epochs/s)
epoch   3200  train 3.9542e-07  test 1.2575e-06  (27 epochs/s)
epoch   3300  train 3.8733e-07  test 9.2890e-07  (27 epochs/s)
epoch   3400  train 3.8048e-07  test 7.9779e-07  (27 epochs/s)
epoch   3500  train 3.7562e-07  test 7.3997e-07  (27 epochs/s)
epoch   3600  train 3.7196e-07  test 7.1888e-07  (27 epochs/s)
epoch   3700  train 3.6904e-07  test 7.1194e-07  (27 epochs/s)
epoch   3800  train 3.6587e-07  test 7.0661e-07  (27 epochs/s)
epoch   3900  train 3.6309e-07  test 6.9841e-07  (27 epochs/s)
epoch   4000  train 3.6061e-07  test 6.8524e-07  (27 epochs/s)
epoch   4100  train 3.5844e-07  test 6.6820e-07  (27 epochs/s)
epoch   4200  train 3.5671e-07  test 6.5269e-07  (27 epochs/s)
epoch   4300  train 3.5525e-07  test 6.4058e-07  (27 epochs/s)
epoch   4400  train 3.5399e-07  test 6.3095e-07  (27 epochs/s)
epoch   4500  train 3.5296e-07  test 6.2270e-07  (27 epochs/s)
epoch   4600  train 3.5202e-07  test 6.1571e-07  (27 epochs/s)
epoch   4700  train 3.5121e-07  test 6.0997e-07  (27 epochs/s)
epoch   4800  train 3.5053e-07  test 6.0566e-07  (27 epochs/s)
epoch   4900  train 3.4981e-07  test 6.0163e-07  (27 epochs/s)
epoch   5000  train 3.4921e-07  test 5.9843e-07  (27 epochs/s)
epoch   5100  train 3.4871e-07  test 5.9552e-07  (27 epochs/s)
epoch   5200  train 3.4821e-07  test 5.9266e-07  (27 epochs/s)
epoch   5300  train 3.4778e-07  test 5.8986e-07  (27 epochs/s)
epoch   5400  train 3.4719e-07  test 5.8819e-07  (27 epochs/s)
epoch   5500  train 3.4683e-07  test 5.8631e-07  (27 epochs/s)
epoch   5600  train 3.4645e-07  test 5.8465e-07  (27 epochs/s)
epoch   5700  train 3.4608e-07  test 5.8301e-07  (27 epochs/s)
epoch   5800  train 3.4575e-07  test 5.8125e-07  (27 epochs/s)
epoch   5900  train 3.4543e-07  test 5.7968e-07  (27 epochs/s)
epoch   6000  train 3.4513e-07  test 5.7839e-07  (27 epochs/s)
epoch   6100  train 3.4483e-07  test 5.7744e-07  (27 epochs/s)
epoch   6200  train 3.4450e-07  test 5.7643e-07  (27 epochs/s)
epoch   6300  train 3.4422e-07  test 5.7561e-07  (27 epochs/s)
epoch   6400  train 3.4407e-07  test 5.7485e-07  (27 epochs/s)
epoch   6500  train 3.4374e-07  test 5.7388e-07  (27 epochs/s)
epoch   6600  train 3.4352e-07  test 5.7316e-07  (27 epochs/s)
epoch   6700  train 3.4333e-07  test 5.7242e-07  (27 epochs/s)
epoch   6800  train 3.4310e-07  test 5.7193e-07  (27 epochs/s)
epoch   6900  train 3.4288e-07  test 5.7157e-07  (27 epochs/s)
epoch   7000  train 3.4276e-07  test 5.7107e-07  (27 epochs/s)
epoch   7100  train 3.4255e-07  test 5.7057e-07  (27 epochs/s)
epoch   7200  train 3.4237e-07  test 5.7015e-07  (27 epochs/s)
epoch   7300  train 3.4226e-07  test 5.6993e-07  (27 epochs/s)
epoch   7400  train 3.4204e-07  test 5.6966e-07  (27 epochs/s)
epoch   7500  train 3.4186e-07  test 5.6959e-07  (27 epochs/s)
epoch   7600  train 3.4173e-07  test 5.6957e-07  (27 epochs/s)
epoch   7700  train 3.4164e-07  test 5.6969e-07  (27 epochs/s)
epoch   7800  train 3.4138e-07  test 5.6972e-07  (27 epochs/s)
epoch   7900  train 3.4131e-07  test 5.6966e-07  (27 epochs/s)
epoch   8000  train 3.4114e-07  test 5.6980e-07  (27 epochs/s)
epoch   8100  train 3.4099e-07  test 5.6963e-07  (27 epochs/s)
epoch   8200  train 3.4087e-07  test 5.6983e-07  (27 epochs/s)
epoch   8300  train 3.4073e-07  test 5.6981e-07  (27 epochs/s)
epoch   8400  train 3.4059e-07  test 5.6974e-07  (27 epochs/s)
epoch   8500  train 3.4066e-07  test 5.7002e-07  (27 epochs/s)
epoch   8600  train 3.4054e-07  test 5.6995e-07  (27 epochs/s)
epoch   8700  train 3.4045e-07  test 5.7013e-07  (27 epochs/s)
epoch   8800  train 3.4026e-07  test 5.7013e-07  (27 epochs/s)
epoch   8900  train 3.4014e-07  test 5.7023e-07  (27 epochs/s)
epoch   9000  train 3.3993e-07  test 5.7033e-07  (27 epochs/s)
epoch   9100  train 3.4010e-07  test 5.7052e-07  (27 epochs/s)
epoch   9200  train 3.3990e-07  test 5.7071e-07  (27 epochs/s)
epoch   9300  train 3.3982e-07  test 5.7104e-07  (27 epochs/s)
epoch   9400  train 3.3961e-07  test 5.7138e-07  (27 epochs/s)
epoch   9500  train 3.3960e-07  test 5.7180e-07  (27 epochs/s)
epoch   9600  train 3.3962e-07  test 5.7194e-07  (27 epochs/s)
epoch   9700  train 3.3945e-07  test 5.7222e-07  (27 epochs/s)
epoch   9800  train 3.3930e-07  test 5.7235e-07  (27 epochs/s)
epoch   9900  train 3.3937e-07  test 5.7254e-07  (27 epochs/s)
epoch  10000  train 3.3926e-07  test 5.7271e-07  (27 epochs/s)
epoch  10100  train 3.3919e-07  test 5.7300e-07  (27 epochs/s)
epoch  10200  train 3.3918e-07  test 5.7397e-07  (27 epochs/s)
epoch  10300  train 3.3897e-07  test 5.7431e-07  (27 epochs/s)
epoch  10400  train 3.3887e-07  test 5.7478e-07  (27 epochs/s)
epoch  10500  train 3.3893e-07  test 5.7501e-07  (27 epochs/s)
epoch  10600  train 3.3877e-07  test 5.7553e-07  (27 epochs/s)
epoch  10700  train 3.3869e-07  test 5.7594e-07  (27 epochs/s)
epoch  10800  train 3.3866e-07  test 5.7636e-07  (27 epochs/s)
epoch  10900  train 3.3859e-07  test 5.7699e-07  (27 epochs/s)
epoch  11000  train 3.3863e-07  test 5.7750e-07  (27 epochs/s)
epoch  11100  train 3.3851e-07  test 5.7786e-07  (27 epochs/s)
epoch  11200  train 3.3842e-07  test 5.7839e-07  (27 epochs/s)
epoch  11300  train 3.3850e-07  test 5.7874e-07  (27 epochs/s)
epoch  11400  train 3.3843e-07  test 5.7921e-07  (27 epochs/s)
epoch  11500  train 3.3829e-07  test 5.7947e-07  (27 epochs/s)
epoch  11600  train 3.3821e-07  test 5.8005e-07  (27 epochs/s)
epoch  11700  train 3.3818e-07  test 5.8076e-07  (27 epochs/s)
epoch  11800  train 3.3816e-07  test 5.8123e-07  (27 epochs/s)
epoch  11900  train 3.3807e-07  test 5.8189e-07  (27 epochs/s)
epoch  12000  train 3.3803e-07  test 5.8236e-07  (27 epochs/s)
epoch  12100  train 3.3793e-07  test 5.8250e-07  (27 epochs/s)
epoch  12200  train 3.3789e-07  test 5.8288e-07  (27 epochs/s)
epoch  12300  train 3.3783e-07  test 5.8326e-07  (27 epochs/s)
epoch  12400  train 3.3788e-07  test 5.8361e-07  (27 epochs/s)
epoch  12500  train 3.3786e-07  test 5.8397e-07  (26 epochs/s)
epoch  12600  train 3.3765e-07  test 5.8422e-07  (26 epochs/s)
epoch  12700  train 3.3783e-07  test 5.8463e-07  (26 epochs/s)
epoch  12800  train 3.3760e-07  test 5.8504e-07  (26 epochs/s)
epoch  12900  train 3.3760e-07  test 5.8550e-07  (26 epochs/s)
epoch  13000  train 3.3754e-07  test 5.8594e-07  (26 epochs/s)
epoch  13100  train 3.3755e-07  test 5.8649e-07  (26 epochs/s)
epoch  13200  train 3.3745e-07  test 5.8703e-07  (26 epochs/s)
epoch  13300  train 3.3745e-07  test 5.8731e-07  (26 epochs/s)
epoch  13400  train 3.3749e-07  test 5.8732e-07  (26 epochs/s)
epoch  13500  train 3.3737e-07  test 5.8762e-07  (26 epochs/s)
epoch  13600  train 3.3726e-07  test 5.8813e-07  (26 epochs/s)
epoch  13700  train 3.3723e-07  test 5.8948e-07  (26 epochs/s)
epoch  13800  train 3.3725e-07  test 5.9042e-07  (26 epochs/s)
epoch  13900  train 3.3717e-07  test 5.9106e-07  (26 epochs/s)
epoch  14000  train 3.3715e-07  test 5.9173e-07  (26 epochs/s)
epoch  14100  train 3.3712e-07  test 5.9281e-07  (26 epochs/s)
epoch  14200  train 3.3717e-07  test 5.9355e-07  (26 epochs/s)
epoch  14300  train 3.3710e-07  test 5.9439e-07  (26 epochs/s)
epoch  14400  train 3.3702e-07  test 5.9492e-07  (26 epochs/s)
epoch  14500  train 3.3693e-07  test 5.9524e-07  (26 epochs/s)
epoch  14600  train 3.3688e-07  test 5.9579e-07  (26 epochs/s)
epoch  14700  train 3.3699e-07  test 5.9615e-07  (26 epochs/s)
epoch  14800  train 3.3693e-07  test 5.9667e-07  (26 epochs/s)
epoch  14900  train 3.3679e-07  test 5.9712e-07  (26 epochs/s)
epoch  15000  train 3.3675e-07  test 5.9756e-07  (26 epochs/s)
epoch  15100  train 3.3672e-07  test 5.9901e-07  (26 epochs/s)
epoch  15200  train 3.3671e-07  test 5.9989e-07  (26 epochs/s)
epoch  15300  train 3.3670e-07  test 6.0017e-07  (26 epochs/s)
epoch  15400  train 3.3664e-07  test 6.0022e-07  (26 epochs/s)
epoch  15500  train 3.3665e-07  test 6.0070e-07  (26 epochs/s)
epoch  15600  train 3.3662e-07  test 6.0060e-07  (26 epochs/s)
epoch  15700  train 3.3655e-07  test 6.0075e-07  (26 epochs/s)
epoch  15800  train 3.3644e-07  test 6.0101e-07  (26 epochs/s)
epoch  15900  train 3.3650e-07  test 6.0130e-07  (26 epochs/s)
epoch  16000  train 3.3655e-07  test 6.0157e-07  (26 epochs/s)
epoch  16100  train 3.3651e-07  test 6.0215e-07  (26 epochs/s)
epoch  16200  train 3.3635e-07  test 6.0275e-07  (26 epochs/s)
epoch  16300  train 3.3651e-07  test 6.0298e-07  (26 epochs/s)
epoch  16400  train 3.3646e-07  test 6.0291e-07  (26 epochs/s)
epoch  16500  train 3.3635e-07  test 6.0318e-07  (26 epochs/s)
epoch  16600  train 3.3624e-07  test 6.0309e-07  (26 epochs/s)
epoch  16700  train 3.3637e-07  test 6.0324e-07  (26 epochs/s)
epoch  16800  train 3.3629e-07  test 6.0340e-07  (26 epochs/s)
epoch  16900  train 3.3618e-07  test 6.0357e-07  (26 epochs/s)
epoch  17000  train 3.3612e-07  test 6.0357e-07  (26 epochs/s)
epoch  17100  train 3.3625e-07  test 6.0354e-07  (26 epochs/s)
epoch  17200  train 3.3614e-07  test 6.0379e-07  (26 epochs/s)
epoch  17300  train 3.3605e-07  test 6.0409e-07  (26 epochs/s)
epoch  17400  train 3.3607e-07  test 6.0438e-07  (26 epochs/s)
epoch  17500  train 3.3618e-07  test 6.0453e-07  (26 epochs/s)
epoch  17600  train 3.3600e-07  test 6.0495e-07  (26 epochs/s)
epoch  17700  train 3.3610e-07  test 6.0514e-07  (26 epochs/s)
epoch  17800  train 3.3601e-07  test 6.0519e-07  (26 epochs/s)
epoch  17900  train 3.3600e-07  test 6.0559e-07  (26 epochs/s)
epoch  18000  train 3.3589e-07  test 6.0577e-07  (26 epochs/s)
epoch  18100  train 3.3588e-07  test 6.0606e-07  (26 epochs/s)
epoch  18200  train 3.3591e-07  test 6.0614e-07  (26 epochs/s)
epoch  18300  train 3.3592e-07  test 6.0641e-07  (26 epochs/s)
epoch  18400  train 3.3581e-07  test 6.0720e-07  (26 epochs/s)
epoch  18500  train 3.3593e-07  test 6.0762e-07  (26 epochs/s)
epoch  18600  train 3.3583e-07  test 6.0805e-07  (26 epochs/s)
epoch  18700  train 3.3595e-07  test 6.0909e-07  (26 epochs/s)
epoch  18800  train 3.3583e-07  test 6.1023e-07  (26 epochs/s)
epoch  18900  train 3.3567e-07  test 6.1105e-07  (26 epochs/s)
epoch  19000  train 3.3581e-07  test 6.1224e-07  (26 epochs/s)
epoch  19100  train 3.3561e-07  test 6.1272e-07  (26 epochs/s)
epoch  19200  train 3.3569e-07  test 6.1344e-07  (26 epochs/s)
epoch  19300  train 3.3575e-07  test 6.1385e-07  (26 epochs/s)
epoch  19400  train 3.3565e-07  test 6.1497e-07  (26 epochs/s)
epoch  19500  train 3.3567e-07  test 6.1623e-07  (26 epochs/s)
epoch  19600  train 3.3562e-07  test 6.1677e-07  (26 epochs/s)
epoch  19700  train 3.3563e-07  test 6.1779e-07  (26 epochs/s)
epoch  19800  train 3.3555e-07  test 6.1832e-07  (26 epochs/s)
epoch  19900  train 3.3553e-07  test 6.1891e-07  (26 epochs/s)
epoch  20000  train 3.3554e-07  test 6.1927e-07  (26 epochs/s)
done: 20000 epochs in 765s -> runs/eff-B/p-113/seed2034/seed4242
=== eff-A init 11285 (10:16:32) ===
train: 3830  test: 8939
epoch    100  train 4.5551e+00  test 5.4751e+00  (28 epochs/s)
epoch    200  train 2.8993e+00  test 1.6973e+01  (24 epochs/s)
epoch    300  train 6.0407e+00  test 2.2009e+01  (25 epochs/s)
epoch    400  train 2.4254e+00  test 1.4963e+01  (25 epochs/s)
epoch    500  train 2.3350e+00  test 1.6407e+01  (25 epochs/s)
epoch    600  train 1.3932e+00  test 2.5394e+01  (26 epochs/s)
epoch    700  train 1.5580e-01  test 4.6486e+01  (26 epochs/s)
epoch    800  train 3.5071e-02  test 5.2735e+01  (26 epochs/s)
epoch    900  train 1.1197e-02  test 5.4975e+01  (26 epochs/s)
epoch   1000  train 3.7328e-03  test 5.7045e+01  (26 epochs/s)
epoch   1100  train 1.2581e-03  test 6.1144e+01  (26 epochs/s)
epoch   1200  train 4.2827e-04  test 6.7310e+01  (26 epochs/s)
epoch   1300  train 1.4743e-04  test 7.3524e+01  (26 epochs/s)
epoch   1400  train 5.1394e-05  test 7.9057e+01  (26 epochs/s)
epoch   1500  train 1.8212e-05  test 8.4188e+01  (26 epochs/s)
epoch   1600  train 6.6583e-06  test 8.8306e+01  (26 epochs/s)
epoch   1700  train 2.5998e-06  test 9.0667e+01  (26 epochs/s)
epoch   1800  train 1.1513e-06  test 9.0984e+01  (26 epochs/s)
epoch   1900  train 6.2090e-07  test 8.9859e+01  (26 epochs/s)
epoch   2000  train 4.2452e-07  test 8.7275e+01  (26 epochs/s)
epoch   2100  train 3.5596e-07  test 8.3956e+01  (26 epochs/s)
epoch   2200  train 3.3584e-07  test 8.0717e+01  (26 epochs/s)
epoch   2300  train 3.3083e-07  test 8.0019e+01  (26 epochs/s)
epoch   2400  train 3.2880e-07  test 7.8882e+01  (26 epochs/s)
epoch   2500  train 3.2703e-07  test 7.7844e+01  (26 epochs/s)
epoch   2600  train 3.2482e-07  test 7.5913e+01  (26 epochs/s)
epoch   2700  train 3.2239e-07  test 7.3411e+01  (26 epochs/s)
epoch   2800  train 3.1971e-07  test 7.0761e+01  (26 epochs/s)
epoch   2900  train 3.1684e-07  test 6.8884e+01  (26 epochs/s)
epoch   3000  train 3.1392e-07  test 6.6880e+01  (26 epochs/s)
epoch   3100  train 3.1057e-07  test 6.6126e+01  (26 epochs/s)
epoch   3200  train 3.0695e-07  test 6.5136e+01  (26 epochs/s)
epoch   3300  train 3.0310e-07  test 6.3690e+01  (26 epochs/s)
epoch   3400  train 2.9876e-07  test 6.1827e+01  (26 epochs/s)
epoch   3500  train 2.9401e-07  test 5.9579e+01  (26 epochs/s)
epoch   3600  train 2.8876e-07  test 5.7106e+01  (26 epochs/s)
epoch   3700  train 2.8366e-07  test 5.3906e+01  (26 epochs/s)
epoch   3800  train 2.7789e-07  test 5.0551e+01  (26 epochs/s)
epoch   3900  train 2.7151e-07  test 4.6288e+01  (26 epochs/s)
epoch   4000  train 2.6487e-07  test 4.3853e+01  (26 epochs/s)
epoch   4100  train 2.5697e-07  test 4.0406e+01  (26 epochs/s)
epoch   4200  train 2.4770e-07  test 3.6570e+01  (26 epochs/s)
epoch   4300  train 2.3736e-07  test 3.3373e+01  (26 epochs/s)
epoch   4400  train 2.2588e-07  test 3.0733e+01  (26 epochs/s)
epoch   4500  train 2.1358e-07  test 2.8230e+01  (26 epochs/s)
epoch   4600  train 2.0057e-07  test 2.5094e+01  (26 epochs/s)
epoch   4700  train 1.8743e-07  test 2.0982e+01  (26 epochs/s)
epoch   4800  train 1.7500e-07  test 1.4797e+01  (26 epochs/s)
epoch   4900  train 1.6488e-07  test 9.1862e+00  (26 epochs/s)
epoch   5000  train 1.5722e-07  test 5.7809e+00  (26 epochs/s)
epoch   5100  train 1.5094e-07  test 4.4692e+00  (26 epochs/s)
epoch   5200  train 1.4581e-07  test 3.1734e+00  (26 epochs/s)
epoch   5300  train 1.4164e-07  test 2.0731e+00  (26 epochs/s)
epoch   5400  train 1.3815e-07  test 1.1158e+00  (26 epochs/s)
epoch   5500  train 1.3533e-07  test 3.3571e-01  (26 epochs/s)
epoch   5600  train 1.3300e-07  test 9.6845e-03  (26 epochs/s)
epoch   5700  train 1.3115e-07  test 3.1953e-04  (26 epochs/s)
epoch   5800  train 1.2973e-07  test 9.5206e-05  (26 epochs/s)
epoch   5900  train 1.2851e-07  test 5.2873e-05  (26 epochs/s)
epoch   6000  train 1.2749e-07  test 3.3211e-05  (26 epochs/s)
epoch   6100  train 1.2659e-07  test 2.1777e-05  (26 epochs/s)
epoch   6200  train 1.2578e-07  test 1.4813e-05  (26 epochs/s)
epoch   6300  train 1.2498e-07  test 1.0843e-05  (26 epochs/s)
epoch   6400  train 1.2430e-07  test 8.6670e-06  (26 epochs/s)
epoch   6500  train 1.2366e-07  test 7.4623e-06  (26 epochs/s)
epoch   6600  train 1.2300e-07  test 7.0528e-06  (26 epochs/s)
epoch   6700  train 1.2228e-07  test 7.0746e-06  (26 epochs/s)
epoch   6800  train 1.2170e-07  test 7.6371e-06  (26 epochs/s)
epoch   6900  train 1.2113e-07  test 8.6784e-06  (26 epochs/s)
epoch   7000  train 1.2051e-07  test 1.0203e-05  (26 epochs/s)
epoch   7100  train 1.1989e-07  test 1.2962e-05  (26 epochs/s)
epoch   7200  train 1.1924e-07  test 1.7409e-05  (26 epochs/s)
epoch   7300  train 1.1851e-07  test 2.3950e-05  (26 epochs/s)
epoch   7400  train 1.1771e-07  test 3.6339e-05  (26 epochs/s)
epoch   7500  train 1.1681e-07  test 5.0592e-05  (26 epochs/s)
epoch   7600  train 1.1589e-07  test 5.9652e-05  (26 epochs/s)
epoch   7700  train 1.1496e-07  test 6.6982e-05  (26 epochs/s)
epoch   7800  train 1.1404e-07  test 6.8015e-05  (26 epochs/s)
epoch   7900  train 1.1323e-07  test 6.2611e-05  (26 epochs/s)
epoch   8000  train 1.1253e-07  test 5.3909e-05  (26 epochs/s)
epoch   8100  train 1.1196e-07  test 4.7257e-05  (26 epochs/s)
epoch   8200  train 1.1152e-07  test 4.1937e-05  (26 epochs/s)
epoch   8300  train 1.1111e-07  test 3.6624e-05  (26 epochs/s)
epoch   8400  train 1.1083e-07  test 3.2236e-05  (26 epochs/s)
epoch   8500  train 1.1062e-07  test 2.8313e-05  (26 epochs/s)
epoch   8600  train 1.1046e-07  test 2.4719e-05  (26 epochs/s)
epoch   8700  train 1.1029e-07  test 2.2019e-05  (26 epochs/s)
epoch   8800  train 1.1015e-07  test 1.9574e-05  (26 epochs/s)
epoch   8900  train 1.1006e-07  test 1.7373e-05  (26 epochs/s)
epoch   9000  train 1.0994e-07  test 1.5628e-05  (26 epochs/s)
epoch   9100  train 1.0987e-07  test 1.4314e-05  (26 epochs/s)
epoch   9200  train 1.0981e-07  test 1.3138e-05  (26 epochs/s)
epoch   9300  train 1.0973e-07  test 1.2121e-05  (26 epochs/s)
epoch   9400  train 1.0965e-07  test 1.1355e-05  (26 epochs/s)
epoch   9500  train 1.0960e-07  test 1.0669e-05  (26 epochs/s)
epoch   9600  train 1.0954e-07  test 1.0035e-05  (26 epochs/s)
epoch   9700  train 1.0948e-07  test 9.5884e-06  (26 epochs/s)
epoch   9800  train 1.0937e-07  test 9.1549e-06  (26 epochs/s)
epoch   9900  train 1.0935e-07  test 8.6873e-06  (26 epochs/s)
epoch  10000  train 1.0930e-07  test 8.2754e-06  (26 epochs/s)
epoch  10100  train 1.0925e-07  test 7.9651e-06  (26 epochs/s)
epoch  10200  train 1.0920e-07  test 7.6618e-06  (26 epochs/s)
epoch  10300  train 1.0918e-07  test 7.4387e-06  (26 epochs/s)
epoch  10400  train 1.0912e-07  test 7.1962e-06  (26 epochs/s)
epoch  10500  train 1.0905e-07  test 6.9185e-06  (26 epochs/s)
epoch  10600  train 1.0902e-07  test 6.6689e-06  (26 epochs/s)
epoch  10700  train 1.0897e-07  test 6.4423e-06  (26 epochs/s)
epoch  10800  train 1.0894e-07  test 6.2100e-06  (26 epochs/s)
epoch  10900  train 1.0888e-07  test 6.0162e-06  (26 epochs/s)
epoch  11000  train 1.0886e-07  test 5.8617e-06  (26 epochs/s)
epoch  11100  train 1.0881e-07  test 5.7393e-06  (26 epochs/s)
epoch  11200  train 1.0879e-07  test 5.5986e-06  (26 epochs/s)
epoch  11300  train 1.0878e-07  test 5.4657e-06  (26 epochs/s)
epoch  11400  train 1.0871e-07  test 5.3419e-06  (25 epochs/s)
epoch  11500  train 1.0872e-07  test 5.2457e-06  (25 epochs/s)
epoch  11600  train 1.0865e-07  test 5.1438e-06  (25 epochs/s)
epoch  11700  train 1.0864e-07  test 5.0508e-06  (25 epochs/s)
epoch  11800  train 1.0860e-07  test 4.9530e-06  (25 epochs/s)
epoch  11900  train 1.0860e-07  test 4.8558e-06  (25 epochs/s)
epoch  12000  train 1.0853e-07  test 4.7657e-06  (25 epochs/s)
epoch  12100  train 1.0850e-07  test 4.6832e-06  (25 epochs/s)
epoch  12200  train 1.0848e-07  test 4.6064e-06  (25 epochs/s)
epoch  12300  train 1.0844e-07  test 4.5107e-06  (25 epochs/s)
epoch  12400  train 1.0842e-07  test 4.4266e-06  (25 epochs/s)
epoch  12500  train 1.0837e-07  test 4.3395e-06  (25 epochs/s)
epoch  12600  train 1.0837e-07  test 4.2634e-06  (25 epochs/s)
epoch  12700  train 1.0833e-07  test 4.2153e-06  (25 epochs/s)
epoch  12800  train 1.0833e-07  test 4.1718e-06  (25 epochs/s)
epoch  12900  train 1.0831e-07  test 4.1378e-06  (25 epochs/s)
epoch  13000  train 1.0827e-07  test 4.1258e-06  (25 epochs/s)
epoch  13100  train 1.0829e-07  test 4.1102e-06  (24 epochs/s)
epoch  13200  train 1.0821e-07  test 4.0975e-06  (24 epochs/s)
epoch  13300  train 1.0825e-07  test 4.0738e-06  (24 epochs/s)
epoch  13400  train 1.0825e-07  test 4.0686e-06  (24 epochs/s)
epoch  13500  train 1.0815e-07  test 4.0624e-06  (24 epochs/s)
epoch  13600  train 1.0815e-07  test 4.0499e-06  (24 epochs/s)
epoch  13700  train 1.0817e-07  test 4.0424e-06  (24 epochs/s)
epoch  13800  train 1.0814e-07  test 4.0214e-06  (25 epochs/s)
epoch  13900  train 1.0810e-07  test 4.0164e-06  (25 epochs/s)
epoch  14000  train 1.0807e-07  test 3.9995e-06  (25 epochs/s)
epoch  14100  train 1.0808e-07  test 3.9756e-06  (25 epochs/s)
epoch  14200  train 1.0805e-07  test 3.9615e-06  (25 epochs/s)
epoch  14300  train 1.0800e-07  test 3.9664e-06  (25 epochs/s)
epoch  14400  train 1.0799e-07  test 3.9646e-06  (25 epochs/s)
epoch  14500  train 1.0797e-07  test 3.9693e-06  (25 epochs/s)
epoch  14600  train 1.0801e-07  test 3.9866e-06  (25 epochs/s)
epoch  14700  train 1.0796e-07  test 3.9944e-06  (25 epochs/s)
epoch  14800  train 1.0794e-07  test 4.0045e-06  (25 epochs/s)
epoch  14900  train 1.0793e-07  test 4.0067e-06  (25 epochs/s)
epoch  15000  train 1.0792e-07  test 4.0205e-06  (25 epochs/s)
epoch  15100  train 1.0792e-07  test 4.0126e-06  (25 epochs/s)
epoch  15200  train 1.0790e-07  test 4.0339e-06  (25 epochs/s)
epoch  15300  train 1.0786e-07  test 4.0296e-06  (25 epochs/s)
epoch  15400  train 1.0788e-07  test 4.0335e-06  (25 epochs/s)
epoch  15500  train 1.0785e-07  test 4.0416e-06  (25 epochs/s)
epoch  15600  train 1.0783e-07  test 4.0495e-06  (25 epochs/s)
epoch  15700  train 1.0785e-07  test 4.0465e-06  (25 epochs/s)
epoch  15800  train 1.0782e-07  test 4.0501e-06  (25 epochs/s)
epoch  15900  train 1.0779e-07  test 4.0662e-06  (25 epochs/s)
epoch  16000  train 1.0780e-07  test 4.0752e-06  (25 epochs/s)
epoch  16100  train 1.0778e-07  test 4.1024e-06  (25 epochs/s)
epoch  16200  train 1.0775e-07  test 4.1159e-06  (25 epochs/s)
epoch  16300  train 1.0778e-07  test 4.1222e-06  (25 epochs/s)
epoch  16400  train 1.0776e-07  test 4.1365e-06  (25 epochs/s)
epoch  16500  train 1.0776e-07  test 4.1656e-06  (25 epochs/s)
epoch  16600  train 1.0773e-07  test 4.1689e-06  (25 epochs/s)
epoch  16700  train 1.0772e-07  test 4.1824e-06  (25 epochs/s)
epoch  16800  train 1.0773e-07  test 4.1838e-06  (25 epochs/s)
epoch  16900  train 1.0768e-07  test 4.2013e-06  (25 epochs/s)
epoch  17000  train 1.0768e-07  test 4.2110e-06  (25 epochs/s)
epoch  17100  train 1.0767e-07  test 4.2177e-06  (25 epochs/s)
epoch  17200  train 1.0765e-07  test 4.2206e-06  (25 epochs/s)
epoch  17300  train 1.0767e-07  test 4.2227e-06  (25 epochs/s)
epoch  17400  train 1.0764e-07  test 4.2147e-06  (25 epochs/s)
epoch  17500  train 1.0760e-07  test 4.2479e-06  (25 epochs/s)
epoch  17600  train 1.0762e-07  test 4.2547e-06  (25 epochs/s)
epoch  17700  train 1.0762e-07  test 4.2610e-06  (25 epochs/s)
epoch  17800  train 1.0761e-07  test 4.2638e-06  (25 epochs/s)
epoch  17900  train 1.0760e-07  test 4.2548e-06  (25 epochs/s)
epoch  18000  train 1.0756e-07  test 4.2730e-06  (25 epochs/s)
epoch  18100  train 1.0755e-07  test 4.2699e-06  (25 epochs/s)
epoch  18200  train 1.0756e-07  test 4.2702e-06  (25 epochs/s)
epoch  18300  train 1.0755e-07  test 4.2837e-06  (25 epochs/s)
epoch  18400  train 1.0754e-07  test 4.2777e-06  (25 epochs/s)
epoch  18500  train 1.0757e-07  test 4.2969e-06  (25 epochs/s)
epoch  18600  train 1.0753e-07  test 4.2731e-06  (25 epochs/s)
epoch  18700  train 1.0753e-07  test 4.2831e-06  (25 epochs/s)
epoch  18800  train 1.0748e-07  test 4.2844e-06  (25 epochs/s)
epoch  18900  train 1.0753e-07  test 4.2970e-06  (25 epochs/s)
epoch  19000  train 1.0747e-07  test 4.3003e-06  (25 epochs/s)
epoch  19100  train 1.0748e-07  test 4.3164e-06  (25 epochs/s)
epoch  19200  train 1.0750e-07  test 4.3410e-06  (25 epochs/s)
epoch  19300  train 1.0747e-07  test 4.3558e-06  (25 epochs/s)
epoch  19400  train 1.0746e-07  test 4.3728e-06  (25 epochs/s)
epoch  19500  train 1.0748e-07  test 4.3701e-06  (25 epochs/s)
epoch  19600  train 1.0745e-07  test 4.3862e-06  (25 epochs/s)
epoch  19700  train 1.0745e-07  test 4.3950e-06  (25 epochs/s)
epoch  19800  train 1.0742e-07  test 4.4034e-06  (25 epochs/s)
epoch  19900  train 1.0741e-07  test 4.4404e-06  (25 epochs/s)
epoch  20000  train 1.0743e-07  test 4.4565e-06  (25 epochs/s)
done: 20000 epochs in 794s -> runs/eff-A/p-113/seed2034/seed11285
=== eff-A init 33428 (10:29:46) ===
train: 3830  test: 8939
epoch    100  train 4.5135e+00  test 5.5627e+00  (30 epochs/s)
epoch    200  train 2.7995e+00  test 1.8859e+01  (27 epochs/s)
epoch    300  train 2.6664e+00  test 1.7622e+01  (26 epochs/s)
epoch    400  train 2.5216e+00  test 1.6411e+01  (27 epochs/s)
epoch    500  train 1.5364e+00  test 2.4761e+01  (27 epochs/s)
epoch    600  train 1.6584e-01  test 4.4367e+01  (27 epochs/s)
epoch    700  train 3.6264e-02  test 5.0875e+01  (27 epochs/s)
epoch    800  train 1.1537e-02  test 5.3496e+01  (27 epochs/s)
epoch    900  train 3.8268e-03  test 5.4857e+01  (27 epochs/s)
epoch   1000  train 1.2896e-03  test 5.8429e+01  (27 epochs/s)
epoch   1100  train 4.3920e-04  test 6.2833e+01  (27 epochs/s)
epoch   1200  train 1.5094e-04  test 6.6546e+01  (27 epochs/s)
epoch   1300  train 5.2510e-05  test 7.0578e+01  (27 epochs/s)
epoch   1400  train 1.8581e-05  test 7.4365e+01  (27 epochs/s)
epoch   1500  train 6.7748e-06  test 7.7308e+01  (27 epochs/s)
epoch   1600  train 2.6349e-06  test 7.9189e+01  (27 epochs/s)
epoch   1700  train 1.1614e-06  test 8.0487e+01  (27 epochs/s)
epoch   1800  train 6.2389e-07  test 8.0798e+01  (27 epochs/s)
epoch   1900  train 4.2513e-07  test 8.0353e+01  (27 epochs/s)
epoch   2000  train 3.5609e-07  test 7.8842e+01  (27 epochs/s)
epoch   2100  train 3.3582e-07  test 7.6752e+01  (27 epochs/s)
epoch   2200  train 3.3027e-07  test 7.4178e+01  (27 epochs/s)
epoch   2300  train 3.2783e-07  test 7.2009e+01  (27 epochs/s)
epoch   2400  train 3.2588e-07  test 6.9264e+01  (27 epochs/s)
epoch   2500  train 3.2390e-07  test 6.6580e+01  (27 epochs/s)
epoch   2600  train 3.2166e-07  test 6.6210e+01  (27 epochs/s)
epoch   2700  train 3.1956e-07  test 6.5372e+01  (27 epochs/s)
epoch   2800  train 3.1721e-07  test 6.4392e+01  (27 epochs/s)
epoch   2900  train 3.1517e-07  test 6.3452e+01  (27 epochs/s)
epoch   3000  train 3.1270e-07  test 6.2570e+01  (27 epochs/s)
epoch   3100  train 3.1010e-07  test 6.1523e+01  (27 epochs/s)
epoch   3200  train 3.0744e-07  test 6.0587e+01  (27 epochs/s)
epoch   3300  train 3.0458e-07  test 5.9140e+01  (27 epochs/s)
epoch   3400  train 3.0192e-07  test 5.7190e+01  (27 epochs/s)
epoch   3500  train 2.9897e-07  test 5.5160e+01  (27 epochs/s)
epoch   3600  train 2.9585e-07  test 5.3267e+01  (27 epochs/s)
epoch   3700  train 2.9268e-07  test 5.1527e+01  (27 epochs/s)
epoch   3800  train 2.8924e-07  test 5.0411e+01  (27 epochs/s)
epoch   3900  train 2.8570e-07  test 4.9179e+01  (27 epochs/s)
epoch   4000  train 2.8159e-07  test 4.7290e+01  (27 epochs/s)
epoch   4100  train 2.7693e-07  test 4.5828e+01  (27 epochs/s)
epoch   4200  train 2.7186e-07  test 4.4046e+01  (27 epochs/s)
epoch   4300  train 2.6634e-07  test 4.2179e+01  (27 epochs/s)
epoch   4400  train 2.5958e-07  test 4.0723e+01  (27 epochs/s)
epoch   4500  train 2.5249e-07  test 3.8684e+01  (27 epochs/s)
epoch   4600  train 2.4475e-07  test 3.5892e+01  (27 epochs/s)
epoch   4700  train 2.3514e-07  test 3.2723e+01  (27 epochs/s)
epoch   4800  train 2.2556e-07  test 2.9561e+01  (27 epochs/s)
epoch   4900  train 2.1528e-07  test 2.5601e+01  (27 epochs/s)
epoch   5000  train 2.0445e-07  test 2.1839e+01  (27 epochs/s)
epoch   5100  train 1.9412e-07  test 1.9292e+01  (28 epochs/s)
epoch   5200  train 1.8601e-07  test 1.7187e+01  (28 epochs/s)
epoch   5300  train 1.7960e-07  test 1.4082e+01  (28 epochs/s)
epoch   5400  train 1.7403e-07  test 1.0310e+01  (27 epochs/s)
epoch   5500  train 1.6969e-07  test 6.6423e+00  (27 epochs/s)
epoch   5600  train 1.6631e-07  test 4.5291e+00  (27 epochs/s)
epoch   5700  train 1.6348e-07  test 3.1833e+00  (27 epochs/s)
epoch   5800  train 1.6119e-07  test 2.3490e+00  (27 epochs/s)
epoch   5900  train 1.5904e-07  test 2.5686e+00  (27 epochs/s)
epoch   6000  train 1.5715e-07  test 3.5587e+00  (27 epochs/s)
epoch   6100  train 1.5508e-07  test 3.9234e+00  (27 epochs/s)
epoch   6200  train 1.5322e-07  test 3.6231e+00  (27 epochs/s)
epoch   6300  train 1.5135e-07  test 2.4488e+00  (27 epochs/s)
epoch   6400  train 1.4959e-07  test 2.4122e+00  (27 epochs/s)
epoch   6500  train 1.4812e-07  test 2.5011e+00  (27 epochs/s)
epoch   6600  train 1.4662e-07  test 2.5157e+00  (27 epochs/s)
epoch   6700  train 1.4552e-07  test 2.4852e+00  (27 epochs/s)
epoch   6800  train 1.4432e-07  test 2.5288e+00  (27 epochs/s)
epoch   6900  train 1.4330e-07  test 2.4974e+00  (27 epochs/s)
epoch   7000  train 1.4234e-07  test 2.4047e+00  (27 epochs/s)
epoch   7100  train 1.4152e-07  test 2.1316e+00  (27 epochs/s)
epoch   7200  train 1.4079e-07  test 1.8415e+00  (27 epochs/s)
epoch   7300  train 1.4017e-07  test 1.5993e+00  (27 epochs/s)
epoch   7400  train 1.3950e-07  test 1.3723e+00  (27 epochs/s)
epoch   7500  train 1.3897e-07  test 1.1862e+00  (27 epochs/s)
epoch   7600  train 1.3822e-07  test 9.3113e-01  (27 epochs/s)
epoch   7700  train 1.3784e-07  test 7.7040e-01  (27 epochs/s)
epoch   7800  train 1.3736e-07  test 6.3158e-01  (27 epochs/s)
epoch   7900  train 1.3690e-07  test 5.1103e-01  (27 epochs/s)
epoch   8000  train 1.3648e-07  test 3.6759e-01  (27 epochs/s)
epoch   8100  train 1.3607e-07  test 1.8769e-01  (27 epochs/s)
epoch   8200  train 1.3562e-07  test 5.9405e-02  (27 epochs/s)
epoch   8300  train 1.3520e-07  test 1.5192e-02  (27 epochs/s)
epoch   8400  train 1.3481e-07  test 4.9261e-03  (27 epochs/s)
epoch   8500  train 1.3445e-07  test 1.5069e-03  (27 epochs/s)
epoch   8600  train 1.3406e-07  test 7.1393e-04  (27 epochs/s)
epoch   8700  train 1.3371e-07  test 3.6892e-04  (27 epochs/s)
epoch   8800  train 1.3331e-07  test 2.1516e-04  (27 epochs/s)
epoch   8900  train 1.3290e-07  test 1.4506e-04  (27 epochs/s)
epoch   9000  train 1.3248e-07  test 1.1312e-04  (27 epochs/s)
epoch   9100  train 1.3201e-07  test 8.8575e-05  (27 epochs/s)
epoch   9200  train 1.3155e-07  test 7.2068e-05  (27 epochs/s)
epoch   9300  train 1.3100e-07  test 5.9864e-05  (27 epochs/s)
epoch   9400  train 1.3045e-07  test 5.1242e-05  (27 epochs/s)
epoch   9500  train 1.2995e-07  test 4.4469e-05  (27 epochs/s)
epoch   9600  train 1.2938e-07  test 3.9136e-05  (27 epochs/s)
epoch   9700  train 1.2871e-07  test 3.4536e-05  (27 epochs/s)
epoch   9800  train 1.2800e-07  test 3.0018e-05  (27 epochs/s)
epoch   9900  train 1.2728e-07  test 2.6041e-05  (27 epochs/s)
epoch  10000  train 1.2650e-07  test 2.2782e-05  (27 epochs/s)
epoch  10100  train 1.2566e-07  test 1.8796e-05  (27 epochs/s)
epoch  10200  train 1.2477e-07  test 1.4743e-05  (27 epochs/s)
epoch  10300  train 1.2379e-07  test 1.1368e-05  (27 epochs/s)
epoch  10400  train 1.2269e-07  test 8.5449e-06  (27 epochs/s)
epoch  10500  train 1.2150e-07  test 6.5997e-06  (27 epochs/s)
epoch  10600  train 1.2027e-07  test 5.3002e-06  (27 epochs/s)
epoch  10700  train 1.1917e-07  test 4.5497e-06  (27 epochs/s)
epoch  10800  train 1.1814e-07  test 4.0621e-06  (27 epochs/s)
epoch  10900  train 1.1724e-07  test 3.7880e-06  (27 epochs/s)
epoch  11000  train 1.1658e-07  test 3.6279e-06  (27 epochs/s)
epoch  11100  train 1.1609e-07  test 3.4964e-06  (27 epochs/s)
epoch  11200  train 1.1569e-07  test 3.3535e-06  (27 epochs/s)
epoch  11300  train 1.1537e-07  test 3.2489e-06  (27 epochs/s)
epoch  11400  train 1.1516e-07  test 3.1175e-06  (27 epochs/s)
epoch  11500  train 1.1492e-07  test 3.0035e-06  (27 epochs/s)
epoch  11600  train 1.1476e-07  test 2.9026e-06  (27 epochs/s)
epoch  11700  train 1.1459e-07  test 2.8062e-06  (27 epochs/s)
epoch  11800  train 1.1443e-07  test 2.7061e-06  (27 epochs/s)
epoch  11900  train 1.1430e-07  test 2.5533e-06  (27 epochs/s)
epoch  12000  train 1.1415e-07  test 2.4189e-06  (27 epochs/s)
epoch  12100  train 1.1403e-07  test 2.3196e-06  (27 epochs/s)
epoch  12200  train 1.1395e-07  test 2.2347e-06  (27 epochs/s)
epoch  12300  train 1.1386e-07  test 2.1450e-06  (27 epochs/s)
epoch  12400  train 1.1376e-07  test 2.0720e-06  (27 epochs/s)
epoch  12500  train 1.1367e-07  test 1.9820e-06  (27 epochs/s)
epoch  12600  train 1.1361e-07  test 1.9023e-06  (27 epochs/s)
epoch  12700  train 1.1354e-07  test 1.8219e-06  (27 epochs/s)
epoch  12800  train 1.1345e-07  test 1.7283e-06  (27 epochs/s)
epoch  12900  train 1.1333e-07  test 1.6368e-06  (27 epochs/s)
epoch  13000  train 1.1326e-07  test 1.5456e-06  (27 epochs/s)
epoch  13100  train 1.1313e-07  test 1.4557e-06  (27 epochs/s)
epoch  13200  train 1.1304e-07  test 1.3740e-06  (27 epochs/s)
epoch  13300  train 1.1289e-07  test 1.2970e-06  (27 epochs/s)
epoch  13400  train 1.1277e-07  test 1.2189e-06  (27 epochs/s)
epoch  13500  train 1.1253e-07  test 1.1424e-06  (27 epochs/s)
epoch  13600  train 1.1225e-07  test 1.0740e-06  (27 epochs/s)
epoch  13700  train 1.1182e-07  test 1.0101e-06  (27 epochs/s)
epoch  13800  train 1.1132e-07  test 9.4767e-07  (27 epochs/s)
epoch  13900  train 1.1066e-07  test 9.0006e-07  (27 epochs/s)
epoch  14000  train 1.0990e-07  test 8.5180e-07  (27 epochs/s)
epoch  14100  train 1.0916e-07  test 8.1210e-07  (27 epochs/s)
epoch  14200  train 1.0846e-07  test 7.7126e-07  (27 epochs/s)
epoch  14300  train 1.0782e-07  test 7.3275e-07  (27 epochs/s)
epoch  14400  train 1.0733e-07  test 6.9215e-07  (27 epochs/s)
epoch  14500  train 1.0697e-07  test 6.3405e-07  (27 epochs/s)
epoch  14600  train 1.0667e-07  test 5.8968e-07  (27 epochs/s)
epoch  14700  train 1.0649e-07  test 5.4986e-07  (27 epochs/s)
epoch  14800  train 1.0638e-07  test 5.1341e-07  (27 epochs/s)
epoch  14900  train 1.0617e-07  test 4.6922e-07  (27 epochs/s)
epoch  15000  train 1.0606e-07  test 3.9564e-07  (27 epochs/s)
epoch  15100  train 1.0599e-07  test 3.5220e-07  (27 epochs/s)
epoch  15200  train 1.0591e-07  test 3.3252e-07  (27 epochs/s)
epoch  15300  train 1.0582e-07  test 3.1518e-07  (27 epochs/s)
epoch  15400  train 1.0579e-07  test 3.0275e-07  (27 epochs/s)
epoch  15500  train 1.0574e-07  test 2.9302e-07  (27 epochs/s)
epoch  15600  train 1.0570e-07  test 2.8587e-07  (27 epochs/s)
epoch  15700  train 1.0568e-07  test 2.7999e-07  (27 epochs/s)
epoch  15800  train 1.0563e-07  test 2.7409e-07  (27 epochs/s)
epoch  15900  train 1.0557e-07  test 2.6868e-07  (27 epochs/s)
epoch  16000  train 1.0555e-07  test 2.6428e-07  (27 epochs/s)
epoch  16100  train 1.0553e-07  test 2.6072e-07  (27 epochs/s)
epoch  16200  train 1.0547e-07  test 2.5765e-07  (27 epochs/s)
epoch  16300  train 1.0545e-07  test 2.5516e-07  (27 epochs/s)
epoch  16400  train 1.0544e-07  test 2.5296e-07  (27 epochs/s)
epoch  16500  train 1.0541e-07  test 2.5100e-07  (27 epochs/s)
epoch  16600  train 1.0535e-07  test 2.4772e-07  (27 epochs/s)
epoch  16700  train 1.0529e-07  test 2.4545e-07  (27 epochs/s)
epoch  16800  train 1.0530e-07  test 2.4373e-07  (27 epochs/s)
epoch  16900  train 1.0525e-07  test 2.4223e-07  (27 epochs/s)
epoch  17000  train 1.0524e-07  test 2.4082e-07  (27 epochs/s)
epoch  17100  train 1.0526e-07  test 2.3896e-07  (27 epochs/s)
epoch  17200  train 1.0518e-07  test 2.3775e-07  (27 epochs/s)
epoch  17300  train 1.0515e-07  test 2.3673e-07  (27 epochs/s)
epoch  17400  train 1.0516e-07  test 2.3577e-07  (27 epochs/s)
epoch  17500  train 1.0516e-07  test 2.3488e-07  (27 epochs/s)
epoch  17600  train 1.0512e-07  test 2.3410e-07  (27 epochs/s)
epoch  17700  train 1.0507e-07  test 2.3337e-07  (27 epochs/s)
epoch  17800  train 1.0503e-07  test 2.3264e-07  (27 epochs/s)
epoch  17900  train 1.0504e-07  test 2.3190e-07  (27 epochs/s)
epoch  18000  train 1.0500e-07  test 2.3125e-07  (27 epochs/s)
epoch  18100  train 1.0499e-07  test 2.3062e-07  (27 epochs/s)
epoch  18200  train 1.0502e-07  test 2.3004e-07  (27 epochs/s)
epoch  18300  train 1.0497e-07  test 2.2975e-07  (27 epochs/s)
epoch  18400  train 1.0490e-07  test 2.2928e-07  (27 epochs/s)
epoch  18500  train 1.0487e-07  test 2.2907e-07  (27 epochs/s)
epoch  18600  train 1.0484e-07  test 2.2888e-07  (27 epochs/s)
epoch  18700  train 1.0480e-07  test 2.2895e-07  (27 epochs/s)
epoch  18800  train 1.0472e-07  test 2.2929e-07  (27 epochs/s)
epoch  18900  train 1.0468e-07  test 2.2991e-07  (27 epochs/s)
epoch  19000  train 1.0459e-07  test 2.3052e-07  (27 epochs/s)
epoch  19100  train 1.0452e-07  test 2.3103e-07  (27 epochs/s)
epoch  19200  train 1.0447e-07  test 2.3164e-07  (27 epochs/s)
epoch  19300  train 1.0437e-07  test 2.3236e-07  (27 epochs/s)
epoch  19400  train 1.0436e-07  test 2.3317e-07  (27 epochs/s)
epoch  19500  train 1.0426e-07  test 2.3409e-07  (27 epochs/s)
epoch  19600  train 1.0422e-07  test 2.3504e-07  (27 epochs/s)
epoch  19700  train 1.0419e-07  test 2.3586e-07  (27 epochs/s)
epoch  19800  train 1.0409e-07  test 2.3650e-07  (27 epochs/s)
epoch  19900  train 1.0408e-07  test 2.3735e-07  (27 epochs/s)
epoch  20000  train 1.0401e-07  test 2.3801e-07  (27 epochs/s)
done: 20000 epochs in 748s -> runs/eff-A/p-113/seed2034/seed33428
=== eff-A init 777 (10:42:14) ===
train: 3830  test: 8939
epoch    100  train 4.6052e+00  test 5.1168e+00  (26 epochs/s)
epoch    200  train 3.1301e+00  test 1.6097e+01  (24 epochs/s)
epoch    300  train 3.3705e+00  test 1.9110e+01  (24 epochs/s)
epoch    400  train 2.5572e+00  test 1.5464e+01  (24 epochs/s)
epoch    500  train 2.1684e+00  test 1.8958e+01  (25 epochs/s)
epoch    600  train 6.4276e-01  test 3.1414e+01  (25 epochs/s)
epoch    700  train 6.8734e-02  test 4.7686e+01  (25 epochs/s)
epoch    800  train 2.0153e-02  test 5.2238e+01  (25 epochs/s)
epoch    900  train 6.5489e-03  test 5.5611e+01  (25 epochs/s)
epoch   1000  train 2.1764e-03  test 6.0564e+01  (25 epochs/s)
epoch   1100  train 7.3281e-04  test 6.5298e+01  (25 epochs/s)
epoch   1200  train 2.4939e-04  test 6.9776e+01  (25 epochs/s)
epoch   1300  train 8.5589e-05  test 7.2470e+01  (25 epochs/s)
epoch   1400  train 2.9757e-05  test 7.4004e+01  (25 epochs/s)
epoch   1500  train 1.0600e-05  test 7.5144e+01  (25 epochs/s)
epoch   1600  train 3.9428e-06  test 7.6303e+01  (25 epochs/s)
epoch   1700  train 1.6086e-06  test 7.6783e+01  (25 epochs/s)
epoch   1800  train 7.7422e-07  test 7.6166e+01  (25 epochs/s)
epoch   1900  train 4.6735e-07  test 7.4294e+01  (25 epochs/s)
epoch   2000  train 3.5546e-07  test 7.1097e+01  (25 epochs/s)
epoch   2100  train 3.1873e-07  test 6.7777e+01  (25 epochs/s)
epoch   2200  train 3.0797e-07  test 6.5170e+01  (25 epochs/s)
epoch   2300  train 3.0413e-07  test 6.3934e+01  (25 epochs/s)
epoch   2400  train 3.0168e-07  test 6.2962e+01  (25 epochs/s)
epoch   2500  train 2.9944e-07  test 6.2410e+01  (25 epochs/s)
epoch   2600  train 2.9674e-07  test 6.1661e+01  (25 epochs/s)
epoch   2700  train 2.9399e-07  test 6.1158e+01  (25 epochs/s)
epoch   2800  train 2.9125e-07  test 6.0806e+01  (25 epochs/s)
epoch   2900  train 2.8856e-07  test 6.0183e+01  (25 epochs/s)
epoch   3000  train 2.8578e-07  test 5.9736e+01  (25 epochs/s)
epoch   3100  train 2.8263e-07  test 5.8560e+01  (25 epochs/s)
epoch   3200  train 2.7960e-07  test 5.6502e+01  (25 epochs/s)
epoch   3300  train 2.7660e-07  test 5.4285e+01  (25 epochs/s)
epoch   3400  train 2.7357e-07  test 5.2185e+01  (25 epochs/s)
epoch   3500  train 2.7038e-07  test 4.9852e+01  (25 epochs/s)
epoch   3600  train 2.6749e-07  test 4.7072e+01  (25 epochs/s)
epoch   3700  train 2.6420e-07  test 4.4911e+01  (25 epochs/s)
epoch   3800  train 2.6080e-07  test 4.2317e+01  (25 epochs/s)
epoch   3900  train 2.5711e-07  test 3.9747e+01  (25 epochs/s)
epoch   4000  train 2.5342e-07  test 3.8633e+01  (25 epochs/s)
epoch   4100  train 2.4940e-07  test 3.8085e+01  (25 epochs/s)
epoch   4200  train 2.4495e-07  test 3.6209e+01  (25 epochs/s)
epoch   4300  train 2.4021e-07  test 3.3638e+01  (25 epochs/s)
epoch   4400  train 2.3477e-07  test 3.2391e+01  (25 epochs/s)
epoch   4500  train 2.2804e-07  test 3.0163e+01  (25 epochs/s)
epoch   4600  train 2.2027e-07  test 2.7337e+01  (25 epochs/s)
epoch   4700  train 2.1064e-07  test 2.4364e+01  (25 epochs/s)
epoch   4800  train 1.9823e-07  test 2.1685e+01  (25 epochs/s)
epoch   4900  train 1.8540e-07  test 1.8157e+01  (25 epochs/s)
epoch   5000  train 1.7339e-07  test 1.4373e+01  (25 epochs/s)
epoch   5100  train 1.6356e-07  test 1.0037e+01  (25 epochs/s)
epoch   5200  train 1.5528e-07  test 7.5240e+00  (25 epochs/s)
epoch   5300  train 1.4751e-07  test 4.2424e+00  (25 epochs/s)
epoch   5400  train 1.4107e-07  test 1.5822e+00  (25 epochs/s)
epoch   5500  train 1.3596e-07  test 1.5296e-01  (25 epochs/s)
epoch   5600  train 1.3263e-07  test 7.3585e-04  (25 epochs/s)
epoch   5700  train 1.3065e-07  test 2.0707e-04  (25 epochs/s)
epoch   5800  train 1.2927e-07  test 1.3816e-04  (25 epochs/s)
epoch   5900  train 1.2806e-07  test 1.0617e-04  (25 epochs/s)
epoch   6000  train 1.2697e-07  test 6.6133e-05  (25 epochs/s)
epoch   6100  train 1.2595e-07  test 3.8644e-05  (25 epochs/s)
epoch   6200  train 1.2477e-07  test 2.6036e-05  (25 epochs/s)
epoch   6300  train 1.2367e-07  test 1.8576e-05  (25 epochs/s)
epoch   6400  train 1.2253e-07  test 1.3357e-05  (25 epochs/s)
epoch   6500  train 1.2138e-07  test 1.0151e-05  (25 epochs/s)
epoch   6600  train 1.2029e-07  test 7.8392e-06  (25 epochs/s)
epoch   6700  train 1.1913e-07  test 6.0902e-06  (25 epochs/s)
epoch   6800  train 1.1808e-07  test 4.8085e-06  (25 epochs/s)
epoch   6900  train 1.1710e-07  test 4.0924e-06  (25 epochs/s)
epoch   7000  train 1.1627e-07  test 3.5066e-06  (25 epochs/s)
epoch   7100  train 1.1549e-07  test 3.0167e-06  (25 epochs/s)
epoch   7200  train 1.1486e-07  test 2.2597e-06  (25 epochs/s)
epoch   7300  train 1.1435e-07  test 1.7659e-06  (25 epochs/s)
epoch   7400  train 1.1394e-07  test 1.4292e-06  (25 epochs/s)
epoch   7500  train 1.1354e-07  test 1.1822e-06  (25 epochs/s)
epoch   7600  train 1.1315e-07  test 9.9758e-07  (25 epochs/s)
epoch   7700  train 1.1279e-07  test 8.7762e-07  (25 epochs/s)
epoch   7800  train 1.1241e-07  test 7.6821e-07  (25 epochs/s)
epoch   7900  train 1.1210e-07  test 6.7713e-07  (25 epochs/s)
epoch   8000  train 1.1181e-07  test 6.0585e-07  (25 epochs/s)
epoch   8100  train 1.1154e-07  test 5.5001e-07  (25 epochs/s)
epoch   8200  train 1.1138e-07  test 5.1639e-07  (25 epochs/s)
epoch   8300  train 1.1120e-07  test 4.9603e-07  (25 epochs/s)
epoch   8400  train 1.1099e-07  test 4.8272e-07  (25 epochs/s)
epoch   8500  train 1.1092e-07  test 4.6826e-07  (25 epochs/s)
epoch   8600  train 1.1070e-07  test 4.5006e-07  (25 epochs/s)
epoch   8700  train 1.1062e-07  test 4.3887e-07  (25 epochs/s)
epoch   8800  train 1.1051e-07  test 4.3058e-07  (25 epochs/s)
epoch   8900  train 1.1039e-07  test 4.2275e-07  (25 epochs/s)
epoch   9000  train 1.1031e-07  test 4.1550e-07  (25 epochs/s)
epoch   9100  train 1.1021e-07  test 4.1126e-07  (25 epochs/s)
epoch   9200  train 1.1016e-07  test 4.0884e-07  (25 epochs/s)
epoch   9300  train 1.1009e-07  test 4.0826e-07  (25 epochs/s)
epoch   9400  train 1.1001e-07  test 4.0743e-07  (25 epochs/s)
epoch   9500  train 1.0997e-07  test 4.0749e-07  (25 epochs/s)
epoch   9600  train 1.0991e-07  test 4.0821e-07  (25 epochs/s)
epoch   9700  train 1.0986e-07  test 4.1009e-07  (25 epochs/s)
epoch   9800  train 1.0983e-07  test 4.1231e-07  (25 epochs/s)
epoch   9900  train 1.0978e-07  test 4.1452e-07  (25 epochs/s)
epoch  10000  train 1.0969e-07  test 4.1657e-07  (25 epochs/s)
epoch  10100  train 1.0969e-07  test 4.1883e-07  (25 epochs/s)
epoch  10200  train 1.0962e-07  test 4.2134e-07  (25 epochs/s)
epoch  10300  train 1.0957e-07  test 4.2371e-07  (25 epochs/s)
epoch  10400  train 1.0955e-07  test 4.2686e-07  (25 epochs/s)
epoch  10500  train 1.0951e-07  test 4.3074e-07  (25 epochs/s)
epoch  10600  train 1.0946e-07  test 4.3380e-07  (25 epochs/s)
epoch  10700  train 1.0939e-07  test 4.3701e-07  (25 epochs/s)
epoch  10800  train 1.0938e-07  test 4.4038e-07  (25 epochs/s)
epoch  10900  train 1.0935e-07  test 4.4622e-07  (25 epochs/s)
epoch  11000  train 1.0930e-07  test 4.4896e-07  (25 epochs/s)
epoch  11100  train 1.0923e-07  test 4.5321e-07  (25 epochs/s)
epoch  11200  train 1.0925e-07  test 4.5579e-07  (25 epochs/s)
epoch  11300  train 1.0919e-07  test 4.5982e-07  (25 epochs/s)
epoch  11400  train 1.0917e-07  test 4.6398e-07  (25 epochs/s)
epoch  11500  train 1.0916e-07  test 4.6929e-07  (25 epochs/s)
epoch  11600  train 1.0910e-07  test 4.7516e-07  (25 epochs/s)
epoch  11700  train 1.0906e-07  test 4.8365e-07  (25 epochs/s)
epoch  11800  train 1.0906e-07  test 4.9445e-07  (25 epochs/s)
epoch  11900  train 1.0903e-07  test 5.0573e-07  (25 epochs/s)
epoch  12000  train 1.0902e-07  test 5.1768e-07  (25 epochs/s)
epoch  12100  train 1.0893e-07  test 5.3108e-07  (25 epochs/s)
epoch  12200  train 1.0896e-07  test 5.4600e-07  (25 epochs/s)
epoch  12300  train 1.0895e-07  test 5.6171e-07  (25 epochs/s)
epoch  12400  train 1.0890e-07  test 5.7809e-07  (25 epochs/s)
epoch  12500  train 1.0890e-07  test 5.9637e-07  (25 epochs/s)
epoch  12600  train 1.0889e-07  test 6.1512e-07  (25 epochs/s)
epoch  12700  train 1.0888e-07  test 6.3272e-07  (25 epochs/s)
epoch  12800  train 1.0884e-07  test 6.4969e-07  (25 epochs/s)
epoch  12900  train 1.0885e-07  test 6.6643e-07  (25 epochs/s)
epoch  13000  train 1.0873e-07  test 6.8407e-07  (25 epochs/s)
epoch  13100  train 1.0873e-07  test 7.0201e-07  (25 epochs/s)
epoch  13200  train 1.0877e-07  test 7.2179e-07  (25 epochs/s)
epoch  13300  train 1.0872e-07  test 7.4040e-07  (25 epochs/s)
epoch  13400  train 1.0870e-07  test 7.6245e-07  (25 epochs/s)
epoch  13500  train 1.0867e-07  test 7.8471e-07  (25 epochs/s)
epoch  13600  train 1.0866e-07  test 8.0767e-07  (25 epochs/s)
epoch  13700  train 1.0863e-07  test 8.3334e-07  (25 epochs/s)
epoch  13800  train 1.0867e-07  test 8.6325e-07  (25 epochs/s)
epoch  13900  train 1.0866e-07  test 8.9267e-07  (25 epochs/s)
epoch  14000  train 1.0863e-07  test 9.2701e-07  (25 epochs/s)
epoch  14100  train 1.0861e-07  test 9.6739e-07  (25 epochs/s)
epoch  14200  train 1.0858e-07  test 1.0075e-06  (25 epochs/s)
epoch  14300  train 1.0855e-07  test 1.0474e-06  (25 epochs/s)
epoch  14400  train 1.0854e-07  test 1.0870e-06  (25 epochs/s)
epoch  14500  train 1.0851e-07  test 1.1297e-06  (25 epochs/s)
epoch  14600  train 1.0853e-07  test 1.1822e-06  (25 epochs/s)
epoch  14700  train 1.0853e-07  test 1.2395e-06  (25 epochs/s)
epoch  14800  train 1.0846e-07  test 1.2839e-06  (25 epochs/s)
epoch  14900  train 1.0845e-07  test 1.3173e-06  (25 epochs/s)
epoch  15000  train 1.0844e-07  test 1.3712e-06  (25 epochs/s)
epoch  15100  train 1.0847e-07  test 1.4375e-06  (25 epochs/s)
epoch  15200  train 1.0841e-07  test 1.5041e-06  (25 epochs/s)
epoch  15300  train 1.0844e-07  test 1.5667e-06  (25 epochs/s)
epoch  15400  train 1.0838e-07  test 1.6330e-06  (25 epochs/s)
epoch  15500  train 1.0835e-07  test 1.7207e-06  (25 epochs/s)
epoch  15600  train 1.0833e-07  test 1.8421e-06  (25 epochs/s)
epoch  15700  train 1.0832e-07  test 1.9712e-06  (25 epochs/s)
epoch  15800  train 1.0835e-07  test 2.0881e-06  (25 epochs/s)
epoch  15900  train 1.0830e-07  test 2.2199e-06  (25 epochs/s)
epoch  16000  train 1.0829e-07  test 2.3559e-06  (25 epochs/s)
epoch  16100  train 1.0831e-07  test 2.4927e-06  (25 epochs/s)
epoch  16200  train 1.0823e-07  test 2.6127e-06  (25 epochs/s)
epoch  16300  train 1.0825e-07  test 2.7598e-06  (25 epochs/s)
epoch  16400  train 1.0824e-07  test 2.9222e-06  (25 epochs/s)
epoch  16500  train 1.0823e-07  test 3.1024e-06  (25 epochs/s)
epoch  16600  train 1.0823e-07  test 3.2838e-06  (25 epochs/s)
epoch  16700  train 1.0824e-07  test 3.4856e-06  (25 epochs/s)
epoch  16800  train 1.0820e-07  test 3.6785e-06  (25 epochs/s)
epoch  16900  train 1.0817e-07  test 3.8576e-06  (25 epochs/s)
epoch  17000  train 1.0815e-07  test 4.0753e-06  (25 epochs/s)
epoch  17100  train 1.0817e-07  test 4.2804e-06  (25 epochs/s)
epoch  17200  train 1.0816e-07  test 4.5353e-06  (25 epochs/s)
epoch  17300  train 1.0815e-07  test 4.7959e-06  (25 epochs/s)
epoch  17400  train 1.0812e-07  test 4.9838e-06  (25 epochs/s)
epoch  17500  train 1.0815e-07  test 5.1432e-06  (25 epochs/s)
epoch  17600  train 1.0811e-07  test 5.3566e-06  (25 epochs/s)
epoch  17700  train 1.0811e-07  test 5.5221e-06  (25 epochs/s)
epoch  17800  train 1.0810e-07  test 5.8033e-06  (25 epochs/s)
epoch  17900  train 1.0809e-07  test 6.0409e-06  (25 epochs/s)
epoch  18000  train 1.0807e-07  test 6.2386e-06  (25 epochs/s)
epoch  18100  train 1.0810e-07  test 6.4809e-06  (25 epochs/s)
epoch  18200  train 1.0806e-07  test 6.6819e-06  (25 epochs/s)
epoch  18300  train 1.0806e-07  test 6.9151e-06  (25 epochs/s)
epoch  18400  train 1.0806e-07  test 7.1517e-06  (25 epochs/s)
epoch  18500  train 1.0803e-07  test 7.3361e-06  (25 epochs/s)
epoch  18600  train 1.0802e-07  test 7.6247e-06  (25 epochs/s)
epoch  18700  train 1.0804e-07  test 7.8634e-06  (25 epochs/s)
epoch  18800  train 1.0802e-07  test 8.1214e-06  (25 epochs/s)
epoch  18900  train 1.0799e-07  test 8.3622e-06  (25 epochs/s)
epoch  19000  train 1.0798e-07  test 8.7092e-06  (25 epochs/s)
epoch  19100  train 1.0799e-07  test 9.0103e-06  (25 epochs/s)
epoch  19200  train 1.0798e-07  test 9.6064e-06  (25 epochs/s)
epoch  19300  train 1.0792e-07  test 1.0151e-05  (25 epochs/s)
epoch  19400  train 1.0798e-07  test 1.0958e-05  (25 epochs/s)
epoch  19500  train 1.0794e-07  test 1.1659e-05  (25 epochs/s)
epoch  19600  train 1.0796e-07  test 1.2175e-05  (25 epochs/s)
epoch  19700  train 1.0791e-07  test 1.2779e-05  (25 epochs/s)
epoch  19800  train 1.0792e-07  test 1.3233e-05  (25 epochs/s)
epoch  19900  train 1.0787e-07  test 1.3717e-05  (25 epochs/s)
epoch  20000  train 1.0791e-07  test 1.4173e-05  (25 epochs/s)
done: 20000 epochs in 799s -> runs/eff-A/p-113/seed2034/seed777
=== eff-A init 4242 (10:55:33) ===
train: 3830  test: 8939
epoch    100  train 4.6141e+00  test 5.1278e+00  (25 epochs/s)
epoch    200  train 3.1138e+00  test 1.6929e+01  (21 epochs/s)
epoch    300  train 3.0826e+00  test 1.9213e+01  (22 epochs/s)
epoch    400  train 2.5482e+00  test 1.5316e+01  (22 epochs/s)
epoch    500  train 2.0665e+00  test 1.9881e+01  (23 epochs/s)
epoch    600  train 4.9065e-01  test 3.5870e+01  (23 epochs/s)
epoch    700  train 5.8701e-02  test 4.7454e+01  (23 epochs/s)
epoch    800  train 1.7728e-02  test 4.9038e+01  (23 epochs/s)
epoch    900  train 5.7912e-03  test 5.3332e+01  (23 epochs/s)
epoch   1000  train 1.9321e-03  test 5.7429e+01  (23 epochs/s)
epoch   1100  train 6.5174e-04  test 6.0614e+01  (23 epochs/s)
epoch   1200  train 2.2221e-04  test 6.3671e+01  (23 epochs/s)
epoch   1300  train 7.6497e-05  test 6.6833e+01  (23 epochs/s)
epoch   1400  train 2.6707e-05  test 7.0475e+01  (24 epochs/s)
epoch   1500  train 9.5724e-06  test 7.5255e+01  (24 epochs/s)
epoch   1600  train 3.6109e-06  test 7.9465e+01  (24 epochs/s)
epoch   1700  train 1.5070e-06  test 8.2532e+01  (24 epochs/s)
epoch   1800  train 7.4618e-07  test 8.4116e+01  (24 epochs/s)
epoch   1900  train 4.6417e-07  test 8.3824e+01  (24 epochs/s)
epoch   2000  train 3.6178e-07  test 8.1536e+01  (24 epochs/s)
epoch   2100  train 3.2908e-07  test 7.8639e+01  (24 epochs/s)
epoch   2200  train 3.2076e-07  test 7.5657e+01  (24 epochs/s)
epoch   2300  train 3.1836e-07  test 7.3023e+01  (24 epochs/s)
epoch   2400  train 3.1670e-07  test 7.2365e+01  (24 epochs/s)
epoch   2500  train 3.1504e-07  test 7.1491e+01  (24 epochs/s)
epoch   2600  train 3.1311e-07  test 7.0185e+01  (24 epochs/s)
epoch   2700  train 3.1110e-07  test 6.9455e+01  (24 epochs/s)
epoch   2800  train 3.0896e-07  test 6.8444e+01  (24 epochs/s)
epoch   2900  train 3.0673e-07  test 6.7266e+01  (24 epochs/s)
epoch   3000  train 3.0431e-07  test 6.6093e+01  (24 epochs/s)
epoch   3100  train 3.0180e-07  test 6.4989e+01  (24 epochs/s)
epoch   3200  train 2.9960e-07  test 6.4081e+01  (24 epochs/s)
epoch   3300  train 2.9715e-07  test 6.3117e+01  (24 epochs/s)
epoch   3400  train 2.9486e-07  test 6.1631e+01  (24 epochs/s)
epoch   3500  train 2.9240e-07  test 5.9795e+01  (24 epochs/s)
epoch   3600  train 2.8987e-07  test 5.8015e+01  (24 epochs/s)
epoch   3700  train 2.8720e-07  test 5.6108e+01  (24 epochs/s)
epoch   3800  train 2.8441e-07  test 5.4036e+01  (24 epochs/s)
epoch   3900  train 2.8138e-07  test 5.3748e+01  (24 epochs/s)
epoch   4000  train 2.7770e-07  test 5.3215e+01  (24 epochs/s)
epoch   4100  train 2.7406e-07  test 5.2457e+01  (24 epochs/s)
epoch   4200  train 2.6982e-07  test 5.1189e+01  (24 epochs/s)
epoch   4300  train 2.6521e-07  test 4.9076e+01  (24 epochs/s)
epoch   4400  train 2.6031e-07  test 4.7694e+01  (24 epochs/s)
epoch   4500  train 2.5445e-07  test 4.6382e+01  (24 epochs/s)
epoch   4600  train 2.4769e-07  test 4.3563e+01  (24 epochs/s)
epoch   4700  train 2.3883e-07  test 3.7634e+01  (24 epochs/s)
epoch   4800  train 2.2946e-07  test 3.3770e+01  (24 epochs/s)
epoch   4900  train 2.1788e-07  test 3.1486e+01  (24 epochs/s)
epoch   5000  train 2.0567e-07  test 2.7837e+01  (24 epochs/s)
epoch   5100  train 1.9433e-07  test 2.2712e+01  (24 epochs/s)
epoch   5200  train 1.8434e-07  test 1.9822e+01  (24 epochs/s)
epoch   5300  train 1.7570e-07  test 1.7318e+01  (24 epochs/s)
epoch   5400  train 1.6750e-07  test 1.4377e+01  (24 epochs/s)
epoch   5500  train 1.5864e-07  test 1.0702e+01  (24 epochs/s)
epoch   5600  train 1.4958e-07  test 6.7016e+00  (24 epochs/s)
epoch   5700  train 1.4065e-07  test 2.6730e+00  (24 epochs/s)
epoch   5800  train 1.3274e-07  test 7.1934e-01  (24 epochs/s)
epoch   5900  train 1.2658e-07  test 6.5417e-04  (24 epochs/s)
epoch   6000  train 1.2222e-07  test 2.8254e-05  (24 epochs/s)
epoch   6100  train 1.1887e-07  test 4.5592e-06  (24 epochs/s)
epoch   6200  train 1.1661e-07  test 1.4024e-06  (24 epochs/s)
epoch   6300  train 1.1493e-07  test 6.9318e-07  (24 epochs/s)
epoch   6400  train 1.1367e-07  test 4.5467e-07  (24 epochs/s)
epoch   6500  train 1.1254e-07  test 3.4952e-07  (24 epochs/s)
epoch   6600  train 1.1151e-07  test 2.9532e-07  (24 epochs/s)
epoch   6700  train 1.1059e-07  test 2.6425e-07  (24 epochs/s)
epoch   6800  train 1.0984e-07  test 2.4529e-07  (24 epochs/s)
epoch   6900  train 1.0918e-07  test 2.3353e-07  (24 epochs/s)
epoch   7000  train 1.0876e-07  test 2.2550e-07  (24 epochs/s)
epoch   7100  train 1.0832e-07  test 2.2060e-07  (24 epochs/s)
epoch   7200  train 1.0806e-07  test 2.1747e-07  (24 epochs/s)
epoch   7300  train 1.0783e-07  test 2.1534e-07  (24 epochs/s)
epoch   7400  train 1.0762e-07  test 2.1372e-07  (24 epochs/s)
epoch   7500  train 1.0749e-07  test 2.1266e-07  (24 epochs/s)
epoch   7600  train 1.0737e-07  test 2.1174e-07  (24 epochs/s)
epoch   7700  train 1.0727e-07  test 2.1102e-07  (24 epochs/s)
epoch   7800  train 1.0715e-07  test 2.1048e-07  (24 epochs/s)
epoch   7900  train 1.0701e-07  test 2.1005e-07  (24 epochs/s)
epoch   8000  train 1.0694e-07  test 2.0939e-07  (24 epochs/s)
epoch   8100  train 1.0690e-07  test 2.0889e-07  (24 epochs/s)
epoch   8200  train 1.0679e-07  test 2.0827e-07  (24 epochs/s)
epoch   8300  train 1.0673e-07  test 2.0777e-07  (24 epochs/s)
epoch   8400  train 1.0665e-07  test 2.0731e-07  (24 epochs/s)
epoch   8500  train 1.0658e-07  test 2.0679e-07  (24 epochs/s)
epoch   8600  train 1.0653e-07  test 2.0651e-07  (24 epochs/s)
epoch   8700  train 1.0645e-07  test 2.0589e-07  (24 epochs/s)
epoch   8800  train 1.0638e-07  test 2.0552e-07  (24 epochs/s)
epoch   8900  train 1.0631e-07  test 2.0505e-07  (24 epochs/s)
epoch   9000  train 1.0628e-07  test 2.0457e-07  (24 epochs/s)
epoch   9100  train 1.0623e-07  test 2.0410e-07  (24 epochs/s)
epoch   9200  train 1.0613e-07  test 2.0358e-07  (24 epochs/s)
epoch   9300  train 1.0611e-07  test 2.0301e-07  (24 epochs/s)
epoch   9400  train 1.0606e-07  test 2.0239e-07  (24 epochs/s)
epoch   9500  train 1.0600e-07  test 2.0194e-07  (24 epochs/s)
epoch   9600  train 1.0598e-07  test 2.0142e-07  (24 epochs/s)
epoch   9700  train 1.0591e-07  test 2.0077e-07  (24 epochs/s)
epoch   9800  train 1.0578e-07  test 2.0017e-07  (24 epochs/s)
epoch   9900  train 1.0576e-07  test 1.9958e-07  (24 epochs/s)
epoch  10000  train 1.0574e-07  test 1.9907e-07  (24 epochs/s)
epoch  10100  train 1.0569e-07  test 1.9849e-07  (24 epochs/s)
epoch  10200  train 1.0563e-07  test 1.9779e-07  (24 epochs/s)
epoch  10300  train 1.0561e-07  test 1.9707e-07  (24 epochs/s)
epoch  10400  train 1.0550e-07  test 1.9634e-07  (24 epochs/s)
epoch  10500  train 1.0547e-07  test 1.9568e-07  (24 epochs/s)
epoch  10600  train 1.0548e-07  test 1.9492e-07  (24 epochs/s)
epoch  10700  train 1.0537e-07  test 1.9423e-07  (24 epochs/s)
epoch  10800  train 1.0539e-07  test 1.9351e-07  (24 epochs/s)
epoch  10900  train 1.0532e-07  test 1.9270e-07  (24 epochs/s)
epoch  11000  train 1.0531e-07  test 1.9191e-07  (24 epochs/s)
epoch  11100  train 1.0520e-07  test 1.9118e-07  (24 epochs/s)
epoch  11200  train 1.0521e-07  test 1.9037e-07  (24 epochs/s)
epoch  11300  train 1.0517e-07  test 1.8960e-07  (24 epochs/s)
epoch  11400  train 1.0515e-07  test 1.8895e-07  (24 epochs/s)
epoch  11500  train 1.0504e-07  test 1.8824e-07  (24 epochs/s)
epoch  11600  train 1.0502e-07  test 1.8754e-07  (24 epochs/s)
epoch  11700  train 1.0500e-07  test 1.8686e-07  (24 epochs/s)
epoch  11800  train 1.0497e-07  test 1.8623e-07  (24 epochs/s)
epoch  11900  train 1.0490e-07  test 1.8561e-07  (24 epochs/s)
epoch  12000  train 1.0485e-07  test 1.8505e-07  (24 epochs/s)
epoch  12100  train 1.0479e-07  test 1.8451e-07  (24 epochs/s)
epoch  12200  train 1.0480e-07  test 1.8404e-07  (24 epochs/s)
epoch  12300  train 1.0475e-07  test 1.8347e-07  (24 epochs/s)
epoch  12400  train 1.0473e-07  test 1.8292e-07  (24 epochs/s)
epoch  12500  train 1.0470e-07  test 1.8236e-07  (24 epochs/s)
epoch  12600  train 1.0460e-07  test 1.8186e-07  (24 epochs/s)
epoch  12700  train 1.0457e-07  test 1.8133e-07  (24 epochs/s)
epoch  12800  train 1.0453e-07  test 1.8081e-07  (24 epochs/s)
epoch  12900  train 1.0452e-07  test 1.8035e-07  (24 epochs/s)
epoch  13000  train 1.0444e-07  test 1.8015e-07  (24 epochs/s)
epoch  13100  train 1.0442e-07  test 1.7994e-07  (24 epochs/s)
epoch  13200  train 1.0440e-07  test 1.7973e-07  (24 epochs/s)
epoch  13300  train 1.0437e-07  test 1.7941e-07  (24 epochs/s)
epoch  13400  train 1.0437e-07  test 1.7906e-07  (24 epochs/s)
epoch  13500  train 1.0432e-07  test 1.7874e-07  (24 epochs/s)
epoch  13600  train 1.0429e-07  test 1.7844e-07  (24 epochs/s)
epoch  13700  train 1.0426e-07  test 1.7820e-07  (24 epochs/s)
epoch  13800  train 1.0421e-07  test 1.7794e-07  (24 epochs/s)
epoch  13900  train 1.0416e-07  test 1.7771e-07  (24 epochs/s)
epoch  14000  train 1.0414e-07  test 1.7741e-07  (24 epochs/s)
epoch  14100  train 1.0411e-07  test 1.7719e-07  (24 epochs/s)
epoch  14200  train 1.0411e-07  test 1.7699e-07  (24 epochs/s)
epoch  14300  train 1.0409e-07  test 1.7684e-07  (24 epochs/s)
epoch  14400  train 1.0403e-07  test 1.7677e-07  (24 epochs/s)
epoch  14500  train 1.0404e-07  test 1.7667e-07  (24 epochs/s)
epoch  14600  train 1.0399e-07  test 1.7662e-07  (24 epochs/s)
epoch  14700  train 1.0395e-07  test 1.7660e-07  (24 epochs/s)
epoch  14800  train 1.0394e-07  test 1.7663e-07  (24 epochs/s)
epoch  14900  train 1.0388e-07  test 1.7651e-07  (24 epochs/s)
epoch  15000  train 1.0388e-07  test 1.7634e-07  (24 epochs/s)
epoch  15100  train 1.0391e-07  test 1.7619e-07  (24 epochs/s)
epoch  15200  train 1.0385e-07  test 1.7613e-07  (24 epochs/s)
epoch  15300  train 1.0381e-07  test 1.7611e-07  (24 epochs/s)
epoch  15400  train 1.0381e-07  test 1.7601e-07  (24 epochs/s)
epoch  15500  train 1.0376e-07  test 1.7601e-07  (24 epochs/s)
epoch  15600  train 1.0376e-07  test 1.7609e-07  (24 epochs/s)
epoch  15700  train 1.0374e-07  test 1.7606e-07  (24 epochs/s)
epoch  15800  train 1.0370e-07  test 1.7602e-07  (24 epochs/s)
epoch  15900  train 1.0373e-07  test 1.7594e-07  (24 epochs/s)
epoch  16000  train 1.0368e-07  test 1.7592e-07  (24 epochs/s)
epoch  16100  train 1.0368e-07  test 1.7584e-07  (24 epochs/s)
epoch  16200  train 1.0366e-07  test 1.7580e-07  (24 epochs/s)
epoch  16300  train 1.0360e-07  test 1.7571e-07  (24 epochs/s)
epoch  16400  train 1.0359e-07  test 1.7565e-07  (24 epochs/s)
epoch  16500  train 1.0359e-07  test 1.7556e-07  (24 epochs/s)
epoch  16600  train 1.0358e-07  test 1.7552e-07  (24 epochs/s)
epoch  16700  train 1.0354e-07  test 1.7545e-07  (24 epochs/s)
epoch  16800  train 1.0355e-07  test 1.7537e-07  (24 epochs/s)
epoch  16900  train 1.0353e-07  test 1.7532e-07  (24 epochs/s)
epoch  17000  train 1.0352e-07  test 1.7526e-07  (24 epochs/s)
epoch  17100  train 1.0350e-07  test 1.7521e-07  (24 epochs/s)
epoch  17200  train 1.0348e-07  test 1.7516e-07  (24 epochs/s)
epoch  17300  train 1.0346e-07  test 1.7515e-07  (24 epochs/s)
epoch  17400  train 1.0345e-07  test 1.7510e-07  (24 epochs/s)
epoch  17500  train 1.0342e-07  test 1.7507e-07  (24 epochs/s)
epoch  17600  train 1.0345e-07  test 1.7503e-07  (24 epochs/s)
epoch  17700  train 1.0344e-07  test 1.7498e-07  (24 epochs/s)
epoch  17800  train 1.0337e-07  test 1.7495e-07  (24 epochs/s)
epoch  17900  train 1.0336e-07  test 1.7492e-07  (24 epochs/s)
epoch  18000  train 1.0341e-07  test 1.7495e-07  (24 epochs/s)
epoch  18100  train 1.0335e-07  test 1.7491e-07  (24 epochs/s)
epoch  18200  train 1.0337e-07  test 1.7487e-07  (24 epochs/s)
epoch  18300  train 1.0334e-07  test 1.7489e-07  (24 epochs/s)
epoch  18400  train 1.0333e-07  test 1.7486e-07  (24 epochs/s)
epoch  18500  train 1.0330e-07  test 1.7484e-07  (24 epochs/s)
epoch  18600  train 1.0330e-07  test 1.7481e-07  (24 epochs/s)
epoch  18700  train 1.0329e-07  test 1.7476e-07  (24 epochs/s)
epoch  18800  train 1.0329e-07  test 1.7472e-07  (24 epochs/s)
epoch  18900  train 1.0327e-07  test 1.7470e-07  (24 epochs/s)
epoch  19000  train 1.0328e-07  test 1.7466e-07  (24 epochs/s)
epoch  19100  train 1.0326e-07  test 1.7463e-07  (24 epochs/s)
epoch  19200  train 1.0326e-07  test 1.7461e-07  (24 epochs/s)
epoch  19300  train 1.0325e-07  test 1.7461e-07  (24 epochs/s)
epoch  19400  train 1.0323e-07  test 1.7463e-07  (24 epochs/s)
epoch  19500  train 1.0324e-07  test 1.7463e-07  (24 epochs/s)
epoch  19600  train 1.0322e-07  test 1.7465e-07  (24 epochs/s)
epoch  19700  train 1.0318e-07  test 1.7462e-07  (24 epochs/s)
epoch  19800  train 1.0314e-07  test 1.7460e-07  (24 epochs/s)
epoch  19900  train 1.0314e-07  test 1.7457e-07  (24 epochs/s)
epoch  20000  train 1.0313e-07  test 1.7459e-07  (24 epochs/s)
done: 20000 epochs in 837s -> runs/eff-A/p-113/seed2034/seed4242
skip runs/eff-C/p-113/seed2034/seed11285 (done)
skip runs/eff-C/p-113/seed2034/seed33428 (done)
skip runs/eff-C/p-113/seed2034/seed777 (done)
skip runs/eff-C/p-113/seed2034/seed4242 (done)
EFFICIENCY-FARM-DONE
=== eff-D tilt5 wd0.4 init 11285 (11:10:09) ===
train: 3830  test: 8939
epoch    100  train 3.2346e+00  test 1.3651e+01  (21 epochs/s)
epoch    200  train 6.1668e-02  test 4.4997e+01  (17 epochs/s)
epoch    300  train 1.0714e-02  test 5.2202e+01  (18 epochs/s)
epoch    400  train 3.2687e-03  test 5.5876e+01  (19 epochs/s)
epoch    500  train 1.0391e-03  test 6.0590e+01  (20 epochs/s)
epoch    600  train 3.3803e-04  test 6.5471e+01  (20 epochs/s)
epoch    700  train 1.1194e-04  test 7.0128e+01  (20 epochs/s)
epoch    800  train 3.7578e-05  test 7.4709e+01  (21 epochs/s)
epoch    900  train 1.2839e-05  test 7.9006e+01  (21 epochs/s)
epoch   1000  train 4.5137e-06  test 8.3205e+01  (21 epochs/s)
epoch   1100  train 1.6806e-06  test 8.7147e+01  (21 epochs/s)
epoch   1200  train 7.0349e-07  test 9.0885e+01  (21 epochs/s)
epoch   1300  train 3.5689e-07  test 9.3877e+01  (21 epochs/s)
epoch   1400  train 2.2963e-07  test 9.6271e+01  (22 epochs/s)
epoch   1500  train 1.8205e-07  test 9.7695e+01  (22 epochs/s)
epoch   1600  train 1.6563e-07  test 9.8137e+01  (22 epochs/s)
epoch   1700  train 1.6107e-07  test 9.7996e+01  (22 epochs/s)
epoch   1800  train 1.6034e-07  test 9.7676e+01  (22 epochs/s)
epoch   1900  train 1.6043e-07  test 9.7348e+01  (22 epochs/s)
epoch   2000  train 1.6049e-07  test 9.6900e+01  (22 epochs/s)
epoch   2100  train 1.6051e-07  test 9.6405e+01  (22 epochs/s)
epoch   2200  train 1.6047e-07  test 9.5921e+01  (22 epochs/s)
epoch   2300  train 1.6039e-07  test 9.5439e+01  (22 epochs/s)
epoch   2400  train 1.6032e-07  test 9.4835e+01  (22 epochs/s)
epoch   2500  train 1.6016e-07  test 9.4235e+01  (22 epochs/s)
epoch   2600  train 1.6001e-07  test 9.3710e+01  (22 epochs/s)
epoch   2700  train 1.5990e-07  test 9.3101e+01  (22 epochs/s)
epoch   2800  train 1.5964e-07  test 9.2333e+01  (22 epochs/s)
epoch   2900  train 1.5925e-07  test 9.1567e+01  (22 epochs/s)
epoch   3000  train 1.5908e-07  test 9.0738e+01  (22 epochs/s)
epoch   3100  train 1.5878e-07  test 9.0039e+01  (22 epochs/s)
epoch   3200  train 1.5852e-07  test 8.9309e+01  (22 epochs/s)
epoch   3300  train 1.5830e-07  test 8.8614e+01  (22 epochs/s)
epoch   3400  train 1.5792e-07  test 8.8034e+01  (22 epochs/s)
epoch   3500  train 1.5786e-07  test 8.7558e+01  (22 epochs/s)
epoch   3600  train 1.5733e-07  test 8.7264e+01  (22 epochs/s)
epoch   3700  train 1.5711e-07  test 8.6810e+01  (22 epochs/s)
epoch   3800  train 1.5677e-07  test 8.6314e+01  (22 epochs/s)
epoch   3900  train 1.5652e-07  test 8.5703e+01  (22 epochs/s)
epoch   4000  train 1.5642e-07  test 8.4991e+01  (22 epochs/s)
epoch   4100  train 1.5624e-07  test 8.4269e+01  (22 epochs/s)
epoch   4200  train 1.5587e-07  test 8.3570e+01  (22 epochs/s)
epoch   4300  train 1.5560e-07  test 8.2853e+01  (22 epochs/s)
epoch   4400  train 1.5525e-07  test 8.2212e+01  (22 epochs/s)
epoch   4500  train 1.5507e-07  test 8.1501e+01  (22 epochs/s)
epoch   4600  train 1.5486e-07  test 8.1024e+01  (22 epochs/s)
epoch   4700  train 1.5447e-07  test 8.0804e+01  (22 epochs/s)
epoch   4800  train 1.5432e-07  test 8.0559e+01  (22 epochs/s)
epoch   4900  train 1.5390e-07  test 8.0315e+01  (22 epochs/s)
epoch   5000  train 1.5380e-07  test 8.0150e+01  (22 epochs/s)
epoch   5100  train 1.5359e-07  test 7.9949e+01  (22 epochs/s)
epoch   5200  train 1.5315e-07  test 7.9850e+01  (22 epochs/s)
epoch   5300  train 1.5307e-07  test 7.9693e+01  (22 epochs/s)
epoch   5400  train 1.5277e-07  test 7.9585e+01  (22 epochs/s)
epoch   5500  train 1.5251e-07  test 7.9456e+01  (22 epochs/s)
epoch   5600  train 1.5232e-07  test 7.9393e+01  (22 epochs/s)
epoch   5700  train 1.5201e-07  test 7.9377e+01  (22 epochs/s)
epoch   5800  train 1.5185e-07  test 7.9379e+01  (22 epochs/s)
epoch   5900  train 1.5156e-07  test 7.9313e+01  (22 epochs/s)
epoch   6000  train 1.5127e-07  test 7.9173e+01  (22 epochs/s)
epoch   6100  train 1.5105e-07  test 7.9093e+01  (22 epochs/s)
epoch   6200  train 1.5093e-07  test 7.8975e+01  (22 epochs/s)
epoch   6300  train 1.5071e-07  test 7.8879e+01  (22 epochs/s)
epoch   6400  train 1.5046e-07  test 7.8735e+01  (22 epochs/s)
epoch   6500  train 1.5008e-07  test 7.8713e+01  (22 epochs/s)
epoch   6600  train 1.4990e-07  test 7.8761e+01  (22 epochs/s)
epoch   6700  train 1.4973e-07  test 7.8782e+01  (22 epochs/s)
epoch   6800  train 1.4955e-07  test 7.8684e+01  (23 epochs/s)
epoch   6900  train 1.4920e-07  test 7.8623e+01  (23 epochs/s)
epoch   7000  train 1.4915e-07  test 7.8594e+01  (23 epochs/s)
epoch   7100  train 1.4885e-07  test 7.8601e+01  (23 epochs/s)
epoch   7200  train 1.4863e-07  test 7.8614e+01  (23 epochs/s)
epoch   7300  train 1.4842e-07  test 7.8618e+01  (23 epochs/s)
epoch   7400  train 1.4808e-07  test 7.8617e+01  (23 epochs/s)
epoch   7500  train 1.4790e-07  test 7.8548e+01  (23 epochs/s)
epoch   7600  train 1.4763e-07  test 7.8419e+01  (23 epochs/s)
epoch   7700  train 1.4746e-07  test 7.8136e+01  (23 epochs/s)
epoch   7800  train 1.4720e-07  test 7.7894e+01  (23 epochs/s)
epoch   7900  train 1.4688e-07  test 7.7594e+01  (23 epochs/s)
epoch   8000  train 1.4666e-07  test 7.7242e+01  (23 epochs/s)
epoch   8100  train 1.4645e-07  test 7.6996e+01  (23 epochs/s)
epoch   8200  train 1.4625e-07  test 7.6860e+01  (23 epochs/s)
epoch   8300  train 1.4593e-07  test 7.6672e+01  (23 epochs/s)
epoch   8400  train 1.4567e-07  test 7.6487e+01  (23 epochs/s)
epoch   8500  train 1.4546e-07  test 7.6320e+01  (23 epochs/s)
epoch   8600  train 1.4518e-07  test 7.6170e+01  (23 epochs/s)
epoch   8700  train 1.4489e-07  test 7.6102e+01  (23 epochs/s)
epoch   8800  train 1.4464e-07  test 7.6016e+01  (23 epochs/s)
epoch   8900  train 1.4448e-07  test 7.5851e+01  (23 epochs/s)
epoch   9000  train 1.4418e-07  test 7.5724e+01  (23 epochs/s)
epoch   9100  train 1.4397e-07  test 7.5571e+01  (23 epochs/s)
epoch   9200  train 1.4367e-07  test 7.5466e+01  (23 epochs/s)
epoch   9300  train 1.4330e-07  test 7.5356e+01  (23 epochs/s)
epoch   9400  train 1.4295e-07  test 7.5210e+01  (23 epochs/s)
epoch   9500  train 1.4265e-07  test 7.5004e+01  (23 epochs/s)
epoch   9600  train 1.4242e-07  test 7.4816e+01  (23 epochs/s)
epoch   9700  train 1.4213e-07  test 7.4589e+01  (23 epochs/s)
epoch   9800  train 1.4182e-07  test 7.4390e+01  (23 epochs/s)
epoch   9900  train 1.4157e-07  test 7.4200e+01  (23 epochs/s)
epoch  10000  train 1.4126e-07  test 7.3998e+01  (23 epochs/s)
epoch  10100  train 1.4097e-07  test 7.3865e+01  (23 epochs/s)
epoch  10200  train 1.4063e-07  test 7.3598e+01  (23 epochs/s)
epoch  10300  train 1.4023e-07  test 7.3257e+01  (23 epochs/s)
epoch  10400  train 1.3984e-07  test 7.2818e+01  (23 epochs/s)
epoch  10500  train 1.3947e-07  test 7.2380e+01  (23 epochs/s)
epoch  10600  train 1.3906e-07  test 7.1980e+01  (23 epochs/s)
epoch  10700  train 1.3874e-07  test 7.1584e+01  (23 epochs/s)
epoch  10800  train 1.3837e-07  test 7.1211e+01  (23 epochs/s)
epoch  10900  train 1.3798e-07  test 7.0800e+01  (23 epochs/s)
epoch  11000  train 1.3755e-07  test 7.0047e+01  (23 epochs/s)
epoch  11100  train 1.3703e-07  test 6.9156e+01  (23 epochs/s)
epoch  11200  train 1.3656e-07  test 6.8443e+01  (23 epochs/s)
epoch  11300  train 1.3602e-07  test 6.7732e+01  (23 epochs/s)
epoch  11400  train 1.3568e-07  test 6.7068e+01  (23 epochs/s)
epoch  11500  train 1.3508e-07  test 6.6191e+01  (23 epochs/s)
epoch  11600  train 1.3452e-07  test 6.5181e+01  (23 epochs/s)
epoch  11700  train 1.3391e-07  test 6.4112e+01  (23 epochs/s)
epoch  11800  train 1.3325e-07  test 6.3423e+01  (23 epochs/s)
epoch  11900  train 1.3257e-07  test 6.2863e+01  (23 epochs/s)
epoch  12000  train 1.3176e-07  test 6.2287e+01  (23 epochs/s)
epoch  12100  train 1.3096e-07  test 6.1803e+01  (23 epochs/s)
epoch  12200  train 1.3015e-07  test 6.1225e+01  (23 epochs/s)
epoch  12300  train 1.2920e-07  test 6.0718e+01  (23 epochs/s)
epoch  12400  train 1.2820e-07  test 5.9896e+01  (23 epochs/s)
epoch  12500  train 1.2709e-07  test 5.8882e+01  (23 epochs/s)
epoch  12600  train 1.2588e-07  test 5.7802e+01  (23 epochs/s)
epoch  12700  train 1.2462e-07  test 5.6412e+01  (23 epochs/s)
epoch  12800  train 1.2338e-07  test 5.4754e+01  (23 epochs/s)
epoch  12900  train 1.2196e-07  test 5.2772e+01  (23 epochs/s)
epoch  13000  train 1.2042e-07  test 5.0477e+01  (23 epochs/s)
epoch  13100  train 1.1881e-07  test 4.8193e+01  (23 epochs/s)
epoch  13200  train 1.1695e-07  test 4.5526e+01  (23 epochs/s)
epoch  13300  train 1.1492e-07  test 4.2954e+01  (23 epochs/s)
epoch  13400  train 1.1313e-07  test 4.0793e+01  (23 epochs/s)
epoch  13500  train 1.1128e-07  test 3.8358e+01  (23 epochs/s)
epoch  13600  train 1.0927e-07  test 3.5510e+01  (23 epochs/s)
epoch  13700  train 1.0729e-07  test 3.2137e+01  (23 epochs/s)
epoch  13800  train 1.0543e-07  test 2.8597e+01  (23 epochs/s)
epoch  13900  train 1.0402e-07  test 2.4832e+01  (23 epochs/s)
epoch  14000  train 1.0202e-07  test 2.0887e+01  (23 epochs/s)
epoch  14100  train 1.0047e-07  test 1.8490e+01  (23 epochs/s)
epoch  14200  train 9.9250e-08  test 1.6400e+01  (23 epochs/s)
epoch  14300  train 9.7338e-08  test 1.4785e+01  (23 epochs/s)
epoch  14400  train 9.6150e-08  test 1.3274e+01  (23 epochs/s)
epoch  14500  train 9.5169e-08  test 1.1821e+01  (23 epochs/s)
epoch  14600  train 9.4577e-08  test 1.0381e+01  (23 epochs/s)
epoch  14700  train 9.3679e-08  test 9.3309e+00  (23 epochs/s)
epoch  14800  train 9.2810e-08  test 8.3674e+00  (23 epochs/s)
epoch  14900  train 9.1335e-08  test 7.4077e+00  (23 epochs/s)
epoch  15000  train 9.1097e-08  test 6.4203e+00  (23 epochs/s)
epoch  15100  train 9.0794e-08  test 5.5863e+00  (23 epochs/s)
epoch  15200  train 8.9422e-08  test 5.0362e+00  (23 epochs/s)
epoch  15300  train 8.8707e-08  test 4.5847e+00  (23 epochs/s)
epoch  15400  train 8.8503e-08  test 4.1280e+00  (23 epochs/s)
epoch  15500  train 8.8487e-08  test 3.6983e+00  (23 epochs/s)
epoch  15600  train 8.7041e-08  test 3.1991e+00  (23 epochs/s)
epoch  15700  train 8.7057e-08  test 2.6618e+00  (23 epochs/s)
epoch  15800  train 8.6385e-08  test 2.1058e+00  (23 epochs/s)
epoch  15900  train 8.5531e-08  test 1.5617e+00  (23 epochs/s)
epoch  16000  train 8.6770e-08  test 1.0891e+00  (23 epochs/s)
epoch  16100  train 8.5964e-08  test 7.5822e-01  (23 epochs/s)
epoch  16200  train 8.4698e-08  test 5.3464e-01  (23 epochs/s)
epoch  16300  train 8.4637e-08  test 4.2707e-01  (23 epochs/s)
epoch  16400  train 8.4263e-08  test 3.0502e-01  (23 epochs/s)
epoch  16500  train 8.3432e-08  test 2.0871e-01  (23 epochs/s)
epoch  16600  train 8.3425e-08  test 1.2016e-01  (23 epochs/s)
epoch  16700  train 8.3502e-08  test 5.2620e-02  (23 epochs/s)
epoch  16800  train 8.3252e-08  test 2.1315e-02  (23 epochs/s)
epoch  16900  train 8.3424e-08  test 9.5341e-03  (23 epochs/s)
epoch  17000  train 8.2702e-08  test 4.4107e-03  (23 epochs/s)
epoch  17100  train 8.2514e-08  test 2.3695e-03  (23 epochs/s)
epoch  17200  train 8.1995e-08  test 1.3982e-03  (23 epochs/s)
epoch  17300  train 8.2314e-08  test 8.5133e-04  (23 epochs/s)
epoch  17400  train 8.1549e-08  test 5.5527e-04  (23 epochs/s)
epoch  17500  train 8.1553e-08  test 3.7959e-04  (23 epochs/s)
epoch  17600  train 8.2539e-08  test 2.7020e-04  (23 epochs/s)
epoch  17700  train 8.2058e-08  test 2.0397e-04  (23 epochs/s)
epoch  17800  train 8.1071e-08  test 1.5973e-04  (23 epochs/s)
epoch  17900  train 8.1063e-08  test 1.2931e-04  (23 epochs/s)
epoch  18000  train 8.1242e-08  test 1.0896e-04  (23 epochs/s)
epoch  18100  train 8.1156e-08  test 9.1278e-05  (23 epochs/s)
epoch  18200  train 8.0724e-08  test 7.6744e-05  (23 epochs/s)
epoch  18300  train 8.1141e-08  test 6.4083e-05  (23 epochs/s)
epoch  18400  train 8.0546e-08  test 5.3250e-05  (23 epochs/s)
epoch  18500  train 8.0594e-08  test 4.5607e-05  (23 epochs/s)
epoch  18600  train 8.0745e-08  test 3.7959e-05  (23 epochs/s)
epoch  18700  train 8.0119e-08  test 3.1188e-05  (23 epochs/s)
epoch  18800  train 8.0172e-08  test 2.5425e-05  (23 epochs/s)
epoch  18900  train 8.0021e-08  test 2.0707e-05  (23 epochs/s)
epoch  19000  train 8.0888e-08  test 1.6704e-05  (23 epochs/s)
epoch  19100  train 8.0648e-08  test 1.3368e-05  (23 epochs/s)
epoch  19200  train 8.0570e-08  test 1.0804e-05  (23 epochs/s)
epoch  19300  train 7.9693e-08  test 8.8445e-06  (23 epochs/s)
epoch  19400  train 7.9628e-08  test 7.2795e-06  (23 epochs/s)
epoch  19500  train 7.9728e-08  test 6.0853e-06  (23 epochs/s)
epoch  19600  train 7.9554e-08  test 5.1562e-06  (23 epochs/s)
epoch  19700  train 7.9318e-08  test 4.3783e-06  (23 epochs/s)
epoch  19800  train 7.9421e-08  test 3.7449e-06  (23 epochs/s)
epoch  19900  train 7.9260e-08  test 3.2348e-06  (23 epochs/s)
epoch  20000  train 7.9500e-08  test 2.8023e-06  (23 epochs/s)
epoch  20100  train 7.9031e-08  test 2.4451e-06  (23 epochs/s)
epoch  20200  train 7.9235e-08  test 2.1214e-06  (23 epochs/s)
epoch  20300  train 7.8982e-08  test 1.8435e-06  (23 epochs/s)
epoch  20400  train 7.9504e-08  test 1.6221e-06  (23 epochs/s)
epoch  20500  train 7.8868e-08  test 1.4275e-06  (23 epochs/s)
epoch  20600  train 7.9390e-08  test 1.2613e-06  (23 epochs/s)
epoch  20700  train 7.8631e-08  test 1.1110e-06  (23 epochs/s)
epoch  20800  train 7.8717e-08  test 9.6953e-07  (23 epochs/s)
epoch  20900  train 7.8878e-08  test 8.5453e-07  (23 epochs/s)
epoch  21000  train 7.8367e-08  test 7.6488e-07  (23 epochs/s)
epoch  21100  train 7.8310e-08  test 6.8923e-07  (23 epochs/s)
epoch  21200  train 7.8377e-08  test 6.2676e-07  (23 epochs/s)
epoch  21300  train 7.8217e-08  test 5.7378e-07  (23 epochs/s)
epoch  21400  train 7.8143e-08  test 5.2828e-07  (23 epochs/s)
epoch  21500  train 7.7760e-08  test 4.8654e-07  (23 epochs/s)
epoch  21600  train 7.7790e-08  test 4.4810e-07  (23 epochs/s)
epoch  21700  train 7.7505e-08  test 4.1450e-07  (23 epochs/s)
epoch  21800  train 7.7435e-08  test 3.8287e-07  (23 epochs/s)
epoch  21900  train 7.7239e-08  test 3.5556e-07  (23 epochs/s)
epoch  22000  train 7.7001e-08  test 3.3048e-07  (23 epochs/s)
epoch  22100  train 7.6642e-08  test 3.0609e-07  (23 epochs/s)
epoch  22200  train 7.6456e-08  test 2.8458e-07  (23 epochs/s)
epoch  22300  train 7.6022e-08  test 2.6546e-07  (23 epochs/s)
epoch  22400  train 7.6119e-08  test 2.4628e-07  (23 epochs/s)
epoch  22500  train 7.5765e-08  test 2.2917e-07  (23 epochs/s)
epoch  22600  train 7.5508e-08  test 2.1316e-07  (23 epochs/s)
epoch  22700  train 7.5250e-08  test 1.9879e-07  (23 epochs/s)
epoch  22800  train 7.4783e-08  test 1.8631e-07  (23 epochs/s)
epoch  22900  train 7.4572e-08  test 1.7532e-07  (23 epochs/s)
epoch  23000  train 7.4581e-08  test 1.6599e-07  (23 epochs/s)
epoch  23100  train 7.4407e-08  test 1.5811e-07  (23 epochs/s)
epoch  23200  train 7.4303e-08  test 1.5162e-07  (23 epochs/s)
epoch  23300  train 7.4198e-08  test 1.4575e-07  (23 epochs/s)
epoch  23400  train 7.3935e-08  test 1.4089e-07  (23 epochs/s)
epoch  23500  train 7.3865e-08  test 1.3656e-07  (23 epochs/s)
epoch  23600  train 7.3748e-08  test 1.3288e-07  (23 epochs/s)
epoch  23700  train 7.3705e-08  test 1.2952e-07  (23 epochs/s)
epoch  23800  train 7.3783e-08  test 1.2683e-07  (23 epochs/s)
epoch  23900  train 7.3640e-08  test 1.2468e-07  (23 epochs/s)
epoch  24000  train 7.3446e-08  test 1.2296e-07  (23 epochs/s)
epoch  24100  train 7.3306e-08  test 1.2149e-07  (23 epochs/s)
epoch  24200  train 7.3276e-08  test 1.2016e-07  (23 epochs/s)
epoch  24300  train 7.3515e-08  test 1.1920e-07  (23 epochs/s)
epoch  24400  train 7.3263e-08  test 1.1828e-07  (23 epochs/s)
epoch  24500  train 7.3358e-08  test 1.1770e-07  (23 epochs/s)
epoch  24600  train 7.3201e-08  test 1.1713e-07  (23 epochs/s)
epoch  24700  train 7.3365e-08  test 1.1680e-07  (23 epochs/s)
epoch  24800  train 7.3364e-08  test 1.1630e-07  (23 epochs/s)
epoch  24900  train 7.3082e-08  test 1.1609e-07  (23 epochs/s)
epoch  25000  train 7.3351e-08  test 1.1600e-07  (23 epochs/s)
epoch  25100  train 7.3275e-08  test 1.1607e-07  (23 epochs/s)
epoch  25200  train 7.3113e-08  test 1.1591e-07  (23 epochs/s)
epoch  25300  train 7.3117e-08  test 1.1596e-07  (23 epochs/s)
epoch  25400  train 7.3183e-08  test 1.1608e-07  (23 epochs/s)
epoch  25500  train 7.3113e-08  test 1.1635e-07  (23 epochs/s)
epoch  25600  train 7.3246e-08  test 1.1651e-07  (23 epochs/s)
epoch  25700  train 7.3184e-08  test 1.1658e-07  (23 epochs/s)
epoch  25800  train 7.3106e-08  test 1.1671e-07  (23 epochs/s)
epoch  25900  train 7.3160e-08  test 1.1689e-07  (23 epochs/s)
epoch  26000  train 7.3132e-08  test 1.1709e-07  (23 epochs/s)
epoch  26100  train 7.3035e-08  test 1.1739e-07  (23 epochs/s)
epoch  26200  train 7.3036e-08  test 1.1755e-07  (23 epochs/s)
epoch  26300  train 7.3026e-08  test 1.1784e-07  (23 epochs/s)
epoch  26400  train 7.3033e-08  test 1.1797e-07  (23 epochs/s)
epoch  26500  train 7.3087e-08  test 1.1837e-07  (23 epochs/s)
epoch  26600  train 7.2998e-08  test 1.1865e-07  (23 epochs/s)
epoch  26700  train 7.3001e-08  test 1.1877e-07  (23 epochs/s)
epoch  26800  train 7.3020e-08  test 1.1900e-07  (23 epochs/s)
epoch  26900  train 7.3123e-08  test 1.1925e-07  (23 epochs/s)
epoch  27000  train 7.3125e-08  test 1.1967e-07  (23 epochs/s)
epoch  27100  train 7.3018e-08  test 1.1983e-07  (23 epochs/s)
epoch  27200  train 7.2950e-08  test 1.2027e-07  (23 epochs/s)
epoch  27300  train 7.2973e-08  test 1.2038e-07  (23 epochs/s)
epoch  27400  train 7.2912e-08  test 1.2063e-07  (23 epochs/s)
epoch  27500  train 7.2977e-08  test 1.2097e-07  (23 epochs/s)
epoch  27600  train 7.2979e-08  test 1.2142e-07  (23 epochs/s)
epoch  27700  train 7.2920e-08  test 1.2166e-07  (23 epochs/s)
epoch  27800  train 7.2924e-08  test 1.2198e-07  (23 epochs/s)
epoch  27900  train 7.2922e-08  test 1.2212e-07  (23 epochs/s)
epoch  28000  train 7.3003e-08  test 1.2254e-07  (23 epochs/s)
epoch  28100  train 7.3025e-08  test 1.2285e-07  (23 epochs/s)
epoch  28200  train 7.2971e-08  test 1.2322e-07  (23 epochs/s)
epoch  28300  train 7.2908e-08  test 1.2369e-07  (23 epochs/s)
epoch  28400  train 7.2890e-08  test 1.2404e-07  (23 epochs/s)
epoch  28500  train 7.2905e-08  test 1.2449e-07  (23 epochs/s)
epoch  28600  train 7.2838e-08  test 1.2477e-07  (23 epochs/s)
epoch  28700  train 7.2895e-08  test 1.2513e-07  (23 epochs/s)
epoch  28800  train 7.2936e-08  test 1.2545e-07  (23 epochs/s)
epoch  28900  train 7.2924e-08  test 1.2574e-07  (23 epochs/s)
epoch  29000  train 7.2907e-08  test 1.2627e-07  (23 epochs/s)
epoch  29100  train 7.2918e-08  test 1.2726e-07  (23 epochs/s)
epoch  29200  train 7.2931e-08  test 1.2785e-07  (23 epochs/s)
epoch  29300  train 7.2921e-08  test 1.2849e-07  (23 epochs/s)
epoch  29400  train 7.2890e-08  test 1.2906e-07  (23 epochs/s)
epoch  29500  train 7.2931e-08  test 1.2939e-07  (23 epochs/s)
epoch  29600  train 7.2925e-08  test 1.2978e-07  (23 epochs/s)
epoch  29700  train 7.2898e-08  test 1.3036e-07  (23 epochs/s)
epoch  29800  train 7.2869e-08  test 1.3077e-07  (23 epochs/s)
epoch  29900  train 7.2873e-08  test 1.3123e-07  (23 epochs/s)
epoch  30000  train 7.2871e-08  test 1.3187e-07  (23 epochs/s)
done: 30000 epochs in 1322s -> runs/eff-D/p-113/seed2034/seed11285
=== eff-D tilt5 wd0.4 init 33428 (11:32:12) ===
train: 3830  test: 8939
epoch    100  train 3.3494e+00  test 1.5063e+01  (19 epochs/s)
epoch    200  train 5.9615e-02  test 5.4820e+01  (18 epochs/s)
epoch    300  train 1.0136e-02  test 6.3754e+01  (18 epochs/s)
epoch    400  train 3.1070e-03  test 6.9069e+01  (17 epochs/s)
epoch    500  train 9.8593e-04  test 7.4295e+01  (17 epochs/s)
epoch    600  train 3.2023e-04  test 7.9313e+01  (18 epochs/s)
epoch    700  train 1.0575e-04  test 8.4372e+01  (18 epochs/s)
epoch    800  train 3.5493e-05  test 8.9671e+01  (19 epochs/s)
epoch    900  train 1.2122e-05  test 9.4512e+01  (19 epochs/s)
epoch   1000  train 4.2697e-06  test 9.9376e+01  (19 epochs/s)
epoch   1100  train 1.5971e-06  test 1.0405e+02  (19 epochs/s)
epoch   1200  train 6.7335e-07  test 1.0788e+02  (20 epochs/s)
epoch   1300  train 3.4528e-07  test 1.1097e+02  (20 epochs/s)
epoch   1400  train 2.2428e-07  test 1.1266e+02  (20 epochs/s)
epoch   1500  train 1.7910e-07  test 1.1287e+02  (20 epochs/s)
epoch   1600  train 1.6363e-07  test 1.1199e+02  (20 epochs/s)
epoch   1700  train 1.5948e-07  test 1.1057e+02  (20 epochs/s)
epoch   1800  train 1.5880e-07  test 1.0913e+02  (20 epochs/s)
epoch   1900  train 1.5901e-07  test 1.0781e+02  (20 epochs/s)
epoch   2000  train 1.5897e-07  test 1.0671e+02  (20 epochs/s)
epoch   2100  train 1.5899e-07  test 1.0555e+02  (20 epochs/s)
epoch   2200  train 1.5893e-07  test 1.0453e+02  (20 epochs/s)
epoch   2300  train 1.5874e-07  test 1.0362e+02  (20 epochs/s)
epoch   2400  train 1.5885e-07  test 1.0272e+02  (20 epochs/s)
epoch   2500  train 1.5851e-07  test 1.0178e+02  (21 epochs/s)
epoch   2600  train 1.5836e-07  test 1.0085e+02  (21 epochs/s)
epoch   2700  train 1.5816e-07  test 9.9832e+01  (21 epochs/s)
epoch   2800  train 1.5797e-07  test 9.8812e+01  (21 epochs/s)
epoch   2900  train 1.5767e-07  test 9.7880e+01  (21 epochs/s)
epoch   3000  train 1.5752e-07  test 9.6977e+01  (21 epochs/s)
epoch   3100  train 1.5722e-07  test 9.6034e+01  (21 epochs/s)
epoch   3200  train 1.5688e-07  test 9.5147e+01  (21 epochs/s)
epoch   3300  train 1.5670e-07  test 9.4373e+01  (21 epochs/s)
epoch   3400  train 1.5641e-07  test 9.3616e+01  (21 epochs/s)
epoch   3500  train 1.5609e-07  test 9.2886e+01  (21 epochs/s)
epoch   3600  train 1.5575e-07  test 9.2169e+01  (21 epochs/s)
epoch   3700  train 1.5560e-07  test 9.1501e+01  (21 epochs/s)
epoch   3800  train 1.5526e-07  test 9.0851e+01  (21 epochs/s)
epoch   3900  train 1.5495e-07  test 9.0084e+01  (21 epochs/s)
epoch   4000  train 1.5463e-07  test 8.9355e+01  (21 epochs/s)
epoch   4100  train 1.5428e-07  test 8.8760e+01  (21 epochs/s)
epoch   4200  train 1.5406e-07  test 8.8005e+01  (21 epochs/s)
epoch   4300  train 1.5371e-07  test 8.7274e+01  (21 epochs/s)
epoch   4400  train 1.5350e-07  test 8.6506e+01  (21 epochs/s)
epoch   4500  train 1.5325e-07  test 8.5676e+01  (21 epochs/s)
epoch   4600  train 1.5295e-07  test 8.4940e+01  (21 epochs/s)
epoch   4700  train 1.5260e-07  test 8.4308e+01  (21 epochs/s)
epoch   4800  train 1.5228e-07  test 8.3701e+01  (21 epochs/s)
epoch   4900  train 1.5203e-07  test 8.3032e+01  (21 epochs/s)
epoch   5000  train 1.5171e-07  test 8.2286e+01  (21 epochs/s)
epoch   5100  train 1.5128e-07  test 8.1548e+01  (21 epochs/s)
epoch   5200  train 1.5095e-07  test 8.0798e+01  (21 epochs/s)
epoch   5300  train 1.5080e-07  test 7.9974e+01  (21 epochs/s)
epoch   5400  train 1.5045e-07  test 7.9108e+01  (21 epochs/s)
epoch   5500  train 1.5013e-07  test 7.8293e+01  (21 epochs/s)
epoch   5600  train 1.4987e-07  test 7.7398e+01  (21 epochs/s)
epoch   5700  train 1.4957e-07  test 7.6367e+01  (21 epochs/s)
epoch   5800  train 1.4924e-07  test 7.5375e+01  (21 epochs/s)
epoch   5900  train 1.4886e-07  test 7.4487e+01  (21 epochs/s)
epoch   6000  train 1.4855e-07  test 7.3613e+01  (21 epochs/s)
epoch   6100  train 1.4829e-07  test 7.2911e+01  (21 epochs/s)
epoch   6200  train 1.4799e-07  test 7.2385e+01  (21 epochs/s)
epoch   6300  train 1.4771e-07  test 7.1838e+01  (21 epochs/s)
epoch   6400  train 1.4747e-07  test 7.1123e+01  (21 epochs/s)
epoch   6500  train 1.4718e-07  test 7.0485e+01  (21 epochs/s)
epoch   6600  train 1.4671e-07  test 6.9787e+01  (21 epochs/s)
epoch   6700  train 1.4638e-07  test 6.8968e+01  (21 epochs/s)
epoch   6800  train 1.4611e-07  test 6.8214e+01  (21 epochs/s)
epoch   6900  train 1.4581e-07  test 6.7470e+01  (21 epochs/s)
epoch   7000  train 1.4550e-07  test 6.6609e+01  (21 epochs/s)
epoch   7100  train 1.4524e-07  test 6.5814e+01  (21 epochs/s)
epoch   7200  train 1.4482e-07  test 6.5447e+01  (21 epochs/s)
epoch   7300  train 1.4462e-07  test 6.5459e+01  (21 epochs/s)
epoch   7400  train 1.4423e-07  test 6.5404e+01  (21 epochs/s)
epoch   7500  train 1.4392e-07  test 6.5192e+01  (21 epochs/s)
epoch   7600  train 1.4353e-07  test 6.4979e+01  (21 epochs/s)
epoch   7700  train 1.4324e-07  test 6.4741e+01  (21 epochs/s)
epoch   7800  train 1.4272e-07  test 6.4377e+01  (21 epochs/s)
epoch   7900  train 1.4245e-07  test 6.4005e+01  (21 epochs/s)
epoch   8000  train 1.4212e-07  test 6.3576e+01  (21 epochs/s)
epoch   8100  train 1.4179e-07  test 6.3129e+01  (21 epochs/s)
epoch   8200  train 1.4138e-07  test 6.2556e+01  (21 epochs/s)
epoch   8300  train 1.4088e-07  test 6.1830e+01  (21 epochs/s)
epoch   8400  train 1.4065e-07  test 6.1066e+01  (21 epochs/s)
epoch   8500  train 1.4015e-07  test 6.0408e+01  (21 epochs/s)
epoch   8600  train 1.3980e-07  test 5.9643e+01  (21 epochs/s)
epoch   8700  train 1.3933e-07  test 5.8831e+01  (21 epochs/s)
epoch   8800  train 1.3890e-07  test 5.7943e+01  (21 epochs/s)
epoch   8900  train 1.3842e-07  test 5.7085e+01  (21 epochs/s)
epoch   9000  train 1.3796e-07  test 5.6288e+01  (21 epochs/s)
epoch   9100  train 1.3751e-07  test 5.5416e+01  (22 epochs/s)
epoch   9200  train 1.3686e-07  test 5.4598e+01  (22 epochs/s)
epoch   9300  train 1.3636e-07  test 5.3695e+01  (22 epochs/s)
epoch   9400  train 1.3591e-07  test 5.2798e+01  (22 epochs/s)
epoch   9500  train 1.3523e-07  test 5.2474e+01  (22 epochs/s)
epoch   9600  train 1.3483e-07  test 5.2071e+01  (22 epochs/s)
epoch   9700  train 1.3417e-07  test 5.1518e+01  (22 epochs/s)
epoch   9800  train 1.3349e-07  test 5.1106e+01  (22 epochs/s)
epoch   9900  train 1.3288e-07  test 5.1081e+01  (22 epochs/s)
epoch  10000  train 1.3213e-07  test 5.0845e+01  (22 epochs/s)
epoch  10100  train 1.3141e-07  test 5.0338e+01  (22 epochs/s)
epoch  10200  train 1.3086e-07  test 4.9902e+01  (22 epochs/s)
epoch  10300  train 1.3012e-07  test 4.8961e+01  (22 epochs/s)
epoch  10400  train 1.2923e-07  test 4.7017e+01  (22 epochs/s)
epoch  10500  train 1.2846e-07  test 4.5288e+01  (22 epochs/s)
epoch  10600  train 1.2781e-07  test 4.4336e+01  (22 epochs/s)
epoch  10700  train 1.2700e-07  test 4.3363e+01  (22 epochs/s)
epoch  10800  train 1.2621e-07  test 4.2428e+01  (22 epochs/s)
epoch  10900  train 1.2536e-07  test 4.1574e+01  (22 epochs/s)
epoch  11000  train 1.2445e-07  test 4.0890e+01  (22 epochs/s)
epoch  11100  train 1.2379e-07  test 4.0075e+01  (22 epochs/s)
epoch  11200  train 1.2272e-07  test 3.9201e+01  (22 epochs/s)
epoch  11300  train 1.2187e-07  test 3.8404e+01  (22 epochs/s)
epoch  11400  train 1.2096e-07  test 3.7515e+01  (22 epochs/s)
epoch  11500  train 1.2017e-07  test 3.6635e+01  (22 epochs/s)
epoch  11600  train 1.1930e-07  test 3.5580e+01  (22 epochs/s)
epoch  11700  train 1.1848e-07  test 3.5480e+01  (22 epochs/s)
epoch  11800  train 1.1743e-07  test 3.5462e+01  (22 epochs/s)
epoch  11900  train 1.1670e-07  test 3.5391e+01  (22 epochs/s)
epoch  12000  train 1.1567e-07  test 3.5322e+01  (22 epochs/s)
epoch  12100  train 1.1480e-07  test 3.5218e+01  (22 epochs/s)
epoch  12200  train 1.1406e-07  test 3.5048e+01  (22 epochs/s)
epoch  12300  train 1.1308e-07  test 3.4929e+01  (22 epochs/s)
epoch  12400  train 1.1221e-07  test 3.4652e+01  (22 epochs/s)
epoch  12500  train 1.1115e-07  test 3.4312e+01  (22 epochs/s)
epoch  12600  train 1.1056e-07  test 3.3946e+01  (22 epochs/s)
epoch  12700  train 1.0956e-07  test 3.3456e+01  (22 epochs/s)
epoch  12800  train 1.0859e-07  test 3.2839e+01  (22 epochs/s)
epoch  12900  train 1.0768e-07  test 3.1990e+01  (22 epochs/s)
epoch  13000  train 1.0704e-07  test 3.1156e+01  (22 epochs/s)
epoch  13100  train 1.0579e-07  test 3.0231e+01  (22 epochs/s)
epoch  13200  train 1.0507e-07  test 2.9209e+01  (22 epochs/s)
epoch  13300  train 1.0417e-07  test 2.8069e+01  (22 epochs/s)
epoch  13400  train 1.0361e-07  test 2.6775e+01  (22 epochs/s)
epoch  13500  train 1.0290e-07  test 2.5472e+01  (22 epochs/s)
epoch  13600  train 1.0241e-07  test 2.4086e+01  (22 epochs/s)
epoch  13700  train 1.0095e-07  test 2.2737e+01  (22 epochs/s)
epoch  13800  train 1.0022e-07  test 2.1272e+01  (22 epochs/s)
epoch  13900  train 1.0061e-07  test 1.9846e+01  (22 epochs/s)
epoch  14000  train 9.8897e-08  test 1.8415e+01  (22 epochs/s)
epoch  14100  train 9.8226e-08  test 1.7019e+01  (22 epochs/s)
epoch  14200  train 9.7808e-08  test 1.5582e+01  (22 epochs/s)
epoch  14300  train 9.7733e-08  test 1.4303e+01  (22 epochs/s)
epoch  14400  train 9.7603e-08  test 1.3048e+01  (22 epochs/s)
epoch  14500  train 9.6628e-08  test 1.1771e+01  (22 epochs/s)
epoch  14600  train 9.5296e-08  test 1.0596e+01  (22 epochs/s)
epoch  14700  train 9.6106e-08  test 9.4218e+00  (22 epochs/s)
epoch  14800  train 9.4134e-08  test 8.2232e+00  (22 epochs/s)
epoch  14900  train 9.3405e-08  test 7.0446e+00  (22 epochs/s)
epoch  15000  train 9.2477e-08  test 6.4060e+00  (22 epochs/s)
epoch  15100  train 9.3056e-08  test 5.9530e+00  (22 epochs/s)
epoch  15200  train 9.1291e-08  test 5.5415e+00  (22 epochs/s)
epoch  15300  train 9.2042e-08  test 5.2893e+00  (22 epochs/s)
epoch  15400  train 9.2098e-08  test 5.0974e+00  (22 epochs/s)
epoch  15500  train 9.0843e-08  test 4.8001e+00  (22 epochs/s)
epoch  15600  train 9.0438e-08  test 4.3459e+00  (22 epochs/s)
epoch  15700  train 8.8269e-08  test 3.7548e+00  (22 epochs/s)
epoch  15800  train 8.8727e-08  test 3.1422e+00  (22 epochs/s)
epoch  15900  train 8.7393e-08  test 2.4775e+00  (22 epochs/s)
epoch  16000  train 8.6193e-08  test 1.8961e+00  (22 epochs/s)
epoch  16100  train 8.7091e-08  test 1.3872e+00  (22 epochs/s)
epoch  16200  train 8.6570e-08  test 1.0233e+00  (22 epochs/s)
epoch  16300  train 8.4684e-08  test 6.1176e-01  (22 epochs/s)
epoch  16400  train 8.3487e-08  test 6.7152e-02  (22 epochs/s)
epoch  16500  train 8.2759e-08  test 8.8034e-03  (22 epochs/s)
epoch  16600  train 8.3571e-08  test 2.2507e-03  (22 epochs/s)
epoch  16700  train 8.1906e-08  test 7.3762e-04  (22 epochs/s)
epoch  16800  train 8.1243e-08  test 3.0621e-04  (22 epochs/s)
epoch  16900  train 8.0945e-08  test 1.3599e-04  (22 epochs/s)
epoch  17000  train 8.0853e-08  test 6.5362e-05  (22 epochs/s)
epoch  17100  train 7.9349e-08  test 3.2198e-05  (22 epochs/s)
epoch  17200  train 7.9229e-08  test 1.6789e-05  (22 epochs/s)
epoch  17300  train 7.8282e-08  test 8.9651e-06  (22 epochs/s)
epoch  17400  train 7.7995e-08  test 5.0019e-06  (22 epochs/s)
epoch  17500  train 7.7494e-08  test 3.0252e-06  (22 epochs/s)
epoch  17600  train 7.7050e-08  test 1.9243e-06  (22 epochs/s)
epoch  17700  train 7.6675e-08  test 1.2882e-06  (22 epochs/s)
epoch  17800  train 7.6262e-08  test 9.2521e-07  (22 epochs/s)
epoch  17900  train 7.5903e-08  test 6.8150e-07  (22 epochs/s)
epoch  18000  train 7.5595e-08  test 5.2448e-07  (22 epochs/s)
epoch  18100  train 7.5384e-08  test 4.1517e-07  (22 epochs/s)
epoch  18200  train 7.5224e-08  test 3.3815e-07  (22 epochs/s)
epoch  18300  train 7.4712e-08  test 2.8443e-07  (22 epochs/s)
epoch  18400  train 7.4606e-08  test 2.4417e-07  (22 epochs/s)
epoch  18500  train 7.4400e-08  test 2.1475e-07  (22 epochs/s)
epoch  18600  train 7.4031e-08  test 1.9268e-07  (22 epochs/s)
epoch  18700  train 7.3873e-08  test 1.7599e-07  (22 epochs/s)
epoch  18800  train 7.3670e-08  test 1.6392e-07  (22 epochs/s)
epoch  18900  train 7.3520e-08  test 1.5399e-07  (22 epochs/s)
epoch  19000  train 7.3275e-08  test 1.4669e-07  (22 epochs/s)
epoch  19100  train 7.3241e-08  test 1.4067e-07  (22 epochs/s)
epoch  19200  train 7.2991e-08  test 1.3601e-07  (22 epochs/s)
epoch  19300  train 7.2822e-08  test 1.3207e-07  (22 epochs/s)
epoch  19400  train 7.2908e-08  test 1.2870e-07  (22 epochs/s)
epoch  19500  train 7.2707e-08  test 1.2587e-07  (22 epochs/s)
epoch  19600  train 7.2603e-08  test 1.2336e-07  (22 epochs/s)
epoch  19700  train 7.2624e-08  test 1.2129e-07  (22 epochs/s)
epoch  19800  train 7.2375e-08  test 1.1925e-07  (22 epochs/s)
epoch  19900  train 7.2358e-08  test 1.1761e-07  (22 epochs/s)
epoch  20000  train 7.2498e-08  test 1.1609e-07  (22 epochs/s)
epoch  20100  train 7.2236e-08  test 1.1506e-07  (22 epochs/s)
epoch  20200  train 7.2211e-08  test 1.1409e-07  (22 epochs/s)
epoch  20300  train 7.2156e-08  test 1.1289e-07  (22 epochs/s)
epoch  20400  train 7.2147e-08  test 1.1200e-07  (22 epochs/s)
epoch  20500  train 7.2166e-08  test 1.1141e-07  (22 epochs/s)
epoch  20600  train 7.2163e-08  test 1.1065e-07  (22 epochs/s)
epoch  20700  train 7.2068e-08  test 1.0986e-07  (22 epochs/s)
epoch  20800  train 7.2002e-08  test 1.0947e-07  (22 epochs/s)
epoch  20900  train 7.1919e-08  test 1.0879e-07  (22 epochs/s)
epoch  21000  train 7.2028e-08  test 1.0840e-07  (22 epochs/s)
epoch  21100  train 7.2154e-08  test 1.0783e-07  (22 epochs/s)
epoch  21200  train 7.2162e-08  test 1.0749e-07  (22 epochs/s)
epoch  21300  train 7.2161e-08  test 1.0711e-07  (22 epochs/s)
epoch  21400  train 7.2153e-08  test 1.0694e-07  (22 epochs/s)
epoch  21500  train 7.2207e-08  test 1.0665e-07  (22 epochs/s)
epoch  21600  train 7.2191e-08  test 1.0613e-07  (22 epochs/s)
epoch  21700  train 7.2133e-08  test 1.0600e-07  (22 epochs/s)
epoch  21800  train 7.1939e-08  test 1.0575e-07  (22 epochs/s)
epoch  21900  train 7.1958e-08  test 1.0528e-07  (22 epochs/s)
epoch  22000  train 7.1859e-08  test 1.0498e-07  (22 epochs/s)
epoch  22100  train 7.1808e-08  test 1.0492e-07  (22 epochs/s)
epoch  22200  train 7.1783e-08  test 1.0461e-07  (22 epochs/s)
epoch  22300  train 7.1752e-08  test 1.0432e-07  (22 epochs/s)
epoch  22400  train 7.1688e-08  test 1.0388e-07  (22 epochs/s)
epoch  22500  train 7.1708e-08  test 1.0361e-07  (22 epochs/s)
epoch  22600  train 7.1651e-08  test 1.0339e-07  (22 epochs/s)
epoch  22700  train 7.1707e-08  test 1.0321e-07  (22 epochs/s)
epoch  22800  train 7.1739e-08  test 1.0301e-07  (22 epochs/s)
epoch  22900  train 7.1772e-08  test 1.0287e-07  (22 epochs/s)
epoch  23000  train 7.1799e-08  test 1.0261e-07  (22 epochs/s)
epoch  23100  train 7.1858e-08  test 1.0255e-07  (22 epochs/s)
epoch  23200  train 7.1895e-08  test 1.0241e-07  (22 epochs/s)
epoch  23300  train 7.1913e-08  test 1.0212e-07  (22 epochs/s)
epoch  23400  train 7.1925e-08  test 1.0188e-07  (22 epochs/s)
epoch  23500  train 7.1921e-08  test 1.0177e-07  (22 epochs/s)
epoch  23600  train 7.1811e-08  test 1.0156e-07  (22 epochs/s)
epoch  23700  train 7.1762e-08  test 1.0143e-07  (22 epochs/s)
epoch  23800  train 7.1694e-08  test 1.0126e-07  (22 epochs/s)
epoch  23900  train 7.1700e-08  test 1.0108e-07  (22 epochs/s)
epoch  24000  train 7.1724e-08  test 1.0093e-07  (22 epochs/s)
epoch  24100  train 7.1727e-08  test 1.0071e-07  (22 epochs/s)
epoch  24200  train 7.1725e-08  test 1.0054e-07  (22 epochs/s)
epoch  24300  train 7.1743e-08  test 1.0039e-07  (22 epochs/s)
epoch  24400  train 7.1738e-08  test 1.0034e-07  (22 epochs/s)
epoch  24500  train 7.1744e-08  test 1.0004e-07  (22 epochs/s)
epoch  24600  train 7.1623e-08  test 9.9844e-08  (22 epochs/s)
epoch  24700  train 7.1560e-08  test 9.9819e-08  (22 epochs/s)
epoch  24800  train 7.1536e-08  test 9.9488e-08  (22 epochs/s)
epoch  24900  train 7.1573e-08  test 9.9481e-08  (22 epochs/s)
epoch  25000  train 7.1515e-08  test 9.9159e-08  (22 epochs/s)
epoch  25100  train 7.1512e-08  test 9.8939e-08  (22 epochs/s)
epoch  25200  train 7.1500e-08  test 9.8751e-08  (22 epochs/s)
epoch  25300  train 7.1516e-08  test 9.8640e-08  (22 epochs/s)
epoch  25400  train 7.1480e-08  test 9.8543e-08  (22 epochs/s)
epoch  25500  train 7.1410e-08  test 9.8277e-08  (22 epochs/s)
epoch  25600  train 7.1353e-08  test 9.8098e-08  (22 epochs/s)
epoch  25700  train 7.1422e-08  test 9.8126e-08  (22 epochs/s)
epoch  25800  train 7.1453e-08  test 9.7954e-08  (22 epochs/s)
epoch  25900  train 7.1459e-08  test 9.7628e-08  (22 epochs/s)
epoch  26000  train 7.1496e-08  test 9.7634e-08  (22 epochs/s)
epoch  26100  train 7.1515e-08  test 9.7272e-08  (22 epochs/s)
epoch  26200  train 7.1528e-08  test 9.7275e-08  (22 epochs/s)
epoch  26300  train 7.1515e-08  test 9.7163e-08  (22 epochs/s)
epoch  26400  train 7.1585e-08  test 9.7010e-08  (22 epochs/s)
epoch  26500  train 7.1595e-08  test 9.6817e-08  (22 epochs/s)
epoch  26600  train 7.1615e-08  test 9.6525e-08  (22 epochs/s)
epoch  26700  train 7.1618e-08  test 9.6431e-08  (22 epochs/s)
epoch  26800  train 7.1627e-08  test 9.6302e-08  (22 epochs/s)
epoch  26900  train 7.1615e-08  test 9.6141e-08  (22 epochs/s)
epoch  27000  train 7.1597e-08  test 9.5933e-08  (22 epochs/s)
epoch  27100  train 7.1618e-08  test 9.5816e-08  (22 epochs/s)
epoch  27200  train 7.1555e-08  test 9.5774e-08  (22 epochs/s)
epoch  27300  train 7.1517e-08  test 9.5535e-08  (22 epochs/s)
epoch  27400  train 7.1506e-08  test 9.5411e-08  (22 epochs/s)
epoch  27500  train 7.1518e-08  test 9.5278e-08  (22 epochs/s)
epoch  27600  train 7.1525e-08  test 9.5001e-08  (22 epochs/s)
epoch  27700  train 7.1522e-08  test 9.4906e-08  (22 epochs/s)
epoch  27800  train 7.1541e-08  test 9.4861e-08  (22 epochs/s)
epoch  27900  train 7.1557e-08  test 9.4718e-08  (22 epochs/s)
epoch  28000  train 7.1558e-08  test 9.4643e-08  (22 epochs/s)
epoch  28100  train 7.1531e-08  test 9.4393e-08  (22 epochs/s)
epoch  28200  train 7.1541e-08  test 9.4243e-08  (22 epochs/s)
epoch  28300  train 7.1534e-08  test 9.4044e-08  (22 epochs/s)
epoch  28400  train 7.1536e-08  test 9.3910e-08  (22 epochs/s)
epoch  28500  train 7.1515e-08  test 9.3908e-08  (22 epochs/s)
epoch  28600  train 7.1548e-08  test 9.3773e-08  (22 epochs/s)
epoch  28700  train 7.1507e-08  test 9.3542e-08  (22 epochs/s)
epoch  28800  train 7.1496e-08  test 9.3325e-08  (22 epochs/s)
epoch  28900  train 7.1515e-08  test 9.3223e-08  (22 epochs/s)
epoch  29000  train 7.1464e-08  test 9.3125e-08  (22 epochs/s)
epoch  29100  train 7.1425e-08  test 9.3219e-08  (22 epochs/s)
epoch  29200  train 7.1375e-08  test 9.2921e-08  (22 epochs/s)
epoch  29300  train 7.1380e-08  test 9.2927e-08  (22 epochs/s)
epoch  29400  train 7.1382e-08  test 9.2672e-08  (22 epochs/s)
epoch  29500  train 7.1367e-08  test 9.2514e-08  (22 epochs/s)
epoch  29600  train 7.1370e-08  test 9.2509e-08  (22 epochs/s)
epoch  29700  train 7.1355e-08  test 9.2407e-08  (22 epochs/s)
epoch  29800  train 7.1381e-08  test 9.2160e-08  (22 epochs/s)
epoch  29900  train 7.1377e-08  test 9.2082e-08  (22 epochs/s)
epoch  30000  train 7.1370e-08  test 9.2060e-08  (22 epochs/s)
done: 30000 epochs in 1337s -> runs/eff-D/p-113/seed2034/seed33428
=== eff-D tilt5 wd0.4 init 777 (11:54:29) ===
train: 3830  test: 8939
epoch    100  train 3.4204e+00  test 1.2314e+01  (22 epochs/s)
epoch    200  train 7.0968e-02  test 4.3272e+01  (20 epochs/s)
epoch    300  train 1.1109e-02  test 5.0554e+01  (21 epochs/s)
epoch    400  train 3.3865e-03  test 5.3597e+01  (21 epochs/s)
epoch    500  train 1.0755e-03  test 5.7826e+01  (21 epochs/s)
epoch    600  train 3.5001e-04  test 6.2146e+01  (22 epochs/s)
epoch    700  train 1.1566e-04  test 6.6754e+01  (22 epochs/s)
epoch    800  train 3.8783e-05  test 7.1002e+01  (22 epochs/s)
epoch    900  train 1.3237e-05  test 7.4451e+01  (22 epochs/s)
epoch   1000  train 4.6448e-06  test 7.7589e+01  (22 epochs/s)
epoch   1100  train 1.7256e-06  test 8.0228e+01  (22 epochs/s)
epoch   1200  train 7.1925e-07  test 8.3781e+01  (22 epochs/s)
epoch   1300  train 3.6336e-07  test 8.6810e+01  (22 epochs/s)
epoch   1400  train 2.3246e-07  test 8.8369e+01  (22 epochs/s)
epoch   1500  train 1.8339e-07  test 8.8828e+01  (22 epochs/s)
epoch   1600  train 1.6653e-07  test 8.8286e+01  (22 epochs/s)
epoch   1700  train 1.6199e-07  test 8.7281e+01  (22 epochs/s)
epoch   1800  train 1.6107e-07  test 8.6148e+01  (22 epochs/s)
epoch   1900  train 1.6118e-07  test 8.5030e+01  (22 epochs/s)
epoch   2000  train 1.6140e-07  test 8.3991e+01  (22 epochs/s)
epoch   2100  train 1.6157e-07  test 8.3098e+01  (22 epochs/s)
epoch   2200  train 1.6154e-07  test 8.2133e+01  (22 epochs/s)
epoch   2300  train 1.6154e-07  test 8.1263e+01  (22 epochs/s)
epoch   2400  train 1.6133e-07  test 8.0678e+01  (22 epochs/s)
epoch   2500  train 1.6131e-07  test 8.0205e+01  (22 epochs/s)
epoch   2600  train 1.6110e-07  test 7.9750e+01  (22 epochs/s)
epoch   2700  train 1.6079e-07  test 7.9101e+01  (22 epochs/s)
epoch   2800  train 1.6067e-07  test 7.8615e+01  (22 epochs/s)
epoch   2900  train 1.6041e-07  test 7.8270e+01  (21 epochs/s)
epoch   3000  train 1.6030e-07  test 7.8137e+01  (21 epochs/s)
epoch   3100  train 1.5995e-07  test 7.8084e+01  (21 epochs/s)
epoch   3200  train 1.5957e-07  test 7.8074e+01  (21 epochs/s)
epoch   3300  train 1.5947e-07  test 7.8145e+01  (21 epochs/s)
epoch   3400  train 1.5909e-07  test 7.8182e+01  (21 epochs/s)
epoch   3500  train 1.5890e-07  test 7.8184e+01  (21 epochs/s)
epoch   3600  train 1.5859e-07  test 7.8052e+01  (21 epochs/s)
epoch   3700  train 1.5823e-07  test 7.7997e+01  (21 epochs/s)
epoch   3800  train 1.5799e-07  test 7.7998e+01  (21 epochs/s)
epoch   3900  train 1.5769e-07  test 7.8038e+01  (21 epochs/s)
epoch   4000  train 1.5738e-07  test 7.7979e+01  (21 epochs/s)
epoch   4100  train 1.5699e-07  test 7.8031e+01  (21 epochs/s)
epoch   4200  train 1.5675e-07  test 7.8074e+01  (21 epochs/s)
epoch   4300  train 1.5640e-07  test 7.7887e+01  (21 epochs/s)
epoch   4400  train 1.5616e-07  test 7.7734e+01  (21 epochs/s)
epoch   4500  train 1.5589e-07  test 7.7684e+01  (21 epochs/s)
epoch   4600  train 1.5548e-07  test 7.7614e+01  (21 epochs/s)
epoch   4700  train 1.5527e-07  test 7.7486e+01  (21 epochs/s)
epoch   4800  train 1.5499e-07  test 7.7291e+01  (22 epochs/s)
epoch   4900  train 1.5481e-07  test 7.7039e+01  (22 epochs/s)
epoch   5000  train 1.5444e-07  test 7.6765e+01  (22 epochs/s)
epoch   5100  train 1.5416e-07  test 7.6470e+01  (22 epochs/s)
epoch   5200  train 1.5379e-07  test 7.6184e+01  (22 epochs/s)
epoch   5300  train 1.5354e-07  test 7.6001e+01  (22 epochs/s)
epoch   5400  train 1.5311e-07  test 7.5758e+01  (22 epochs/s)
epoch   5500  train 1.5288e-07  test 7.5516e+01  (22 epochs/s)
epoch   5600  train 1.5258e-07  test 7.5138e+01  (22 epochs/s)
epoch   5700  train 1.5228e-07  test 7.4770e+01  (22 epochs/s)
epoch   5800  train 1.5197e-07  test 7.4521e+01  (22 epochs/s)
epoch   5900  train 1.5173e-07  test 7.4315e+01  (23 epochs/s)
epoch   6000  train 1.5141e-07  test 7.3980e+01  (23 epochs/s)
epoch   6100  train 1.5115e-07  test 7.3642e+01  (23 epochs/s)
epoch   6200  train 1.5078e-07  test 7.3219e+01  (23 epochs/s)
epoch   6300  train 1.5056e-07  test 7.2829e+01  (23 epochs/s)
epoch   6400  train 1.5007e-07  test 7.2600e+01  (23 epochs/s)
epoch   6500  train 1.4995e-07  test 7.2324e+01  (23 epochs/s)
epoch   6600  train 1.4969e-07  test 7.2089e+01  (23 epochs/s)
epoch   6700  train 1.4937e-07  test 7.2235e+01  (23 epochs/s)
epoch   6800  train 1.4906e-07  test 7.2516e+01  (23 epochs/s)
epoch   6900  train 1.4883e-07  test 7.2869e+01  (23 epochs/s)
epoch   7000  train 1.4845e-07  test 7.3209e+01  (23 epochs/s)
epoch   7100  train 1.4825e-07  test 7.3570e+01  (23 epochs/s)
epoch   7200  train 1.4793e-07  test 7.3863e+01  (23 epochs/s)
epoch   7300  train 1.4755e-07  test 7.4056e+01  (24 epochs/s)
epoch   7400  train 1.4740e-07  test 7.4262e+01  (24 epochs/s)
epoch   7500  train 1.4701e-07  test 7.4372e+01  (24 epochs/s)
epoch   7600  train 1.4673e-07  test 7.4212e+01  (24 epochs/s)
epoch   7700  train 1.4640e-07  test 7.3983e+01  (24 epochs/s)
epoch   7800  train 1.4615e-07  test 7.3746e+01  (24 epochs/s)
epoch   7900  train 1.4582e-07  test 7.3425e+01  (24 epochs/s)
epoch   8000  train 1.4543e-07  test 7.3070e+01  (24 epochs/s)
epoch   8100  train 1.4516e-07  test 7.2841e+01  (24 epochs/s)
epoch   8200  train 1.4479e-07  test 7.2586e+01  (24 epochs/s)
epoch   8300  train 1.4442e-07  test 7.2241e+01  (24 epochs/s)
epoch   8400  train 1.4422e-07  test 7.1849e+01  (24 epochs/s)
epoch   8500  train 1.4373e-07  test 7.1502e+01  (24 epochs/s)
epoch   8600  train 1.4330e-07  test 7.1117e+01  (24 epochs/s)
epoch   8700  train 1.4294e-07  test 7.0910e+01  (24 epochs/s)
epoch   8800  train 1.4257e-07  test 7.0603e+01  (24 epochs/s)
epoch   8900  train 1.4203e-07  test 7.0285e+01  (24 epochs/s)
epoch   9000  train 1.4175e-07  test 7.0119e+01  (24 epochs/s)
epoch   9100  train 1.4118e-07  test 6.9722e+01  (25 epochs/s)
epoch   9200  train 1.4069e-07  test 6.9179e+01  (25 epochs/s)
epoch   9300  train 1.4029e-07  test 6.8565e+01  (25 epochs/s)
epoch   9400  train 1.3980e-07  test 6.7816e+01  (25 epochs/s)
epoch   9500  train 1.3924e-07  test 6.7144e+01  (25 epochs/s)
epoch   9600  train 1.3871e-07  test 6.6367e+01  (25 epochs/s)
epoch   9700  train 1.3814e-07  test 6.5449e+01  (25 epochs/s)
epoch   9800  train 1.3754e-07  test 6.4484e+01  (25 epochs/s)
epoch   9900  train 1.3691e-07  test 6.3055e+01  (25 epochs/s)
epoch  10000  train 1.3642e-07  test 6.1568e+01  (25 epochs/s)
epoch  10100  train 1.3568e-07  test 6.0013e+01  (25 epochs/s)
epoch  10200  train 1.3482e-07  test 5.8538e+01  (25 epochs/s)
epoch  10300  train 1.3410e-07  test 5.6921e+01  (25 epochs/s)
epoch  10400  train 1.3345e-07  test 5.5156e+01  (25 epochs/s)
epoch  10500  train 1.3250e-07  test 5.3603e+01  (25 epochs/s)
epoch  10600  train 1.3168e-07  test 5.2771e+01  (25 epochs/s)
epoch  10700  train 1.3068e-07  test 5.1959e+01  (25 epochs/s)
epoch  10800  train 1.2970e-07  test 5.1123e+01  (25 epochs/s)
epoch  10900  train 1.2874e-07  test 5.0055e+01  (25 epochs/s)
epoch  11000  train 1.2759e-07  test 4.8904e+01  (25 epochs/s)
epoch  11100  train 1.2627e-07  test 4.7583e+01  (25 epochs/s)
epoch  11200  train 1.2514e-07  test 4.6036e+01  (25 epochs/s)
epoch  11300  train 1.2379e-07  test 4.4265e+01  (25 epochs/s)
epoch  11400  train 1.2270e-07  test 4.2291e+01  (25 epochs/s)
epoch  11500  train 1.2141e-07  test 4.0144e+01  (25 epochs/s)
epoch  11600  train 1.2015e-07  test 3.7958e+01  (25 epochs/s)
epoch  11700  train 1.1884e-07  test 3.5874e+01  (25 epochs/s)
epoch  11800  train 1.1742e-07  test 3.3694e+01  (25 epochs/s)
epoch  11900  train 1.1614e-07  test 3.1885e+01  (25 epochs/s)
epoch  12000  train 1.1466e-07  test 3.0305e+01  (25 epochs/s)
epoch  12100  train 1.1328e-07  test 2.8613e+01  (25 epochs/s)
epoch  12200  train 1.1163e-07  test 2.6663e+01  (25 epochs/s)
epoch  12300  train 1.1023e-07  test 2.5056e+01  (25 epochs/s)
epoch  12400  train 1.0897e-07  test 2.3873e+01  (25 epochs/s)
epoch  12500  train 1.0768e-07  test 2.2512e+01  (25 epochs/s)
epoch  12600  train 1.0622e-07  test 2.1116e+01  (25 epochs/s)
epoch  12700  train 1.0498e-07  test 1.9433e+01  (26 epochs/s)
epoch  12800  train 1.0367e-07  test 1.8380e+01  (26 epochs/s)
epoch  12900  train 1.0263e-07  test 1.7270e+01  (26 epochs/s)
epoch  13000  train 1.0169e-07  test 1.6051e+01  (26 epochs/s)
epoch  13100  train 1.0106e-07  test 1.4724e+01  (26 epochs/s)
epoch  13200  train 1.0004e-07  test 1.3478e+01  (26 epochs/s)
epoch  13300  train 9.9253e-08  test 1.2184e+01  (26 epochs/s)
epoch  13400  train 9.9214e-08  test 1.0736e+01  (26 epochs/s)
epoch  13500  train 9.8552e-08  test 9.1969e+00  (26 epochs/s)
epoch  13600  train 9.7582e-08  test 7.7959e+00  (26 epochs/s)
epoch  13700  train 9.6513e-08  test 6.9116e+00  (26 epochs/s)
epoch  13800  train 9.6036e-08  test 6.3501e+00  (26 epochs/s)
epoch  13900  train 9.5217e-08  test 5.9485e+00  (26 epochs/s)
epoch  14000  train 9.4568e-08  test 5.5209e+00  (26 epochs/s)
epoch  14100  train 9.3924e-08  test 5.2451e+00  (26 epochs/s)
epoch  14200  train 9.3155e-08  test 4.9309e+00  (26 epochs/s)
epoch  14300  train 9.3209e-08  test 4.5806e+00  (26 epochs/s)
epoch  14400  train 9.1814e-08  test 4.1512e+00  (26 epochs/s)
epoch  14500  train 9.1787e-08  test 3.7688e+00  (26 epochs/s)
epoch  14600  train 9.0468e-08  test 3.2264e+00  (26 epochs/s)
epoch  14700  train 8.9689e-08  test 2.6305e+00  (26 epochs/s)
epoch  14800  train 9.0478e-08  test 1.9247e+00  (26 epochs/s)
epoch  14900  train 8.8301e-08  test 1.1972e+00  (26 epochs/s)
epoch  15000  train 8.8007e-08  test 5.1125e-01  (26 epochs/s)
epoch  15100  train 8.7020e-08  test 8.0896e-02  (26 epochs/s)
epoch  15200  train 8.6469e-08  test 6.1065e-03  (26 epochs/s)
epoch  15300  train 8.6581e-08  test 1.9830e-03  (26 epochs/s)
epoch  15400  train 8.5966e-08  test 1.1417e-03  (26 epochs/s)
epoch  15500  train 8.6167e-08  test 7.5134e-04  (26 epochs/s)
epoch  15600  train 8.5275e-08  test 5.4772e-04  (26 epochs/s)
epoch  15700  train 8.3807e-08  test 4.0395e-04  (26 epochs/s)
epoch  15800  train 8.3374e-08  test 2.9779e-04  (26 epochs/s)
epoch  15900  train 8.3002e-08  test 2.4209e-04  (26 epochs/s)
epoch  16000  train 8.2680e-08  test 1.9700e-04  (26 epochs/s)
epoch  16100  train 8.2510e-08  test 1.6032e-04  (26 epochs/s)
epoch  16200  train 8.2339e-08  test 1.3478e-04  (26 epochs/s)
epoch  16300  train 8.2133e-08  test 1.1593e-04  (26 epochs/s)
epoch  16400  train 8.1528e-08  test 9.9652e-05  (26 epochs/s)
epoch  16500  train 8.1870e-08  test 8.3580e-05  (26 epochs/s)
epoch  16600  train 8.0941e-08  test 7.3341e-05  (26 epochs/s)
epoch  16700  train 8.1416e-08  test 6.7317e-05  (26 epochs/s)
epoch  16800  train 8.0756e-08  test 6.3259e-05  (26 epochs/s)
epoch  16900  train 8.1342e-08  test 6.1302e-05  (26 epochs/s)
epoch  17000  train 8.0249e-08  test 6.0247e-05  (26 epochs/s)
epoch  17100  train 8.0098e-08  test 5.8594e-05  (26 epochs/s)
epoch  17200  train 8.0009e-08  test 5.7215e-05  (26 epochs/s)
epoch  17300  train 7.9766e-08  test 5.5493e-05  (26 epochs/s)
epoch  17400  train 7.9778e-08  test 5.0811e-05  (26 epochs/s)
epoch  17500  train 7.9675e-08  test 4.5611e-05  (26 epochs/s)
epoch  17600  train 7.9523e-08  test 4.0110e-05  (26 epochs/s)
epoch  17700  train 7.9344e-08  test 3.5930e-05  (26 epochs/s)
epoch  17800  train 7.9427e-08  test 3.2735e-05  (27 epochs/s)
epoch  17900  train 7.9075e-08  test 3.0420e-05  (27 epochs/s)
epoch  18000  train 7.9462e-08  test 2.8058e-05  (27 epochs/s)
epoch  18100  train 7.9056e-08  test 2.6067e-05  (27 epochs/s)
epoch  18200  train 7.9117e-08  test 2.4639e-05  (27 epochs/s)
epoch  18300  train 7.8670e-08  test 2.3596e-05  (27 epochs/s)
epoch  18400  train 7.8580e-08  test 2.3136e-05  (27 epochs/s)
epoch  18500  train 7.8538e-08  test 2.2229e-05  (27 epochs/s)
epoch  18600  train 7.8304e-08  test 2.0275e-05  (27 epochs/s)
epoch  18700  train 7.8234e-08  test 1.8627e-05  (27 epochs/s)
epoch  18800  train 7.8378e-08  test 1.7592e-05  (27 epochs/s)
epoch  18900  train 7.7909e-08  test 1.6627e-05  (27 epochs/s)
epoch  19000  train 7.8058e-08  test 1.5817e-05  (27 epochs/s)
epoch  19100  train 7.7786e-08  test 1.5226e-05  (27 epochs/s)
epoch  19200  train 7.7479e-08  test 1.5104e-05  (27 epochs/s)
epoch  19300  train 7.7700e-08  test 1.5409e-05  (27 epochs/s)
epoch  19400  train 7.7279e-08  test 1.6208e-05  (27 epochs/s)
epoch  19500  train 7.7234e-08  test 1.8104e-05  (27 epochs/s)
epoch  19600  train 7.7167e-08  test 1.9964e-05  (27 epochs/s)
epoch  19700  train 7.7031e-08  test 1.9913e-05  (27 epochs/s)
epoch  19800  train 7.6859e-08  test 1.8419e-05  (27 epochs/s)
epoch  19900  train 7.6874e-08  test 1.7079e-05  (27 epochs/s)
epoch  20000  train 7.6805e-08  test 1.5710e-05  (27 epochs/s)
epoch  20100  train 7.6795e-08  test 1.4256e-05  (27 epochs/s)
epoch  20200  train 7.6680e-08  test 1.2873e-05  (27 epochs/s)
epoch  20300  train 7.6595e-08  test 1.1294e-05  (27 epochs/s)
epoch  20400  train 7.6518e-08  test 9.5903e-06  (27 epochs/s)
epoch  20500  train 7.6485e-08  test 7.9127e-06  (27 epochs/s)
epoch  20600  train 7.6443e-08  test 6.6745e-06  (27 epochs/s)
epoch  20700  train 7.6153e-08  test 5.9211e-06  (27 epochs/s)
epoch  20800  train 7.6090e-08  test 5.3266e-06  (27 epochs/s)
epoch  20900  train 7.6318e-08  test 4.7346e-06  (27 epochs/s)
epoch  21000  train 7.6030e-08  test 4.2707e-06  (27 epochs/s)
epoch  21100  train 7.6191e-08  test 3.8290e-06  (27 epochs/s)
epoch  21200  train 7.6074e-08  test 3.5166e-06  (27 epochs/s)
epoch  21300  train 7.5818e-08  test 3.3060e-06  (27 epochs/s)
epoch  21400  train 7.5916e-08  test 3.0361e-06  (27 epochs/s)
epoch  21500  train 7.5581e-08  test 2.7299e-06  (27 epochs/s)
epoch  21600  train 7.5812e-08  test 2.4938e-06  (27 epochs/s)
epoch  21700  train 7.5474e-08  test 2.2997e-06  (27 epochs/s)
epoch  21800  train 7.5465e-08  test 2.1959e-06  (27 epochs/s)
epoch  21900  train 7.5224e-08  test 2.0931e-06  (27 epochs/s)
epoch  22000  train 7.5528e-08  test 2.0270e-06  (27 epochs/s)
epoch  22100  train 7.5361e-08  test 2.0436e-06  (27 epochs/s)
epoch  22200  train 7.5193e-08  test 2.0400e-06  (27 epochs/s)
epoch  22300  train 7.5081e-08  test 2.0849e-06  (27 epochs/s)
epoch  22400  train 7.5119e-08  test 2.1415e-06  (27 epochs/s)
epoch  22500  train 7.5339e-08  test 2.2090e-06  (27 epochs/s)
epoch  22600  train 7.4982e-08  test 2.2758e-06  (27 epochs/s)
epoch  22700  train 7.5013e-08  test 2.3225e-06  (27 epochs/s)
epoch  22800  train 7.5009e-08  test 2.3865e-06  (27 epochs/s)
epoch  22900  train 7.5102e-08  test 2.4289e-06  (27 epochs/s)
epoch  23000  train 7.4842e-08  test 2.4793e-06  (27 epochs/s)
epoch  23100  train 7.4871e-08  test 2.5431e-06  (27 epochs/s)
epoch  23200  train 7.4756e-08  test 2.5833e-06  (27 epochs/s)
epoch  23300  train 7.4682e-08  test 2.5976e-06  (27 epochs/s)
epoch  23400  train 7.4770e-08  test 2.6069e-06  (27 epochs/s)
epoch  23500  train 7.4746e-08  test 2.6153e-06  (27 epochs/s)
epoch  23600  train 7.4659e-08  test 2.6265e-06  (27 epochs/s)
epoch  23700  train 7.4691e-08  test 2.6836e-06  (27 epochs/s)
epoch  23800  train 7.4673e-08  test 2.7702e-06  (27 epochs/s)
epoch  23900  train 7.4713e-08  test 2.8342e-06  (27 epochs/s)
epoch  24000  train 7.4647e-08  test 2.8578e-06  (27 epochs/s)
epoch  24100  train 7.4328e-08  test 2.8891e-06  (27 epochs/s)
epoch  24200  train 7.4544e-08  test 2.9271e-06  (27 epochs/s)
epoch  24300  train 7.4238e-08  test 2.9400e-06  (27 epochs/s)
epoch  24400  train 7.4386e-08  test 2.9853e-06  (27 epochs/s)
epoch  24500  train 7.4448e-08  test 2.9885e-06  (27 epochs/s)
epoch  24600  train 7.4403e-08  test 2.9348e-06  (27 epochs/s)
epoch  24700  train 7.4097e-08  test 2.8292e-06  (27 epochs/s)
epoch  24800  train 7.4460e-08  test 2.6915e-06  (27 epochs/s)
epoch  24900  train 7.4262e-08  test 2.5516e-06  (27 epochs/s)
epoch  25000  train 7.4368e-08  test 2.4058e-06  (27 epochs/s)
epoch  25100  train 7.4125e-08  test 2.2873e-06  (27 epochs/s)
epoch  25200  train 7.4217e-08  test 2.1550e-06  (27 epochs/s)
epoch  25300  train 7.4174e-08  test 2.0486e-06  (27 epochs/s)
epoch  25400  train 7.4197e-08  test 1.9255e-06  (27 epochs/s)
epoch  25500  train 7.3982e-08  test 1.7735e-06  (27 epochs/s)
epoch  25600  train 7.4252e-08  test 1.6198e-06  (27 epochs/s)
epoch  25700  train 7.4189e-08  test 1.6024e-06  (27 epochs/s)
epoch  25800  train 7.4071e-08  test 1.4921e-06  (27 epochs/s)
epoch  25900  train 7.3906e-08  test 1.3471e-06  (27 epochs/s)
epoch  26000  train 7.4051e-08  test 1.1423e-06  (27 epochs/s)
epoch  26100  train 7.3776e-08  test 9.2269e-07  (27 epochs/s)
epoch  26200  train 7.3856e-08  test 7.5159e-07  (27 epochs/s)
epoch  26300  train 7.3647e-08  test 6.0594e-07  (27 epochs/s)
epoch  26400  train 7.3677e-08  test 4.9797e-07  (27 epochs/s)
epoch  26500  train 7.3777e-08  test 4.1487e-07  (27 epochs/s)
epoch  26600  train 7.3659e-08  test 3.5048e-07  (27 epochs/s)
epoch  26700  train 7.3542e-08  test 2.9786e-07  (27 epochs/s)
epoch  26800  train 7.3576e-08  test 2.5780e-07  (27 epochs/s)
epoch  26900  train 7.3466e-08  test 2.2759e-07  (27 epochs/s)
epoch  27000  train 7.3527e-08  test 2.0366e-07  (27 epochs/s)
epoch  27100  train 7.3563e-08  test 1.8399e-07  (27 epochs/s)
epoch  27200  train 7.3303e-08  test 1.6832e-07  (27 epochs/s)
epoch  27300  train 7.3464e-08  test 1.5312e-07  (27 epochs/s)
epoch  27400  train 7.3219e-08  test 1.4237e-07  (27 epochs/s)
epoch  27500  train 7.3091e-08  test 1.3440e-07  (27 epochs/s)
epoch  27600  train 7.3333e-08  test 1.2817e-07  (27 epochs/s)
epoch  27700  train 7.3206e-08  test 1.2346e-07  (27 epochs/s)
epoch  27800  train 7.3172e-08  test 1.1990e-07  (27 epochs/s)
epoch  27900  train 7.3046e-08  test 1.1664e-07  (27 epochs/s)
epoch  28000  train 7.3225e-08  test 1.1366e-07  (27 epochs/s)
epoch  28100  train 7.2970e-08  test 1.1131e-07  (27 epochs/s)
epoch  28200  train 7.2995e-08  test 1.0963e-07  (27 epochs/s)
epoch  28300  train 7.2998e-08  test 1.0818e-07  (27 epochs/s)
epoch  28400  train 7.2982e-08  test 1.0697e-07  (27 epochs/s)
epoch  28500  train 7.2974e-08  test 1.0598e-07  (27 epochs/s)
epoch  28600  train 7.2996e-08  test 1.0507e-07  (27 epochs/s)
epoch  28700  train 7.3006e-08  test 1.0431e-07  (27 epochs/s)
epoch  28800  train 7.2907e-08  test 1.0348e-07  (27 epochs/s)
epoch  28900  train 7.2971e-08  test 1.0283e-07  (27 epochs/s)
epoch  29000  train 7.2998e-08  test 1.0234e-07  (27 epochs/s)
epoch  29100  train 7.2937e-08  test 1.0183e-07  (27 epochs/s)
epoch  29200  train 7.2941e-08  test 1.0144e-07  (27 epochs/s)
epoch  29300  train 7.2988e-08  test 1.0102e-07  (27 epochs/s)
epoch  29400  train 7.2974e-08  test 1.0067e-07  (27 epochs/s)
epoch  29500  train 7.3030e-08  test 1.0041e-07  (27 epochs/s)
epoch  29600  train 7.3053e-08  test 1.0029e-07  (27 epochs/s)
epoch  29700  train 7.3007e-08  test 9.9822e-08  (27 epochs/s)
epoch  29800  train 7.2984e-08  test 9.9716e-08  (27 epochs/s)
epoch  29900  train 7.2971e-08  test 9.9626e-08  (27 epochs/s)
epoch  30000  train 7.2975e-08  test 9.9393e-08  (27 epochs/s)
done: 30000 epochs in 1106s -> runs/eff-D/p-113/seed2034/seed777
=== eff-D tilt5 wd0.4 init 4242 (12:12:56) ===
=== eff-E noise0.2@4k+tilt5 init 11285 (12:16:28) ===
train: 3830  test: 8939
epoch    100  train 4.5307e+00  test 5.2192e+00  (32 epochs/s)
epoch    200  train 4.0389e+00  test 7.2622e+00  (33 epochs/s)
epoch    300  train 3.7092e+00  test 8.0645e+00  (33 epochs/s)
epoch    400  train 3.4405e+00  test 8.9245e+00  (33 epochs/s)
epoch    500  train 3.2570e+00  test 9.2275e+00  (33 epochs/s)
epoch    600  train 3.0877e+00  test 9.7882e+00  (33 epochs/s)
epoch    700  train 2.9467e+00  test 1.0566e+01  (33 epochs/s)
epoch    800  train 2.7233e+00  test 9.7045e+00  (33 epochs/s)
epoch    900  train 2.4907e+00  test 9.6336e+00  (33 epochs/s)
epoch   1000  train 2.3734e+00  test 1.0149e+01  (33 epochs/s)
epoch   1100  train 2.0952e+00  test 1.0292e+01  (33 epochs/s)
epoch   1200  train 1.6682e+00  test 9.0996e+00  (33 epochs/s)
epoch   1300  train 1.2501e+00  test 7.8074e+00  (33 epochs/s)
epoch   1400  train 9.0431e-01  test 8.2115e+00  (33 epochs/s)
epoch   1500  train 1.1967e+00  test 7.0947e+00  (33 epochs/s)
epoch   1600  train 7.1376e-01  test 6.4372e+00  (33 epochs/s)
epoch   1700  train 5.2625e-01  test 6.1734e+00  (33 epochs/s)
epoch   1800  train 1.5831e-01  test 4.6997e+00  (33 epochs/s)
epoch   1900  train 5.0120e-02  test 3.7020e+00  (33 epochs/s)
epoch   2000  train 1.5582e-02  test 3.0655e+00  (33 epochs/s)
epoch   2100  train 5.0668e-03  test 2.1351e+00  (33 epochs/s)
epoch   2200  train 1.6720e-03  test 7.9997e-01  (33 epochs/s)
epoch   2300  train 5.2709e-04  test 3.8730e-02  (33 epochs/s)
epoch   2400  train 1.9475e-04  test 1.3117e-03  (33 epochs/s)
epoch   2500  train 6.9260e-05  test 3.8681e-04  (33 epochs/s)
epoch   2600  train 2.4916e-05  test 9.1749e-05  (33 epochs/s)
epoch   2700  train 8.9271e-06  test 2.9737e-05  (33 epochs/s)
epoch   2800  train 2.8695e-06  test 1.2764e-05  (33 epochs/s)
epoch   2900  train 1.2077e-06  test 4.0374e-06  (33 epochs/s)
epoch   3000  train 5.6968e-07  test 1.9702e-06  (33 epochs/s)
epoch   3100  train 2.8892e-07  test 1.1424e-06  (33 epochs/s)
epoch   3200  train 2.0174e-07  test 5.7525e-07  (33 epochs/s)
epoch   3300  train 1.6431e-07  test 5.1357e-07  (32 epochs/s)
epoch   3400  train 1.5465e-07  test 4.7229e-07  (32 epochs/s)
epoch   3500  train 1.4048e-07  test 3.8715e-07  (32 epochs/s)
epoch   3600  train 1.3889e-07  test 3.4979e-07  (32 epochs/s)
epoch   3700  train 1.3861e-07  test 3.5518e-07  (32 epochs/s)
epoch   3800  train 1.3512e-07  test 3.2692e-07  (32 epochs/s)
epoch   3900  train 1.3263e-07  test 3.1237e-07  (32 epochs/s)
epoch   4000  train 1.3170e-07  test 2.9744e-07  (32 epochs/s)
epoch   4100  train 1.3159e-07  test 2.8516e-07  (32 epochs/s)
epoch   4200  train 1.3167e-07  test 2.7533e-07  (32 epochs/s)
epoch   4300  train 1.3186e-07  test 2.6699e-07  (32 epochs/s)
epoch   4400  train 1.3165e-07  test 2.5975e-07  (31 epochs/s)
epoch   4500  train 1.3163e-07  test 2.5375e-07  (31 epochs/s)
epoch   4600  train 1.3169e-07  test 2.4843e-07  (31 epochs/s)
epoch   4700  train 1.3156e-07  test 2.4382e-07  (31 epochs/s)
epoch   4800  train 1.3153e-07  test 2.3983e-07  (31 epochs/s)
epoch   4900  train 1.3137e-07  test 2.3624e-07  (31 epochs/s)
epoch   5000  train 1.3131e-07  test 2.3274e-07  (31 epochs/s)
epoch   5100  train 1.3132e-07  test 2.2931e-07  (31 epochs/s)
epoch   5200  train 1.3117e-07  test 2.2658e-07  (30 epochs/s)
epoch   5300  train 1.3117e-07  test 2.2413e-07  (30 epochs/s)
epoch   5400  train 1.3099e-07  test 2.2168e-07  (30 epochs/s)
epoch   5500  train 1.3096e-07  test 2.1945e-07  (30 epochs/s)
epoch   5600  train 1.3102e-07  test 2.1739e-07  (30 epochs/s)
epoch   5700  train 1.3084e-07  test 2.1560e-07  (30 epochs/s)
epoch   5800  train 1.3084e-07  test 2.1402e-07  (30 epochs/s)
epoch   5900  train 1.3078e-07  test 2.1276e-07  (30 epochs/s)
epoch   6000  train 1.3063e-07  test 2.1149e-07  (29 epochs/s)
epoch   6100  train 1.3063e-07  test 2.1019e-07  (29 epochs/s)
epoch   6200  train 1.3055e-07  test 2.0894e-07  (29 epochs/s)
epoch   6300  train 1.3061e-07  test 2.0792e-07  (29 epochs/s)
epoch   6400  train 1.3055e-07  test 2.0703e-07  (29 epochs/s)
epoch   6500  train 1.3054e-07  test 2.0616e-07  (29 epochs/s)
epoch   6600  train 1.3038e-07  test 2.0526e-07  (29 epochs/s)
epoch   6700  train 1.3043e-07  test 2.0443e-07  (29 epochs/s)
epoch   6800  train 1.3045e-07  test 2.0366e-07  (29 epochs/s)
epoch   6900  train 1.3042e-07  test 2.0309e-07  (29 epochs/s)
epoch   7000  train 1.3031e-07  test 2.0249e-07  (28 epochs/s)
epoch   7100  train 1.3016e-07  test 2.0179e-07  (28 epochs/s)
epoch   7200  train 1.3030e-07  test 2.0110e-07  (28 epochs/s)
epoch   7300  train 1.3018e-07  test 2.0060e-07  (28 epochs/s)
epoch   7400  train 1.3017e-07  test 1.9997e-07  (28 epochs/s)
epoch   7500  train 1.3007e-07  test 1.9964e-07  (28 epochs/s)
epoch   7600  train 1.3028e-07  test 1.9917e-07  (28 epochs/s)
epoch   7700  train 1.3015e-07  test 1.9868e-07  (28 epochs/s)
epoch   7800  train 1.3003e-07  test 1.9836e-07  (28 epochs/s)
epoch   7900  train 1.3000e-07  test 1.9809e-07  (28 epochs/s)
epoch   8000  train 1.3014e-07  test 1.9780e-07  (28 epochs/s)
epoch   8100  train 1.3021e-07  test 1.9741e-07  (28 epochs/s)
epoch   8200  train 1.3011e-07  test 1.9718e-07  (28 epochs/s)
epoch   8300  train 1.3011e-07  test 1.9683e-07  (28 epochs/s)
epoch   8400  train 1.3008e-07  test 1.9655e-07  (28 epochs/s)
epoch   8500  train 1.3004e-07  test 1.9636e-07  (28 epochs/s)
epoch   8600  train 1.3003e-07  test 1.9592e-07  (28 epochs/s)
epoch   8700  train 1.2997e-07  test 1.9572e-07  (28 epochs/s)
epoch   8800  train 1.2989e-07  test 1.9553e-07  (27 epochs/s)
epoch   8900  train 1.2992e-07  test 1.9526e-07  (27 epochs/s)
epoch   9000  train 1.2982e-07  test 1.9503e-07  (27 epochs/s)
epoch   9100  train 1.2982e-07  test 1.9478e-07  (27 epochs/s)
epoch   9200  train 1.2972e-07  test 1.9456e-07  (27 epochs/s)
epoch   9300  train 1.2981e-07  test 1.9444e-07  (27 epochs/s)
epoch   9400  train 1.2971e-07  test 1.9418e-07  (27 epochs/s)
epoch   9500  train 1.2973e-07  test 1.9394e-07  (27 epochs/s)
epoch   9600  train 1.2964e-07  test 1.9381e-07  (27 epochs/s)
epoch   9700  train 1.2966e-07  test 1.9366e-07  (27 epochs/s)
epoch   9800  train 1.2978e-07  test 1.9356e-07  (27 epochs/s)
epoch   9900  train 1.2975e-07  test 1.9320e-07  (27 epochs/s)
epoch  10000  train 1.2971e-07  test 1.9293e-07  (27 epochs/s)
epoch  10100  train 1.2964e-07  test 1.9280e-07  (27 epochs/s)
epoch  10200  train 1.2963e-07  test 1.9261e-07  (27 epochs/s)
epoch  10300  train 1.2963e-07  test 1.9262e-07  (27 epochs/s)
epoch  10400  train 1.2961e-07  test 1.9239e-07  (27 epochs/s)
epoch  10500  train 1.2952e-07  test 1.9239e-07  (27 epochs/s)
epoch  10600  train 1.2954e-07  test 1.9210e-07  (27 epochs/s)
epoch  10700  train 1.2961e-07  test 1.9191e-07  (27 epochs/s)
epoch  10800  train 1.2960e-07  test 1.9192e-07  (27 epochs/s)
epoch  10900  train 1.2955e-07  test 1.9160e-07  (27 epochs/s)
epoch  11000  train 1.2952e-07  test 1.9153e-07  (27 epochs/s)
epoch  11100  train 1.2954e-07  test 1.9138e-07  (27 epochs/s)
epoch  11200  train 1.2953e-07  test 1.9120e-07  (27 epochs/s)
epoch  11300  train 1.2942e-07  test 1.9113e-07  (27 epochs/s)
epoch  11400  train 1.2942e-07  test 1.9108e-07  (27 epochs/s)
epoch  11500  train 1.2947e-07  test 1.9094e-07  (27 epochs/s)
epoch  11600  train 1.2947e-07  test 1.9084e-07  (27 epochs/s)
epoch  11700  train 1.2957e-07  test 1.9077e-07  (27 epochs/s)
epoch  11800  train 1.2959e-07  test 1.9063e-07  (27 epochs/s)
epoch  11900  train 1.2955e-07  test 1.9063e-07  (27 epochs/s)
epoch  12000  train 1.2943e-07  test 1.9055e-07  (26 epochs/s)
epoch  12100  train 1.2947e-07  test 1.9052e-07  (26 epochs/s)
epoch  12200  train 1.2949e-07  test 1.9047e-07  (26 epochs/s)
epoch  12300  train 1.2947e-07  test 1.9036e-07  (26 epochs/s)
epoch  12400  train 1.2944e-07  test 1.9030e-07  (26 epochs/s)
epoch  12500  train 1.2937e-07  test 1.9019e-07  (26 epochs/s)
epoch  12600  train 1.2937e-07  test 1.9008e-07  (26 epochs/s)
epoch  12700  train 1.2933e-07  test 1.9007e-07  (26 epochs/s)
epoch  12800  train 1.2931e-07  test 1.8996e-07  (26 epochs/s)
epoch  12900  train 1.2922e-07  test 1.8988e-07  (26 epochs/s)
epoch  13000  train 1.2927e-07  test 1.8980e-07  (26 epochs/s)
epoch  13100  train 1.2925e-07  test 1.8976e-07  (26 epochs/s)
epoch  13200  train 1.2937e-07  test 1.8968e-07  (26 epochs/s)
epoch  13300  train 1.2930e-07  test 1.8962e-07  (26 epochs/s)
epoch  13400  train 1.2936e-07  test 1.8953e-07  (26 epochs/s)
epoch  13500  train 1.2934e-07  test 1.8945e-07  (26 epochs/s)
epoch  13600  train 1.2932e-07  test 1.8940e-07  (26 epochs/s)
epoch  13700  train 1.2936e-07  test 1.8926e-07  (26 epochs/s)
epoch  13800  train 1.2941e-07  test 1.8924e-07  (26 epochs/s)
epoch  13900  train 1.2927e-07  test 1.8918e-07  (26 epochs/s)
epoch  14000  train 1.2935e-07  test 1.8912e-07  (26 epochs/s)
epoch  14100  train 1.2935e-07  test 1.8902e-07  (26 epochs/s)
epoch  14200  train 1.2935e-07  test 1.8899e-07  (26 epochs/s)
epoch  14300  train 1.2937e-07  test 1.8893e-07  (26 epochs/s)
epoch  14400  train 1.2933e-07  test 1.8889e-07  (26 epochs/s)
epoch  14500  train 1.2931e-07  test 1.8881e-07  (26 epochs/s)
epoch  14600  train 1.2928e-07  test 1.8875e-07  (26 epochs/s)
epoch  14700  train 1.2923e-07  test 1.8872e-07  (26 epochs/s)
epoch  14800  train 1.2921e-07  test 1.8861e-07  (26 epochs/s)
epoch  14900  train 1.2923e-07  test 1.8860e-07  (26 epochs/s)
epoch  15000  train 1.2923e-07  test 1.8866e-07  (26 epochs/s)
epoch  15100  train 1.2924e-07  test 1.8859e-07  (26 epochs/s)
epoch  15200  train 1.2924e-07  test 1.8859e-07  (26 epochs/s)
epoch  15300  train 1.2922e-07  test 1.8855e-07  (26 epochs/s)
epoch  15400  train 1.2917e-07  test 1.8852e-07  (26 epochs/s)
epoch  15500  train 1.2916e-07  test 1.8858e-07  (26 epochs/s)
epoch  15600  train 1.2920e-07  test 1.8861e-07  (26 epochs/s)
epoch  15700  train 1.2917e-07  test 1.8860e-07  (26 epochs/s)
epoch  15800  train 1.2910e-07  test 1.8857e-07  (26 epochs/s)
epoch  15900  train 1.2909e-07  test 1.8864e-07  (26 epochs/s)
epoch  16000  train 1.2909e-07  test 1.8863e-07  (26 epochs/s)
epoch  16100  train 1.2910e-07  test 1.8864e-07  (26 epochs/s)
epoch  16200  train 1.2909e-07  test 1.8862e-07  (26 epochs/s)
epoch  16300  train 1.2909e-07  test 1.8851e-07  (26 epochs/s)
epoch  16400  train 1.2918e-07  test 1.8860e-07  (26 epochs/s)
epoch  16500  train 1.2910e-07  test 1.8855e-07  (25 epochs/s)
epoch  16600  train 1.2918e-07  test 1.8855e-07  (25 epochs/s)
epoch  16700  train 1.2919e-07  test 1.8859e-07  (25 epochs/s)
epoch  16800  train 1.2917e-07  test 1.8854e-07  (25 epochs/s)
epoch  16900  train 1.2916e-07  test 1.8845e-07  (25 epochs/s)
epoch  17000  train 1.2915e-07  test 1.8844e-07  (25 epochs/s)
epoch  17100  train 1.2912e-07  test 1.8849e-07  (25 epochs/s)
epoch  17200  train 1.2915e-07  test 1.8843e-07  (25 epochs/s)
epoch  17300  train 1.2910e-07  test 1.8843e-07  (25 epochs/s)
epoch  17400  train 1.2907e-07  test 1.8848e-07  (25 epochs/s)
epoch  17500  train 1.2911e-07  test 1.8843e-07  (25 epochs/s)
epoch  17600  train 1.2907e-07  test 1.8842e-07  (25 epochs/s)
epoch  17700  train 1.2911e-07  test 1.8835e-07  (25 epochs/s)
epoch  17800  train 1.2906e-07  test 1.8842e-07  (25 epochs/s)
epoch  17900  train 1.2906e-07  test 1.8838e-07  (25 epochs/s)
epoch  18000  train 1.2906e-07  test 1.8839e-07  (25 epochs/s)
epoch  18100  train 1.2908e-07  test 1.8837e-07  (25 epochs/s)
epoch  18200  train 1.2910e-07  test 1.8833e-07  (25 epochs/s)
epoch  18300  train 1.2905e-07  test 1.8836e-07  (25 epochs/s)
epoch  18400  train 1.2909e-07  test 1.8837e-07  (25 epochs/s)
epoch  18500  train 1.2907e-07  test 1.8833e-07  (25 epochs/s)
epoch  18600  train 1.2906e-07  test 1.8823e-07  (25 epochs/s)
epoch  18700  train 1.2908e-07  test 1.8818e-07  (25 epochs/s)
epoch  18800  train 1.2906e-07  test 1.8817e-07  (25 epochs/s)
epoch  18900  train 1.2908e-07  test 1.8808e-07  (25 epochs/s)
epoch  19000  train 1.2905e-07  test 1.8811e-07  (25 epochs/s)
epoch  19100  train 1.2904e-07  test 1.8809e-07  (25 epochs/s)
epoch  19200  train 1.2906e-07  test 1.8808e-07  (25 epochs/s)
epoch  19300  train 1.2908e-07  test 1.8798e-07  (25 epochs/s)
epoch  19400  train 1.2909e-07  test 1.8804e-07  (25 epochs/s)
epoch  19500  train 1.2908e-07  test 1.8798e-07  (25 epochs/s)
epoch  19600  train 1.2902e-07  test 1.8800e-07  (25 epochs/s)
epoch  19700  train 1.2901e-07  test 1.8793e-07  (25 epochs/s)
epoch  19800  train 1.2908e-07  test 1.8792e-07  (25 epochs/s)
epoch  19900  train 1.2902e-07  test 1.8787e-07  (25 epochs/s)
epoch  20000  train 1.2907e-07  test 1.8779e-07  (25 epochs/s)
done: 20000 epochs in 805s -> runs/eff-E/p-113/seed2034/seed11285
=== eff-E noise0.2@4k+tilt5 init 33428 (12:29:54) ===
train: 3830  test: 8939
epoch    100  train 4.5555e+00  test 5.1714e+00  (19 epochs/s)
epoch    200  train 4.0479e+00  test 7.4795e+00  (17 epochs/s)
epoch    300  train 3.7072e+00  test 8.5094e+00  (16 epochs/s)
epoch    400  train 3.4324e+00  test 8.9156e+00  (17 epochs/s)
epoch    500  train 3.2666e+00  test 8.9974e+00  (18 epochs/s)
epoch    600  train 2.9823e+00  test 1.0606e+01  (18 epochs/s)
epoch    700  train 2.8037e+00  test 1.0311e+01  (18 epochs/s)
epoch    800  train 2.4884e+00  test 1.0304e+01  (19 epochs/s)
epoch    900  train 2.1937e+00  test 1.0052e+01  (19 epochs/s)
epoch   1000  train 1.9872e+00  test 9.3360e+00  (19 epochs/s)
epoch   1100  train 1.9002e+00  test 9.0764e+00  (20 epochs/s)
epoch   1200  train 1.7667e+00  test 8.8999e+00  (20 epochs/s)
epoch   1300  train 1.4682e+00  test 1.0056e+01  (20 epochs/s)
epoch   1400  train 1.3595e+00  test 8.6736e+00  (20 epochs/s)
epoch   1500  train 1.2495e+00  test 8.5706e+00  (20 epochs/s)
epoch   1600  train 8.8751e-01  test 8.6055e+00  (20 epochs/s)
epoch   1700  train 9.9016e-01  test 7.1492e+00  (20 epochs/s)
epoch   1800  train 6.9867e-01  test 7.7753e+00  (21 epochs/s)
epoch   1900  train 9.5528e-01  test 6.1053e+00  (21 epochs/s)
epoch   2000  train 6.6065e-01  test 6.4406e+00  (21 epochs/s)
epoch   2100  train 8.6688e-01  test 5.0527e+00  (21 epochs/s)
epoch   2200  train 6.7756e-01  test 4.8237e+00  (21 epochs/s)
epoch   2300  train 7.1169e-01  test 4.3167e+00  (21 epochs/s)
epoch   2400  train 3.7790e-01  test 4.8826e+00  (21 epochs/s)
epoch   2500  train 6.8351e-01  test 3.6505e+00  (21 epochs/s)
epoch   2600  train 4.3199e-01  test 3.5576e+00  (21 epochs/s)
epoch   2700  train 1.2285e-01  test 2.8903e+00  (21 epochs/s)
epoch   2800  train 3.2803e-02  test 1.8771e+00  (21 epochs/s)
epoch   2900  train 1.0575e-02  test 1.1652e+00  (21 epochs/s)
epoch   3000  train 3.1321e-03  test 4.0352e-01  (21 epochs/s)
epoch   3100  train 1.0062e-03  test 2.2706e-02  (21 epochs/s)
epoch   3200  train 3.2231e-04  test 2.9949e-03  (21 epochs/s)
epoch   3300  train 1.1798e-04  test 7.2814e-04  (21 epochs/s)
epoch   3400  train 3.8251e-05  test 2.3280e-04  (21 epochs/s)
epoch   3500  train 1.3505e-05  test 7.7841e-05  (21 epochs/s)
epoch   3600  train 4.6244e-06  test 2.7219e-05  (21 epochs/s)
epoch   3700  train 1.7322e-06  test 1.0910e-05  (21 epochs/s)
epoch   3800  train 7.1511e-07  test 4.3869e-06  (21 epochs/s)
epoch   3900  train 3.4702e-07  test 1.9228e-06  (21 epochs/s)
epoch   4000  train 2.1086e-07  test 9.8964e-07  (21 epochs/s)
epoch   4100  train 1.5809e-07  test 6.0673e-07  (21 epochs/s)
epoch   4200  train 1.3855e-07  test 4.4079e-07  (21 epochs/s)
epoch   4300  train 1.3295e-07  test 3.6145e-07  (21 epochs/s)
epoch   4400  train 1.3237e-07  test 3.2217e-07  (21 epochs/s)
epoch   4500  train 1.3305e-07  test 2.9796e-07  (21 epochs/s)
epoch   4600  train 1.3353e-07  test 2.8131e-07  (21 epochs/s)
epoch   4700  train 1.3410e-07  test 2.6852e-07  (21 epochs/s)
epoch   4800  train 1.3416e-07  test 2.5821e-07  (21 epochs/s)
epoch   4900  train 1.3424e-07  test 2.5012e-07  (22 epochs/s)
epoch   5000  train 1.3431e-07  test 2.4365e-07  (22 epochs/s)
epoch   5100  train 1.3429e-07  test 2.3850e-07  (22 epochs/s)
epoch   5200  train 1.3430e-07  test 2.3471e-07  (22 epochs/s)
epoch   5300  train 1.3417e-07  test 2.3105e-07  (22 epochs/s)
epoch   5400  train 1.3411e-07  test 2.2775e-07  (22 epochs/s)
epoch   5500  train 1.3411e-07  test 2.2528e-07  (22 epochs/s)
epoch   5600  train 1.3408e-07  test 2.2330e-07  (22 epochs/s)
epoch   5700  train 1.3396e-07  test 2.2156e-07  (22 epochs/s)
epoch   5800  train 1.3386e-07  test 2.2011e-07  (22 epochs/s)
epoch   5900  train 1.3383e-07  test 2.1898e-07  (22 epochs/s)
epoch   6000  train 1.3375e-07  test 2.1792e-07  (22 epochs/s)
epoch   6100  train 1.3372e-07  test 2.1695e-07  (22 epochs/s)
epoch   6200  train 1.3375e-07  test 2.1611e-07  (22 epochs/s)
epoch   6300  train 1.3365e-07  test 2.1523e-07  (22 epochs/s)
epoch   6400  train 1.3358e-07  test 2.1426e-07  (22 epochs/s)
epoch   6500  train 1.3357e-07  test 2.1343e-07  (22 epochs/s)
epoch   6600  train 1.3350e-07  test 2.1273e-07  (22 epochs/s)
epoch   6700  train 1.3343e-07  test 2.1205e-07  (22 epochs/s)
epoch   6800  train 1.3345e-07  test 2.1145e-07  (22 epochs/s)
epoch   6900  train 1.3342e-07  test 2.1105e-07  (22 epochs/s)
epoch   7000  train 1.3338e-07  test 2.1061e-07  (22 epochs/s)
epoch   7100  train 1.3331e-07  test 2.1027e-07  (22 epochs/s)
epoch   7200  train 1.3318e-07  test 2.0983e-07  (22 epochs/s)
epoch   7300  train 1.3312e-07  test 2.0948e-07  (22 epochs/s)
epoch   7400  train 1.3316e-07  test 2.0911e-07  (22 epochs/s)
epoch   7500  train 1.3313e-07  test 2.0870e-07  (22 epochs/s)
epoch   7600  train 1.3315e-07  test 2.0823e-07  (22 epochs/s)
epoch   7700  train 1.3317e-07  test 2.0785e-07  (22 epochs/s)
epoch   7800  train 1.3300e-07  test 2.0752e-07  (22 epochs/s)
epoch   7900  train 1.3293e-07  test 2.0735e-07  (22 epochs/s)
epoch   8000  train 1.3284e-07  test 2.0714e-07  (22 epochs/s)
epoch   8100  train 1.3285e-07  test 2.0691e-07  (22 epochs/s)
epoch   8200  train 1.3294e-07  test 2.0672e-07  (22 epochs/s)
epoch   8300  train 1.3289e-07  test 2.0659e-07  (22 epochs/s)
epoch   8400  train 1.3293e-07  test 2.0638e-07  (22 epochs/s)
epoch   8500  train 1.3286e-07  test 2.0616e-07  (22 epochs/s)
epoch   8600  train 1.3285e-07  test 2.0607e-07  (22 epochs/s)
epoch   8700  train 1.3281e-07  test 2.0588e-07  (22 epochs/s)
epoch   8800  train 1.3277e-07  test 2.0570e-07  (22 epochs/s)
epoch   8900  train 1.3269e-07  test 2.0553e-07  (22 epochs/s)
epoch   9000  train 1.3262e-07  test 2.0534e-07  (22 epochs/s)
epoch   9100  train 1.3259e-07  test 2.0523e-07  (22 epochs/s)
epoch   9200  train 1.3268e-07  test 2.0509e-07  (22 epochs/s)
epoch   9300  train 1.3259e-07  test 2.0498e-07  (22 epochs/s)
epoch   9400  train 1.3269e-07  test 2.0489e-07  (22 epochs/s)
epoch   9500  train 1.3271e-07  test 2.0470e-07  (22 epochs/s)
epoch   9600  train 1.3267e-07  test 2.0460e-07  (22 epochs/s)
epoch   9700  train 1.3261e-07  test 2.0446e-07  (22 epochs/s)
epoch   9800  train 1.3260e-07  test 2.0445e-07  (22 epochs/s)
epoch   9900  train 1.3258e-07  test 2.0431e-07  (22 epochs/s)
epoch  10000  train 1.3259e-07  test 2.0432e-07  (22 epochs/s)
epoch  10100  train 1.3257e-07  test 2.0418e-07  (22 epochs/s)
epoch  10200  train 1.3257e-07  test 2.0418e-07  (22 epochs/s)
epoch  10300  train 1.3256e-07  test 2.0409e-07  (22 epochs/s)
epoch  10400  train 1.3252e-07  test 2.0404e-07  (22 epochs/s)
epoch  10500  train 1.3249e-07  test 2.0404e-07  (22 epochs/s)
epoch  10600  train 1.3241e-07  test 2.0401e-07  (22 epochs/s)
epoch  10700  train 1.3238e-07  test 2.0396e-07  (22 epochs/s)
epoch  10800  train 1.3239e-07  test 2.0390e-07  (22 epochs/s)
epoch  10900  train 1.3244e-07  test 2.0388e-07  (22 epochs/s)
epoch  11000  train 1.3230e-07  test 2.0377e-07  (22 epochs/s)
epoch  11100  train 1.3236e-07  test 2.0368e-07  (22 epochs/s)
epoch  11200  train 1.3235e-07  test 2.0357e-07  (22 epochs/s)
epoch  11300  train 1.3229e-07  test 2.0353e-07  (22 epochs/s)
epoch  11400  train 1.3235e-07  test 2.0333e-07  (22 epochs/s)
epoch  11500  train 1.3226e-07  test 2.0325e-07  (22 epochs/s)
epoch  11600  train 1.3237e-07  test 2.0316e-07  (22 epochs/s)
epoch  11700  train 1.3234e-07  test 2.0314e-07  (22 epochs/s)
epoch  11800  train 1.3231e-07  test 2.0309e-07  (22 epochs/s)
epoch  11900  train 1.3229e-07  test 2.0299e-07  (22 epochs/s)
epoch  12000  train 1.3227e-07  test 2.0297e-07  (22 epochs/s)
epoch  12100  train 1.3227e-07  test 2.0287e-07  (22 epochs/s)
epoch  12200  train 1.3230e-07  test 2.0285e-07  (22 epochs/s)
epoch  12300  train 1.3228e-07  test 2.0273e-07  (22 epochs/s)
epoch  12400  train 1.3229e-07  test 2.0268e-07  (22 epochs/s)
epoch  12500  train 1.3221e-07  test 2.0260e-07  (22 epochs/s)
epoch  12600  train 1.3226e-07  test 2.0266e-07  (22 epochs/s)
epoch  12700  train 1.3217e-07  test 2.0262e-07  (22 epochs/s)
epoch  12800  train 1.3218e-07  test 2.0261e-07  (22 epochs/s)
epoch  12900  train 1.3222e-07  test 2.0255e-07  (22 epochs/s)
epoch  13000  train 1.3219e-07  test 2.0241e-07  (22 epochs/s)
epoch  13100  train 1.3216e-07  test 2.0238e-07  (22 epochs/s)
epoch  13200  train 1.3225e-07  test 2.0243e-07  (22 epochs/s)
epoch  13300  train 1.3211e-07  test 2.0246e-07  (22 epochs/s)
epoch  13400  train 1.3206e-07  test 2.0241e-07  (22 epochs/s)
epoch  13500  train 1.3205e-07  test 2.0242e-07  (22 epochs/s)
epoch  13600  train 1.3206e-07  test 2.0238e-07  (22 epochs/s)
epoch  13700  train 1.3209e-07  test 2.0231e-07  (22 epochs/s)
epoch  13800  train 1.3199e-07  test 2.0235e-07  (22 epochs/s)
epoch  13900  train 1.3197e-07  test 2.0235e-07  (22 epochs/s)
epoch  14000  train 1.3205e-07  test 2.0235e-07  (22 epochs/s)
epoch  14100  train 1.3205e-07  test 2.0229e-07  (22 epochs/s)
epoch  14200  train 1.3209e-07  test 2.0231e-07  (22 epochs/s)
epoch  14300  train 1.3203e-07  test 2.0230e-07  (22 epochs/s)
epoch  14400  train 1.3204e-07  test 2.0230e-07  (22 epochs/s)
epoch  14500  train 1.3191e-07  test 2.0226e-07  (22 epochs/s)
epoch  14600  train 1.3196e-07  test 2.0219e-07  (22 epochs/s)
epoch  14700  train 1.3197e-07  test 2.0217e-07  (22 epochs/s)
epoch  14800  train 1.3198e-07  test 2.0217e-07  (22 epochs/s)
epoch  14900  train 1.3209e-07  test 2.0208e-07  (22 epochs/s)
epoch  15000  train 1.3204e-07  test 2.0203e-07  (22 epochs/s)
epoch  15100  train 1.3197e-07  test 2.0206e-07  (22 epochs/s)
epoch  15200  train 1.3194e-07  test 2.0201e-07  (22 epochs/s)
epoch  15300  train 1.3201e-07  test 2.0193e-07  (22 epochs/s)
epoch  15400  train 1.3202e-07  test 2.0199e-07  (22 epochs/s)
epoch  15500  train 1.3195e-07  test 2.0193e-07  (22 epochs/s)
epoch  15600  train 1.3200e-07  test 2.0191e-07  (22 epochs/s)
epoch  15700  train 1.3194e-07  test 2.0182e-07  (22 epochs/s)
epoch  15800  train 1.3197e-07  test 2.0182e-07  (22 epochs/s)
epoch  15900  train 1.3206e-07  test 2.0174e-07  (22 epochs/s)
epoch  16000  train 1.3198e-07  test 2.0180e-07  (22 epochs/s)
epoch  16100  train 1.3195e-07  test 2.0174e-07  (22 epochs/s)
epoch  16200  train 1.3195e-07  test 2.0168e-07  (22 epochs/s)
epoch  16300  train 1.3192e-07  test 2.0173e-07  (22 epochs/s)
epoch  16400  train 1.3189e-07  test 2.0164e-07  (22 epochs/s)
epoch  16500  train 1.3189e-07  test 2.0162e-07  (22 epochs/s)
epoch  16600  train 1.3190e-07  test 2.0160e-07  (22 epochs/s)
epoch  16700  train 1.3190e-07  test 2.0161e-07  (22 epochs/s)
epoch  16800  train 1.3187e-07  test 2.0164e-07  (22 epochs/s)
epoch  16900  train 1.3186e-07  test 2.0150e-07  (22 epochs/s)
epoch  17000  train 1.3190e-07  test 2.0150e-07  (22 epochs/s)
epoch  17100  train 1.3187e-07  test 2.0146e-07  (22 epochs/s)
epoch  17200  train 1.3188e-07  test 2.0142e-07  (22 epochs/s)
epoch  17300  train 1.3192e-07  test 2.0142e-07  (22 epochs/s)
epoch  17400  train 1.3193e-07  test 2.0141e-07  (22 epochs/s)
epoch  17500  train 1.3195e-07  test 2.0136e-07  (22 epochs/s)
epoch  17600  train 1.3191e-07  test 2.0136e-07  (22 epochs/s)
epoch  17700  train 1.3183e-07  test 2.0150e-07  (22 epochs/s)
epoch  17800  train 1.3186e-07  test 2.0132e-07  (22 epochs/s)
epoch  17900  train 1.3182e-07  test 2.0139e-07  (22 epochs/s)
epoch  18000  train 1.3183e-07  test 2.0137e-07  (22 epochs/s)
epoch  18100  train 1.3186e-07  test 2.0137e-07  (22 epochs/s)
epoch  18200  train 1.3185e-07  test 2.0138e-07  (22 epochs/s)
epoch  18300  train 1.3182e-07  test 2.0131e-07  (22 epochs/s)
epoch  18400  train 1.3182e-07  test 2.0130e-07  (22 epochs/s)
epoch  18500  train 1.3180e-07  test 2.0127e-07  (22 epochs/s)
epoch  18600  train 1.3182e-07  test 2.0126e-07  (22 epochs/s)
epoch  18700  train 1.3177e-07  test 2.0115e-07  (22 epochs/s)
epoch  18800  train 1.3175e-07  test 2.0119e-07  (22 epochs/s)
epoch  18900  train 1.3173e-07  test 2.0116e-07  (22 epochs/s)
epoch  19000  train 1.3177e-07  test 2.0116e-07  (22 epochs/s)
epoch  19100  train 1.3174e-07  test 2.0115e-07  (22 epochs/s)
epoch  19200  train 1.3175e-07  test 2.0110e-07  (22 epochs/s)
epoch  19300  train 1.3176e-07  test 2.0110e-07  (22 epochs/s)
epoch  19400  train 1.3172e-07  test 2.0108e-07  (22 epochs/s)
epoch  19500  train 1.3172e-07  test 2.0105e-07  (22 epochs/s)
epoch  19600  train 1.3167e-07  test 2.0105e-07  (22 epochs/s)
epoch  19700  train 1.3175e-07  test 2.0100e-07  (22 epochs/s)
epoch  19800  train 1.3176e-07  test 2.0109e-07  (22 epochs/s)
epoch  19900  train 1.3169e-07  test 2.0095e-07  (22 epochs/s)
epoch  20000  train 1.3172e-07  test 2.0099e-07  (22 epochs/s)
done: 20000 epochs in 914s -> runs/eff-E/p-113/seed2034/seed33428
=== eff-E noise0.2@4k+tilt5 init 777 (12:45:08) ===
train: 3830  test: 8939
epoch    100  train 4.5770e+00  test 5.0353e+00  (18 epochs/s)
epoch    200  train 4.0470e+00  test 7.4430e+00  (17 epochs/s)
epoch    300  train 3.7076e+00  test 8.4958e+00  (17 epochs/s)
epoch    400  train 3.4293e+00  test 9.2850e+00  (16 epochs/s)
epoch    500  train 3.2251e+00  test 9.7775e+00  (17 epochs/s)
epoch    600  train 2.9917e+00  test 1.0308e+01  (17 epochs/s)
epoch    700  train 2.8466e+00  test 1.0543e+01  (17 epochs/s)
epoch    800  train 2.7146e+00  test 1.0718e+01  (18 epochs/s)
epoch    900  train 2.6254e+00  test 1.0989e+01  (18 epochs/s)
epoch   1000  train 2.4580e+00  test 1.1247e+01  (18 epochs/s)
epoch   1100  train 2.2597e+00  test 1.1474e+01  (18 epochs/s)
epoch   1200  train 2.1614e+00  test 1.1272e+01  (18 epochs/s)
epoch   1300  train 1.9606e+00  test 1.1184e+01  (18 epochs/s)
epoch   1400  train 1.7871e+00  test 1.0652e+01  (19 epochs/s)
epoch   1500  train 2.0578e+00  test 1.1592e+01  (19 epochs/s)
epoch   1600  train 1.3410e+00  test 1.0591e+01  (19 epochs/s)
epoch   1700  train 1.4182e+00  test 1.0001e+01  (19 epochs/s)
epoch   1800  train 8.9874e-01  test 9.0636e+00  (19 epochs/s)
epoch   1900  train 7.0315e-01  test 1.0760e+01  (19 epochs/s)
epoch   2000  train 5.9426e-01  test 7.9371e+00  (19 epochs/s)
epoch   2100  train 2.5369e-01  test 9.0222e+00  (19 epochs/s)
epoch   2200  train 6.5515e-02  test 9.0217e+00  (19 epochs/s)
epoch   2300  train 2.0647e-02  test 6.6939e+00  (19 epochs/s)
epoch   2400  train 6.6041e-03  test 6.1759e+00  (19 epochs/s)
epoch   2500  train 2.1719e-03  test 4.0982e+00  (19 epochs/s)
epoch   2600  train 7.1018e-04  test 3.4046e+00  (19 epochs/s)
epoch   2700  train 2.2549e-04  test 3.0027e+00  (19 epochs/s)
epoch   2800  train 7.9746e-05  test 1.8989e+00  (19 epochs/s)
epoch   2900  train 2.7317e-05  test 2.3307e+00  (19 epochs/s)
epoch   3000  train 9.2417e-06  test 2.6686e+00  (19 epochs/s)
epoch   3100  train 3.4331e-06  test 3.1205e+00  (19 epochs/s)
epoch   3200  train 1.3442e-06  test 2.9343e+00  (19 epochs/s)
epoch   3300  train 5.7603e-07  test 2.8571e+00  (19 epochs/s)
epoch   3400  train 3.1667e-07  test 2.9193e+00  (19 epochs/s)
epoch   3500  train 2.1074e-07  test 2.4063e+00  (19 epochs/s)
epoch   3600  train 1.7942e-07  test 2.1302e+00  (19 epochs/s)
epoch   3700  train 1.6549e-07  test 1.3475e+00  (19 epochs/s)
epoch   3800  train 1.6073e-07  test 4.2197e-01  (19 epochs/s)
epoch   3900  train 1.5915e-07  test 2.6243e-02  (19 epochs/s)
epoch   4000  train 1.5654e-07  test 2.0030e-03  (19 epochs/s)
epoch   4100  train 1.5462e-07  test 3.8214e-04  (19 epochs/s)
epoch   4200  train 1.5253e-07  test 1.1989e-04  (19 epochs/s)
epoch   4300  train 1.5027e-07  test 4.3268e-05  (19 epochs/s)
epoch   4400  train 1.4863e-07  test 1.7360e-05  (20 epochs/s)
epoch   4500  train 1.4691e-07  test 9.2170e-06  (20 epochs/s)
epoch   4600  train 1.4579e-07  test 6.1182e-06  (20 epochs/s)
epoch   4700  train 1.4472e-07  test 4.4751e-06  (20 epochs/s)
epoch   4800  train 1.4391e-07  test 3.3036e-06  (20 epochs/s)
epoch   4900  train 1.4315e-07  test 2.5848e-06  (20 epochs/s)
epoch   5000  train 1.4260e-07  test 2.1986e-06  (20 epochs/s)
epoch   5100  train 1.4218e-07  test 1.9565e-06  (20 epochs/s)
epoch   5200  train 1.4183e-07  test 1.7995e-06  (20 epochs/s)
epoch   5300  train 1.4163e-07  test 1.6587e-06  (20 epochs/s)
epoch   5400  train 1.4122e-07  test 1.5702e-06  (20 epochs/s)
epoch   5500  train 1.4111e-07  test 1.4929e-06  (20 epochs/s)
epoch   5600  train 1.4064e-07  test 1.4032e-06  (20 epochs/s)
epoch   5700  train 1.4051e-07  test 1.3127e-06  (20 epochs/s)
epoch   5800  train 1.4046e-07  test 1.2329e-06  (20 epochs/s)
epoch   5900  train 1.4036e-07  test 1.1686e-06  (20 epochs/s)
epoch   6000  train 1.3999e-07  test 1.1099e-06  (20 epochs/s)
epoch   6100  train 1.3986e-07  test 1.0442e-06  (20 epochs/s)
epoch   6200  train 1.3967e-07  test 9.6550e-07  (20 epochs/s)
epoch   6300  train 1.3944e-07  test 8.9361e-07  (20 epochs/s)
epoch   6400  train 1.3920e-07  test 8.1803e-07  (20 epochs/s)
epoch   6500  train 1.3912e-07  test 7.4757e-07  (20 epochs/s)
epoch   6600  train 1.3892e-07  test 6.8374e-07  (20 epochs/s)
epoch   6700  train 1.3863e-07  test 6.2283e-07  (20 epochs/s)
epoch   6800  train 1.3846e-07  test 5.6503e-07  (20 epochs/s)
epoch   6900  train 1.3834e-07  test 5.1656e-07  (20 epochs/s)
epoch   7000  train 1.3807e-07  test 4.7495e-07  (20 epochs/s)
epoch   7100  train 1.3781e-07  test 4.4222e-07  (20 epochs/s)
epoch   7200  train 1.3758e-07  test 4.1414e-07  (20 epochs/s)
epoch   7300  train 1.3759e-07  test 3.9115e-07  (20 epochs/s)
epoch   7400  train 1.3740e-07  test 3.7155e-07  (20 epochs/s)
epoch   7500  train 1.3715e-07  test 3.5516e-07  (20 epochs/s)
epoch   7600  train 1.3697e-07  test 3.4078e-07  (20 epochs/s)
epoch   7700  train 1.3692e-07  test 3.2753e-07  (20 epochs/s)
epoch   7800  train 1.3677e-07  test 3.1598e-07  (20 epochs/s)
epoch   7900  train 1.3674e-07  test 3.0555e-07  (20 epochs/s)
epoch   8000  train 1.3647e-07  test 2.9600e-07  (20 epochs/s)
epoch   8100  train 1.3649e-07  test 2.8830e-07  (20 epochs/s)
epoch   8200  train 1.3636e-07  test 2.8159e-07  (19 epochs/s)
epoch   8300  train 1.3629e-07  test 2.7584e-07  (19 epochs/s)
epoch   8400  train 1.3618e-07  test 2.7078e-07  (20 epochs/s)
epoch   8500  train 1.3606e-07  test 2.6676e-07  (20 epochs/s)
epoch   8600  train 1.3609e-07  test 2.6341e-07  (20 epochs/s)
epoch   8700  train 1.3599e-07  test 2.6049e-07  (20 epochs/s)
epoch   8800  train 1.3600e-07  test 2.5814e-07  (20 epochs/s)
epoch   8900  train 1.3596e-07  test 2.5603e-07  (20 epochs/s)
epoch   9000  train 1.3590e-07  test 2.5427e-07  (20 epochs/s)
epoch   9100  train 1.3594e-07  test 2.5297e-07  (20 epochs/s)
epoch   9200  train 1.3594e-07  test 2.5172e-07  (20 epochs/s)
epoch   9300  train 1.3588e-07  test 2.5065e-07  (20 epochs/s)
epoch   9400  train 1.3579e-07  test 2.4984e-07  (20 epochs/s)
epoch   9500  train 1.3580e-07  test 2.4904e-07  (19 epochs/s)
epoch   9600  train 1.3573e-07  test 2.4832e-07  (19 epochs/s)
epoch   9700  train 1.3574e-07  test 2.4758e-07  (19 epochs/s)
epoch   9800  train 1.3579e-07  test 2.4705e-07  (19 epochs/s)
epoch   9900  train 1.3566e-07  test 2.4662e-07  (19 epochs/s)
epoch  10000  train 1.3562e-07  test 2.4622e-07  (19 epochs/s)
epoch  10100  train 1.3566e-07  test 2.4586e-07  (19 epochs/s)
epoch  10200  train 1.3563e-07  test 2.4571e-07  (19 epochs/s)
epoch  10300  train 1.3567e-07  test 2.4540e-07  (19 epochs/s)
epoch  10400  train 1.3569e-07  test 2.4509e-07  (19 epochs/s)
epoch  10500  train 1.3560e-07  test 2.4475e-07  (19 epochs/s)
epoch  10600  train 1.3553e-07  test 2.4460e-07  (19 epochs/s)
epoch  10700  train 1.3558e-07  test 2.4438e-07  (19 epochs/s)
epoch  10800  train 1.3565e-07  test 2.4420e-07  (19 epochs/s)
epoch  10900  train 1.3569e-07  test 2.4398e-07  (19 epochs/s)
epoch  11000  train 1.3556e-07  test 2.4372e-07  (19 epochs/s)
epoch  11100  train 1.3553e-07  test 2.4348e-07  (19 epochs/s)
epoch  11200  train 1.3552e-07  test 2.4336e-07  (19 epochs/s)
epoch  11300  train 1.3553e-07  test 2.4320e-07  (19 epochs/s)
epoch  11400  train 1.3552e-07  test 2.4301e-07  (19 epochs/s)
epoch  11500  train 1.3551e-07  test 2.4296e-07  (19 epochs/s)
epoch  11600  train 1.3542e-07  test 2.4283e-07  (19 epochs/s)
epoch  11700  train 1.3544e-07  test 2.4265e-07  (19 epochs/s)
epoch  11800  train 1.3544e-07  test 2.4250e-07  (19 epochs/s)
epoch  11900  train 1.3545e-07  test 2.4238e-07  (19 epochs/s)
epoch  12000  train 1.3542e-07  test 2.4227e-07  (19 epochs/s)
epoch  12100  train 1.3541e-07  test 2.4210e-07  (19 epochs/s)
epoch  12200  train 1.3539e-07  test 2.4200e-07  (19 epochs/s)
epoch  12300  train 1.3538e-07  test 2.4183e-07  (19 epochs/s)
epoch  12400  train 1.3536e-07  test 2.4168e-07  (19 epochs/s)
epoch  12500  train 1.3530e-07  test 2.4157e-07  (19 epochs/s)
epoch  12600  train 1.3532e-07  test 2.4132e-07  (19 epochs/s)
epoch  12700  train 1.3532e-07  test 2.4128e-07  (19 epochs/s)
epoch  12800  train 1.3533e-07  test 2.4113e-07  (19 epochs/s)
epoch  12900  train 1.3532e-07  test 2.4101e-07  (19 epochs/s)
epoch  13000  train 1.3531e-07  test 2.4094e-07  (19 epochs/s)
epoch  13100  train 1.3527e-07  test 2.4083e-07  (19 epochs/s)
epoch  13200  train 1.3536e-07  test 2.4069e-07  (19 epochs/s)
epoch  13300  train 1.3539e-07  test 2.4065e-07  (19 epochs/s)
epoch  13400  train 1.3529e-07  test 2.4048e-07  (19 epochs/s)
epoch  13500  train 1.3534e-07  test 2.4029e-07  (19 epochs/s)
epoch  13600  train 1.3534e-07  test 2.4024e-07  (19 epochs/s)
epoch  13700  train 1.3530e-07  test 2.4008e-07  (19 epochs/s)
epoch  13800  train 1.3529e-07  test 2.3995e-07  (19 epochs/s)
epoch  13900  train 1.3529e-07  test 2.3987e-07  (19 epochs/s)
epoch  14000  train 1.3530e-07  test 2.3974e-07  (19 epochs/s)
epoch  14100  train 1.3530e-07  test 2.3969e-07  (19 epochs/s)
epoch  14200  train 1.3525e-07  test 2.3960e-07  (19 epochs/s)
epoch  14300  train 1.3520e-07  test 2.3959e-07  (19 epochs/s)
epoch  14400  train 1.3519e-07  test 2.3958e-07  (19 epochs/s)
epoch  14500  train 1.3517e-07  test 2.3942e-07  (19 epochs/s)
epoch  14600  train 1.3515e-07  test 2.3939e-07  (19 epochs/s)
epoch  14700  train 1.3510e-07  test 2.3938e-07  (19 epochs/s)
epoch  14800  train 1.3520e-07  test 2.3930e-07  (19 epochs/s)
epoch  14900  train 1.3519e-07  test 2.3926e-07  (19 epochs/s)
epoch  15000  train 1.3514e-07  test 2.3924e-07  (19 epochs/s)
epoch  15100  train 1.3510e-07  test 2.3919e-07  (19 epochs/s)
epoch  15200  train 1.3514e-07  test 2.3911e-07  (19 epochs/s)
epoch  15300  train 1.3508e-07  test 2.3900e-07  (19 epochs/s)
epoch  15400  train 1.3509e-07  test 2.3895e-07  (19 epochs/s)
epoch  15500  train 1.3501e-07  test 2.3895e-07  (19 epochs/s)
epoch  15600  train 1.3500e-07  test 2.3886e-07  (19 epochs/s)
epoch  15700  train 1.3499e-07  test 2.3878e-07  (19 epochs/s)
epoch  15800  train 1.3499e-07  test 2.3883e-07  (19 epochs/s)
epoch  15900  train 1.3497e-07  test 2.3869e-07  (19 epochs/s)
epoch  16000  train 1.3495e-07  test 2.3866e-07  (19 epochs/s)
epoch  16100  train 1.3494e-07  test 2.3868e-07  (19 epochs/s)
epoch  16200  train 1.3492e-07  test 2.3868e-07  (19 epochs/s)
epoch  16300  train 1.3489e-07  test 2.3868e-07  (19 epochs/s)
epoch  16400  train 1.3491e-07  test 2.3862e-07  (19 epochs/s)
epoch  16500  train 1.3489e-07  test 2.3861e-07  (19 epochs/s)
epoch  16600  train 1.3489e-07  test 2.3859e-07  (19 epochs/s)
epoch  16700  train 1.3489e-07  test 2.3867e-07  (19 epochs/s)
epoch  16800  train 1.3489e-07  test 2.3865e-07  (19 epochs/s)
epoch  16900  train 1.3490e-07  test 2.3856e-07  (19 epochs/s)
epoch  17000  train 1.3485e-07  test 2.3863e-07  (19 epochs/s)
epoch  17100  train 1.3488e-07  test 2.3859e-07  (19 epochs/s)
epoch  17200  train 1.3490e-07  test 2.3852e-07  (19 epochs/s)
epoch  17300  train 1.3484e-07  test 2.3854e-07  (19 epochs/s)
epoch  17400  train 1.3485e-07  test 2.3850e-07  (19 epochs/s)
epoch  17500  train 1.3490e-07  test 2.3845e-07  (19 epochs/s)
epoch  17600  train 1.3493e-07  test 2.3845e-07  (19 epochs/s)
epoch  17700  train 1.3494e-07  test 2.3844e-07  (19 epochs/s)
epoch  17800  train 1.3494e-07  test 2.3851e-07  (19 epochs/s)
epoch  17900  train 1.3492e-07  test 2.3860e-07  (19 epochs/s)
epoch  18000  train 1.3493e-07  test 2.3856e-07  (19 epochs/s)
epoch  18100  train 1.3491e-07  test 2.3861e-07  (19 epochs/s)
epoch  18200  train 1.3490e-07  test 2.3875e-07  (19 epochs/s)
epoch  18300  train 1.3495e-07  test 2.3855e-07  (19 epochs/s)
epoch  18400  train 1.3492e-07  test 2.3862e-07  (19 epochs/s)
epoch  18500  train 1.3490e-07  test 2.3865e-07  (19 epochs/s)
epoch  18600  train 1.3494e-07  test 2.3863e-07  (19 epochs/s)
epoch  18700  train 1.3494e-07  test 2.3868e-07  (19 epochs/s)
epoch  18800  train 1.3493e-07  test 2.3868e-07  (19 epochs/s)
epoch  18900  train 1.3497e-07  test 2.3861e-07  (19 epochs/s)
epoch  19000  train 1.3494e-07  test 2.3868e-07  (19 epochs/s)
epoch  19100  train 1.3495e-07  test 2.3883e-07  (19 epochs/s)
epoch  19200  train 1.3490e-07  test 2.3876e-07  (19 epochs/s)
epoch  19300  train 1.3490e-07  test 2.3878e-07  (19 epochs/s)
epoch  19400  train 1.3488e-07  test 2.3877e-07  (19 epochs/s)
epoch  19500  train 1.3489e-07  test 2.3881e-07  (19 epochs/s)
epoch  19600  train 1.3491e-07  test 2.3890e-07  (19 epochs/s)
epoch  19700  train 1.3493e-07  test 2.3894e-07  (19 epochs/s)
epoch  19800  train 1.3496e-07  test 2.3886e-07  (19 epochs/s)
epoch  19900  train 1.3492e-07  test 2.3886e-07  (19 epochs/s)
epoch  20000  train 1.3500e-07  test 2.3902e-07  (19 epochs/s)
done: 20000 epochs in 1079s -> runs/eff-E/p-113/seed2034/seed777
=== eff-E noise0.2@4k+tilt5 init 4242 (13:03:07) ===
train: 3830  test: 8939
epoch    100  train 4.6232e+00  test 4.9242e+00  (13 epochs/s)
epoch    200  train 4.1558e+00  test 7.8434e+00  (15 epochs/s)
epoch    300  train 3.7933e+00  test 8.6514e+00  (16 epochs/s)
epoch    400  train 3.4542e+00  test 9.2690e+00  (17 epochs/s)
epoch    500  train 3.2103e+00  test 9.4288e+00  (17 epochs/s)
epoch    600  train 2.9986e+00  test 9.3823e+00  (17 epochs/s)
epoch    700  train 2.8472e+00  test 9.5472e+00  (17 epochs/s)
epoch    800  train 2.6957e+00  test 1.0066e+01  (17 epochs/s)
epoch    900  train 2.4783e+00  test 1.0506e+01  (17 epochs/s)
epoch   1000  train 2.2685e+00  test 9.7990e+00  (17 epochs/s)
epoch   1100  train 2.0429e+00  test 1.0275e+01  (17 epochs/s)
epoch   1200  train 1.9285e+00  test 9.6602e+00  (17 epochs/s)
epoch   1300  train 1.6484e+00  test 9.6286e+00  (17 epochs/s)
epoch   1400  train 1.8054e+00  test 8.5760e+00  (17 epochs/s)
epoch   1500  train 1.4792e+00  test 9.1366e+00  (17 epochs/s)
epoch   1600  train 1.5383e+00  test 8.6551e+00  (17 epochs/s)
epoch   1700  train 1.2444e+00  test 9.6453e+00  (17 epochs/s)
epoch   1800  train 2.1737e+00  test 1.0151e+01  (17 epochs/s)
epoch   1900  train 1.1148e+00  test 9.1358e+00  (17 epochs/s)
epoch   2000  train 1.2107e+00  test 1.0123e+01  (17 epochs/s)
epoch   2100  train 7.8401e-01  test 9.9545e+00  (17 epochs/s)
epoch   2200  train 1.4271e+00  test 1.0488e+01  (17 epochs/s)
epoch   2300  train 8.2083e-01  test 7.4511e+00  (17 epochs/s)
epoch   2400  train 3.6246e-01  test 8.0590e+00  (17 epochs/s)
epoch   2500  train 7.6499e-02  test 8.0696e+00  (17 epochs/s)
epoch   2600  train 2.2250e-02  test 6.8660e+00  (17 epochs/s)
epoch   2700  train 6.9600e-03  test 6.0829e+00  (17 epochs/s)
epoch   2800  train 2.2537e-03  test 4.0772e+00  (17 epochs/s)
epoch   2900  train 7.8169e-04  test 3.0877e+00  (17 epochs/s)
epoch   3000  train 2.3019e-04  test 1.7300e+00  (17 epochs/s)
epoch   3100  train 8.4166e-05  test 2.1262e-01  (17 epochs/s)
epoch   3200  train 2.6444e-05  test 2.2246e-03  (17 epochs/s)
epoch   3300  train 9.3453e-06  test 3.5189e-04  (17 epochs/s)
epoch   3400  train 3.3155e-06  test 7.2002e-05  (17 epochs/s)
epoch   3500  train 1.2043e-06  test 1.6696e-05  (17 epochs/s)
epoch   3600  train 5.2464e-07  test 4.6119e-06  (17 epochs/s)
epoch   3700  train 2.7418e-07  test 1.8001e-06  (17 epochs/s)
epoch   3800  train 1.8533e-07  test 1.0029e-06  (17 epochs/s)
epoch   3900  train 1.4910e-07  test 6.7620e-07  (17 epochs/s)
epoch   4000  train 1.3740e-07  test 5.4823e-07  (17 epochs/s)
epoch   4100  train 1.3449e-07  test 4.9184e-07  (17 epochs/s)
epoch   4200  train 1.3410e-07  test 4.5281e-07  (17 epochs/s)
epoch   4300  train 1.3406e-07  test 4.1950e-07  (17 epochs/s)
epoch   4400  train 1.3393e-07  test 3.9240e-07  (17 epochs/s)
epoch   4500  train 1.3373e-07  test 3.6956e-07  (17 epochs/s)
epoch   4600  train 1.3360e-07  test 3.4748e-07  (17 epochs/s)
epoch   4700  train 1.3333e-07  test 3.2837e-07  (17 epochs/s)
epoch   4800  train 1.3299e-07  test 3.1189e-07  (17 epochs/s)
epoch   4900  train 1.3265e-07  test 2.9661e-07  (17 epochs/s)
epoch   5000  train 1.3218e-07  test 2.8386e-07  (17 epochs/s)
epoch   5100  train 1.3197e-07  test 2.7277e-07  (17 epochs/s)
epoch   5200  train 1.3152e-07  test 2.6361e-07  (17 epochs/s)
epoch   5300  train 1.3129e-07  test 2.5651e-07  (17 epochs/s)
epoch   5400  train 1.3088e-07  test 2.5067e-07  (17 epochs/s)
epoch   5500  train 1.3078e-07  test 2.4627e-07  (17 epochs/s)
epoch   5600  train 1.3052e-07  test 2.4303e-07  (17 epochs/s)
epoch   5700  train 1.3030e-07  test 2.4030e-07  (17 epochs/s)
epoch   5800  train 1.3021e-07  test 2.3847e-07  (17 epochs/s)
epoch   5900  train 1.2992e-07  test 2.3663e-07  (17 epochs/s)
epoch   6000  train 1.2983e-07  test 2.3486e-07  (17 epochs/s)
epoch   6100  train 1.2968e-07  test 2.3364e-07  (17 epochs/s)
epoch   6200  train 1.2962e-07  test 2.3260e-07  (17 epochs/s)
epoch   6300  train 1.2957e-07  test 2.3181e-07  (17 epochs/s)
epoch   6400  train 1.2942e-07  test 2.3107e-07  (17 epochs/s)
epoch   6500  train 1.2930e-07  test 2.3067e-07  (17 epochs/s)
epoch   6600  train 1.2922e-07  test 2.3000e-07  (17 epochs/s)
epoch   6700  train 1.2923e-07  test 2.2926e-07  (17 epochs/s)
epoch   6800  train 1.2904e-07  test 2.2862e-07  (17 epochs/s)
epoch   6900  train 1.2899e-07  test 2.2790e-07  (17 epochs/s)
epoch   7000  train 1.2875e-07  test 2.2681e-07  (17 epochs/s)
epoch   7100  train 1.2886e-07  test 2.2567e-07  (17 epochs/s)
epoch   7200  train 1.2879e-07  test 2.2448e-07  (17 epochs/s)
epoch   7300  train 1.2869e-07  test 2.2316e-07  (17 epochs/s)
epoch   7400  train 1.2865e-07  test 2.2202e-07  (17 epochs/s)
epoch   7500  train 1.2846e-07  test 2.2087e-07  (17 epochs/s)
epoch   7600  train 1.2845e-07  test 2.1985e-07  (17 epochs/s)
epoch   7700  train 1.2834e-07  test 2.1908e-07  (17 epochs/s)
epoch   7800  train 1.2830e-07  test 2.1851e-07  (17 epochs/s)
epoch   7900  train 1.2839e-07  test 2.1804e-07  (17 epochs/s)
epoch   8000  train 1.2832e-07  test 2.1753e-07  (17 epochs/s)
epoch   8100  train 1.2845e-07  test 2.1701e-07  (17 epochs/s)
epoch   8200  train 1.2831e-07  test 2.1642e-07  (17 epochs/s)
epoch   8300  train 1.2825e-07  test 2.1608e-07  (17 epochs/s)
epoch   8400  train 1.2815e-07  test 2.1565e-07  (17 epochs/s)
epoch   8500  train 1.2815e-07  test 2.1523e-07  (17 epochs/s)
epoch   8600  train 1.2818e-07  test 2.1494e-07  (17 epochs/s)
epoch   8700  train 1.2823e-07  test 2.1455e-07  (17 epochs/s)
epoch   8800  train 1.2824e-07  test 2.1424e-07  (17 epochs/s)
epoch   8900  train 1.2809e-07  test 2.1391e-07  (17 epochs/s)
epoch   9000  train 1.2808e-07  test 2.1356e-07  (17 epochs/s)
epoch   9100  train 1.2813e-07  test 2.1329e-07  (17 epochs/s)
epoch   9200  train 1.2809e-07  test 2.1294e-07  (17 epochs/s)
epoch   9300  train 1.2804e-07  test 2.1271e-07  (17 epochs/s)
epoch   9400  train 1.2799e-07  test 2.1247e-07  (17 epochs/s)
epoch   9500  train 1.2800e-07  test 2.1215e-07  (17 epochs/s)
epoch   9600  train 1.2799e-07  test 2.1189e-07  (17 epochs/s)
epoch   9700  train 1.2796e-07  test 2.1164e-07  (17 epochs/s)
epoch   9800  train 1.2790e-07  test 2.1142e-07  (17 epochs/s)
epoch   9900  train 1.2790e-07  test 2.1096e-07  (17 epochs/s)
epoch  10000  train 1.2790e-07  test 2.1066e-07  (17 epochs/s)
epoch  10100  train 1.2791e-07  test 2.1049e-07  (17 epochs/s)
epoch  10200  train 1.2793e-07  test 2.1022e-07  (17 epochs/s)
epoch  10300  train 1.2794e-07  test 2.0988e-07  (17 epochs/s)
epoch  10400  train 1.2794e-07  test 2.0966e-07  (17 epochs/s)
epoch  10500  train 1.2794e-07  test 2.0926e-07  (17 epochs/s)
epoch  10600  train 1.2789e-07  test 2.0916e-07  (17 epochs/s)
epoch  10700  train 1.2787e-07  test 2.0885e-07  (17 epochs/s)
epoch  10800  train 1.2788e-07  test 2.0863e-07  (17 epochs/s)
epoch  10900  train 1.2787e-07  test 2.0843e-07  (17 epochs/s)
epoch  11000  train 1.2790e-07  test 2.0816e-07  (17 epochs/s)
epoch  11100  train 1.2785e-07  test 2.0791e-07  (17 epochs/s)
epoch  11200  train 1.2787e-07  test 2.0773e-07  (17 epochs/s)
epoch  11300  train 1.2782e-07  test 2.0743e-07  (17 epochs/s)
epoch  11400  train 1.2778e-07  test 2.0726e-07  (17 epochs/s)
epoch  11500  train 1.2782e-07  test 2.0699e-07  (17 epochs/s)
epoch  11600  train 1.2777e-07  test 2.0682e-07  (17 epochs/s)
epoch  11700  train 1.2775e-07  test 2.0663e-07  (17 epochs/s)
epoch  11800  train 1.2773e-07  test 2.0647e-07  (17 epochs/s)
epoch  11900  train 1.2770e-07  test 2.0616e-07  (17 epochs/s)
epoch  12000  train 1.2776e-07  test 2.0597e-07  (17 epochs/s)
epoch  12100  train 1.2774e-07  test 2.0589e-07  (17 epochs/s)
epoch  12200  train 1.2774e-07  test 2.0557e-07  (17 epochs/s)
epoch  12300  train 1.2781e-07  test 2.0543e-07  (17 epochs/s)
epoch  12400  train 1.2780e-07  test 2.0516e-07  (17 epochs/s)
epoch  12500  train 1.2768e-07  test 2.0502e-07  (17 epochs/s)
epoch  12600  train 1.2768e-07  test 2.0474e-07  (17 epochs/s)
epoch  12700  train 1.2769e-07  test 2.0457e-07  (17 epochs/s)
epoch  12800  train 1.2760e-07  test 2.0429e-07  (17 epochs/s)
epoch  12900  train 1.2760e-07  test 2.0415e-07  (17 epochs/s)
epoch  13000  train 1.2763e-07  test 2.0395e-07  (17 epochs/s)
epoch  13100  train 1.2778e-07  test 2.0374e-07  (17 epochs/s)
epoch  13200  train 1.2772e-07  test 2.0357e-07  (17 epochs/s)
epoch  13300  train 1.2773e-07  test 2.0335e-07  (17 epochs/s)
epoch  13400  train 1.2766e-07  test 2.0320e-07  (17 epochs/s)
epoch  13500  train 1.2760e-07  test 2.0304e-07  (17 epochs/s)
epoch  13600  train 1.2767e-07  test 2.0284e-07  (17 epochs/s)
epoch  13700  train 1.2756e-07  test 2.0265e-07  (17 epochs/s)
epoch  13800  train 1.2751e-07  test 2.0247e-07  (17 epochs/s)
epoch  13900  train 1.2754e-07  test 2.0227e-07  (17 epochs/s)
epoch  14000  train 1.2758e-07  test 2.0204e-07  (17 epochs/s)
epoch  14100  train 1.2764e-07  test 2.0196e-07  (17 epochs/s)
epoch  14200  train 1.2766e-07  test 2.0175e-07  (17 epochs/s)
epoch  14300  train 1.2763e-07  test 2.0163e-07  (17 epochs/s)
epoch  14400  train 1.2765e-07  test 2.0143e-07  (17 epochs/s)
epoch  14500  train 1.2758e-07  test 2.0119e-07  (17 epochs/s)
epoch  14600  train 1.2752e-07  test 2.0100e-07  (17 epochs/s)
epoch  14700  train 1.2749e-07  test 2.0077e-07  (17 epochs/s)
epoch  14800  train 1.2749e-07  test 2.0046e-07  (17 epochs/s)
epoch  14900  train 1.2739e-07  test 2.0002e-07  (17 epochs/s)
epoch  15000  train 1.2722e-07  test 1.9982e-07  (17 epochs/s)
epoch  15100  train 1.2723e-07  test 1.9967e-07  (17 epochs/s)
epoch  15200  train 1.2713e-07  test 1.9964e-07  (17 epochs/s)
epoch  15300  train 1.2715e-07  test 1.9973e-07  (17 epochs/s)
epoch  15400  train 1.2713e-07  test 1.9982e-07  (17 epochs/s)
epoch  15500  train 1.2699e-07  test 1.9991e-07  (17 epochs/s)
epoch  15600  train 1.2701e-07  test 2.0005e-07  (17 epochs/s)
epoch  15700  train 1.2697e-07  test 2.0020e-07  (17 epochs/s)
epoch  15800  train 1.2701e-07  test 2.0036e-07  (17 epochs/s)
epoch  15900  train 1.2705e-07  test 2.0046e-07  (17 epochs/s)
epoch  16000  train 1.2687e-07  test 2.0054e-07  (17 epochs/s)
epoch  16100  train 1.2680e-07  test 2.0065e-07  (17 epochs/s)
epoch  16200  train 1.2679e-07  test 2.0069e-07  (17 epochs/s)
epoch  16300  train 1.2675e-07  test 2.0075e-07  (17 epochs/s)
epoch  16400  train 1.2665e-07  test 2.0080e-07  (17 epochs/s)
epoch  16500  train 1.2670e-07  test 2.0085e-07  (17 epochs/s)
epoch  16600  train 1.2661e-07  test 2.0086e-07  (17 epochs/s)
epoch  16700  train 1.2669e-07  test 2.0090e-07  (17 epochs/s)
epoch  16800  train 1.2659e-07  test 2.0089e-07  (17 epochs/s)
epoch  16900  train 1.2655e-07  test 2.0088e-07  (17 epochs/s)
epoch  17000  train 1.2651e-07  test 2.0080e-07  (17 epochs/s)
epoch  17100  train 1.2657e-07  test 2.0075e-07  (17 epochs/s)
epoch  17200  train 1.2655e-07  test 2.0050e-07  (17 epochs/s)
epoch  17300  train 1.2655e-07  test 2.0044e-07  (17 epochs/s)
epoch  17400  train 1.2660e-07  test 2.0026e-07  (17 epochs/s)
epoch  17500  train 1.2661e-07  test 2.0002e-07  (17 epochs/s)
epoch  17600  train 1.2653e-07  test 1.9993e-07  (17 epochs/s)
epoch  17700  train 1.2651e-07  test 2.0006e-07  (17 epochs/s)
epoch  17800  train 1.2676e-07  test 1.9986e-07  (17 epochs/s)
epoch  17900  train 1.2681e-07  test 2.0029e-07  (17 epochs/s)
epoch  18000  train 1.2668e-07  test 1.9932e-07  (17 epochs/s)
epoch  18100  train 1.2649e-07  test 1.9923e-07  (17 epochs/s)
epoch  18200  train 1.2669e-07  test 1.9917e-07  (17 epochs/s)
epoch  18300  train 1.2658e-07  test 1.9934e-07  (17 epochs/s)
epoch  18400  train 1.2658e-07  test 1.9898e-07  (17 epochs/s)
epoch  18500  train 1.2675e-07  test 1.9908e-07  (17 epochs/s)
epoch  18600  train 1.2673e-07  test 1.9947e-07  (17 epochs/s)
epoch  18700  train 1.2664e-07  test 1.9885e-07  (17 epochs/s)
epoch  18800  train 1.2653e-07  test 1.9921e-07  (17 epochs/s)
epoch  18900  train 1.2692e-07  test 1.9890e-07  (17 epochs/s)
epoch  19000  train 1.2658e-07  test 1.9879e-07  (17 epochs/s)
epoch  19100  train 1.2647e-07  test 1.9881e-07  (17 epochs/s)
epoch  19200  train 1.2687e-07  test 1.9888e-07  (17 epochs/s)
epoch  19300  train 1.2686e-07  test 1.9986e-07  (17 epochs/s)
epoch  19400  train 1.2651e-07  test 1.9881e-07  (17 epochs/s)
epoch  19500  train 1.2683e-07  test 1.9881e-07  (17 epochs/s)
epoch  19600  train 1.2642e-07  test 1.9890e-07  (17 epochs/s)
epoch  19700  train 1.2695e-07  test 1.9926e-07  (17 epochs/s)
epoch  19800  train 1.2666e-07  test 1.9912e-07  (17 epochs/s)
epoch  19900  train 1.2651e-07  test 1.9971e-07  (17 epochs/s)
epoch  20000  train 1.2674e-07  test 1.9900e-07  (17 epochs/s)
done: 20000 epochs in 1205s -> runs/eff-E/p-113/seed2034/seed4242
EFFE-DONE
=== eff-G cvar0.05 init 11285 (13:29:05) ===
Traceback (most recent call last):
  File "<frozen runpy>", line 198, in _run_module_as_main
  File "<frozen runpy>", line 88, in _run_code
  File "/Users/ruhaanrajadhyaksha/projects/grok/grok/train.py", line 326, in <module>
    train(
  File "/Users/ruhaanrajadhyaksha/projects/grok/grok/train.py", line 195, in train
    tl, sl = train_steps(mx.array(sigma, mx.float32))
             ^^^^^^^^^^^^^^^^^^^^^^^^^^^^^^^^^^^^^^^^
  File "/Users/ruhaanrajadhyaksha/projects/grok/grok/train.py", line 168, in train_steps
    test_losses.append(loss_fn(model, test_tokens, test_labels, ce=ce))
                       ^^^^^^^^^^^^^^^^^^^^^^^^^^^^^^^^^^^^^^^^^^^^^^^
  File "/Users/ruhaanrajadhyaksha/projects/grok/grok/train.py", line 91, in loss_fn
    return ce(model.final_logits(tokens), labels)
           ^^^^^^^^^^^^^^^^^^^^^^^^^^^^^^^^^^^^^^
  File "/Users/ruhaanrajadhyaksha/projects/grok/grok/train.py", line 74, in cross_entropy_f64
    per_ex = mx.negative(picked[:, 0], stream=mx.cpu)  # (batch,) ce_i
                         ~~~~~~^^^^^^
ValueError: float64 is not supported on the GPU
train: 3830  test: 8939
=== eff-G cvar0.05 init 11285 (13:29:56) ===
train: 3830  test: 8939
epoch    100  train 4.7303e+00  test 4.8031e+00  (17 epochs/s)
epoch    200  train 4.7042e+00  test 4.8613e+00  (22 epochs/s)
epoch    300  train 4.6137e+00  test 5.2423e+00  (25 epochs/s)
epoch    400  train 4.3931e+00  test 6.4594e+00  (26 epochs/s)
epoch    500  train 4.1493e+00  test 7.7623e+00  (27 epochs/s)
epoch    600  train 3.9340e+00  test 8.6516e+00  (28 epochs/s)
epoch    700  train 3.7055e+00  test 9.4110e+00  (28 epochs/s)
epoch    800  train 3.4425e+00  test 1.0120e+01  (29 epochs/s)
epoch    900  train 3.1644e+00  test 1.0841e+01  (29 epochs/s)
epoch   1000  train 2.8556e+00  test 1.1588e+01  (29 epochs/s)
epoch   1100  train 2.5556e+00  test 1.2383e+01  (29 epochs/s)
epoch   1200  train 2.2650e+00  test 1.3131e+01  (30 epochs/s)
epoch   1300  train 1.9809e+00  test 1.3913e+01  (30 epochs/s)
epoch   1400  train 1.7084e+00  test 1.4719e+01  (30 epochs/s)
epoch   1500  train 1.4406e+00  test 1.5496e+01  (30 epochs/s)
epoch   1600  train 1.2105e+00  test 1.6271e+01  (30 epochs/s)
epoch   1700  train 1.0127e+00  test 1.7018e+01  (30 epochs/s)
epoch   1800  train 8.2997e-01  test 1.7757e+01  (30 epochs/s)
epoch   1900  train 6.7427e-01  test 1.8514e+01  (30 epochs/s)
epoch   2000  train 5.5273e-01  test 1.9222e+01  (30 epochs/s)
epoch   2100  train 4.4218e-01  test 1.9940e+01  (30 epochs/s)
epoch   2200  train 3.4410e-01  test 2.0619e+01  (30 epochs/s)
epoch   2300  train 2.7678e-01  test 2.1306e+01  (31 epochs/s)
epoch   2400  train 2.1972e-01  test 2.2026e+01  (31 epochs/s)
epoch   2500  train 1.7656e-01  test 2.2665e+01  (31 epochs/s)
epoch   2600  train 1.3603e-01  test 2.3306e+01  (31 epochs/s)
epoch   2700  train 1.0821e-01  test 2.4010e+01  (31 epochs/s)
epoch   2800  train 8.4086e-02  test 2.4702e+01  (31 epochs/s)
epoch   2900  train 6.6632e-02  test 2.5288e+01  (31 epochs/s)
epoch   3000  train 5.1863e-02  test 2.5966e+01  (31 epochs/s)
epoch   3100  train 4.0278e-02  test 2.6570e+01  (31 epochs/s)
epoch   3200  train 3.1746e-02  test 2.7199e+01  (31 epochs/s)
epoch   3300  train 2.4848e-02  test 2.7840e+01  (31 epochs/s)
epoch   3400  train 1.9752e-02  test 2.8535e+01  (31 epochs/s)
epoch   3500  train 1.5223e-02  test 2.9178e+01  (31 epochs/s)
epoch   3600  train 1.1466e-02  test 2.9818e+01  (31 epochs/s)
epoch   3700  train 8.8622e-03  test 3.0491e+01  (31 epochs/s)
epoch   3800  train 6.8498e-03  test 3.1106e+01  (31 epochs/s)
epoch   3900  train 5.4921e-03  test 3.1798e+01  (31 epochs/s)
epoch   4000  train 4.0701e-03  test 3.2384e+01  (31 epochs/s)
epoch   4100  train 3.2552e-03  test 3.3067e+01  (31 epochs/s)
epoch   4200  train 2.4496e-03  test 3.3742e+01  (31 epochs/s)
epoch   4300  train 1.8194e-03  test 3.4376e+01  (31 epochs/s)
epoch   4400  train 1.4679e-03  test 3.4887e+01  (31 epochs/s)
epoch   4500  train 1.1808e-03  test 3.5584e+01  (31 epochs/s)
epoch   4600  train 8.3834e-04  test 3.6279e+01  (31 epochs/s)
epoch   4700  train 6.3694e-04  test 3.6877e+01  (30 epochs/s)
epoch   4800  train 5.1565e-04  test 3.7390e+01  (30 epochs/s)
epoch   4900  train 3.7214e-04  test 3.8139e+01  (30 epochs/s)
epoch   5000  train 2.7466e-04  test 3.8676e+01  (30 epochs/s)
epoch   5100  train 2.5268e-04  test 3.9266e+01  (30 epochs/s)
epoch   5200  train 1.7234e-04  test 3.9866e+01  (30 epochs/s)
epoch   5300  train 1.3526e-04  test 4.0445e+01  (30 epochs/s)
epoch   5400  train 1.0487e-04  test 4.1009e+01  (30 epochs/s)
epoch   5500  train 8.3230e-05  test 4.1532e+01  (29 epochs/s)
epoch   5600  train 5.7319e-05  test 4.2123e+01  (29 epochs/s)
epoch   5700  train 4.6478e-05  test 4.2521e+01  (29 epochs/s)
epoch   5800  train 3.4381e-05  test 4.3203e+01  (29 epochs/s)
epoch   5900  train 2.5888e-05  test 4.3553e+01  (29 epochs/s)
epoch   6000  train 2.2935e-05  test 4.3776e+01  (29 epochs/s)
epoch   6100  train 1.5834e-05  test 4.4528e+01  (28 epochs/s)
epoch   6200  train 1.3091e-05  test 4.4733e+01  (28 epochs/s)
epoch   6300  train 9.5167e-06  test 4.4980e+01  (28 epochs/s)
epoch   6400  train 7.5943e-06  test 4.5261e+01  (28 epochs/s)
epoch   6500  train 6.1996e-06  test 4.5601e+01  (27 epochs/s)
epoch   6600  train 4.7213e-06  test 4.5813e+01  (27 epochs/s)
epoch   6700  train 4.3069e-06  test 4.5719e+01  (27 epochs/s)
epoch   6800  train 3.4515e-06  test 4.5840e+01  (27 epochs/s)
epoch   6900  train 3.4530e-06  test 4.5426e+01  (27 epochs/s)
epoch   7000  train 2.7141e-06  test 4.5532e+01  (26 epochs/s)
epoch   7100  train 2.2265e-06  test 4.5166e+01  (26 epochs/s)
epoch   7200  train 2.0269e-06  test 4.4874e+01  (26 epochs/s)
epoch   7300  train 1.9590e-06  test 4.4520e+01  (26 epochs/s)
epoch   7400  train 1.7594e-06  test 4.4004e+01  (26 epochs/s)
epoch   7500  train 1.5999e-06  test 4.3566e+01  (26 epochs/s)
epoch   7600  train 1.5539e-06  test 4.3146e+01  (26 epochs/s)
epoch   7700  train 1.4397e-06  test 4.2521e+01  (26 epochs/s)
epoch   7800  train 1.2081e-06  test 4.2033e+01  (25 epochs/s)
epoch   7900  train 1.3066e-06  test 4.1477e+01  (25 epochs/s)
epoch   8000  train 1.2276e-06  test 4.0554e+01  (25 epochs/s)
epoch   8100  train 1.1334e-06  test 3.9886e+01  (25 epochs/s)
epoch   8200  train 1.0098e-06  test 3.9285e+01  (25 epochs/s)
epoch   8300  train 1.0690e-06  test 3.8507e+01  (25 epochs/s)
epoch   8400  train 1.0167e-06  test 3.7703e+01  (25 epochs/s)
epoch   8500  train 9.7623e-07  test 3.6886e+01  (25 epochs/s)
epoch   8600  train 9.5965e-07  test 3.5923e+01  (25 epochs/s)
epoch   8700  train 8.2076e-07  test 3.4996e+01  (25 epochs/s)
epoch   8800  train 8.3469e-07  test 3.3977e+01  (25 epochs/s)
epoch   8900  train 7.5031e-07  test 3.2853e+01  (25 epochs/s)
epoch   9000  train 7.5948e-07  test 3.1672e+01  (24 epochs/s)
epoch   9100  train 6.8413e-07  test 3.0572e+01  (24 epochs/s)
epoch   9200  train 7.0003e-07  test 2.9165e+01  (24 epochs/s)
epoch   9300  train 6.2823e-07  test 2.7691e+01  (24 epochs/s)
epoch   9400  train 5.7584e-07  test 2.6175e+01  (24 epochs/s)
epoch   9500  train 5.5270e-07  test 2.4488e+01  (24 epochs/s)
epoch   9600  train 5.2059e-07  test 2.2776e+01  (24 epochs/s)
epoch   9700  train 4.8743e-07  test 2.0776e+01  (24 epochs/s)
epoch   9800  train 4.3166e-07  test 1.8682e+01  (24 epochs/s)
epoch   9900  train 4.0390e-07  test 1.6484e+01  (24 epochs/s)
epoch  10000  train 3.6998e-07  test 1.4231e+01  (24 epochs/s)
epoch  10100  train 3.3787e-07  test 1.1973e+01  (24 epochs/s)
epoch  10200  train 3.0908e-07  test 9.8699e+00  (24 epochs/s)
epoch  10300  train 2.8855e-07  test 7.8704e+00  (24 epochs/s)
epoch  10400  train 2.7098e-07  test 5.9844e+00  (24 epochs/s)
epoch  10500  train 2.5502e-07  test 4.3223e+00  (24 epochs/s)
epoch  10600  train 2.4229e-07  test 2.8647e+00  (23 epochs/s)
epoch  10700  train 2.2396e-07  test 1.7567e+00  (23 epochs/s)
epoch  10800  train 2.1344e-07  test 1.0102e+00  (23 epochs/s)
epoch  10900  train 2.0356e-07  test 5.7499e-01  (23 epochs/s)
epoch  11000  train 1.9296e-07  test 3.3248e-01  (23 epochs/s)
epoch  11100  train 1.8285e-07  test 1.8550e-01  (23 epochs/s)
epoch  11200  train 1.7605e-07  test 9.1412e-02  (23 epochs/s)
epoch  11300  train 1.6739e-07  test 3.8678e-02  (23 epochs/s)
epoch  11400  train 1.6150e-07  test 1.3852e-02  (23 epochs/s)
epoch  11500  train 1.5454e-07  test 4.7205e-03  (23 epochs/s)
epoch  11600  train 1.4946e-07  test 1.8734e-03  (23 epochs/s)
epoch  11700  train 1.4542e-07  test 7.8305e-04  (23 epochs/s)
epoch  11800  train 1.4007e-07  test 3.2928e-04  (23 epochs/s)
epoch  11900  train 1.3764e-07  test 1.2281e-04  (23 epochs/s)
epoch  12000  train 1.3444e-07  test 5.3283e-05  (23 epochs/s)
epoch  12100  train 1.3252e-07  test 2.6436e-05  (23 epochs/s)
epoch  12200  train 1.2788e-07  test 1.4817e-05  (23 epochs/s)
epoch  12300  train 1.2697e-07  test 1.0094e-05  (22 epochs/s)
epoch  12400  train 1.2559e-07  test 7.2072e-06  (22 epochs/s)
epoch  12500  train 1.2206e-07  test 5.3160e-06  (22 epochs/s)
epoch  12600  train 1.2257e-07  test 4.1498e-06  (22 epochs/s)
epoch  12700  train 1.1919e-07  test 3.2107e-06  (22 epochs/s)
epoch  12800  train 1.2007e-07  test 2.6677e-06  (22 epochs/s)
epoch  12900  train 1.1873e-07  test 2.1889e-06  (22 epochs/s)
epoch  13000  train 1.1990e-07  test 1.8455e-06  (22 epochs/s)
epoch  13100  train 1.1784e-07  test 1.5864e-06  (22 epochs/s)
epoch  13200  train 1.1798e-07  test 1.3987e-06  (22 epochs/s)
epoch  13300  train 1.1686e-07  test 1.2714e-06  (22 epochs/s)
epoch  13400  train 1.1815e-07  test 1.1876e-06  (22 epochs/s)
epoch  13500  train 1.1785e-07  test 1.1108e-06  (22 epochs/s)
epoch  13600  train 1.1633e-07  test 1.0522e-06  (22 epochs/s)
epoch  13700  train 1.1527e-07  test 1.0053e-06  (22 epochs/s)
epoch  13800  train 1.1458e-07  test 9.6071e-07  (22 epochs/s)
epoch  13900  train 1.1487e-07  test 9.4570e-07  (22 epochs/s)
epoch  14000  train 1.1540e-07  test 9.2994e-07  (22 epochs/s)
epoch  14100  train 1.1635e-07  test 9.3868e-07  (22 epochs/s)
epoch  14200  train 1.1411e-07  test 9.2282e-07  (22 epochs/s)
epoch  14300  train 1.1398e-07  test 9.1890e-07  (22 epochs/s)
epoch  14400  train 1.1356e-07  test 9.1366e-07  (21 epochs/s)
epoch  14500  train 1.1448e-07  test 9.0437e-07  (21 epochs/s)
epoch  14600  train 1.1431e-07  test 9.1398e-07  (21 epochs/s)
epoch  14700  train 1.1377e-07  test 9.2205e-07  (21 epochs/s)
epoch  14800  train 1.1330e-07  test 9.2313e-07  (21 epochs/s)
epoch  14900  train 1.1522e-07  test 9.2426e-07  (21 epochs/s)
epoch  15000  train 1.1356e-07  test 9.3298e-07  (21 epochs/s)
epoch  15100  train 1.1303e-07  test 9.3340e-07  (21 epochs/s)
epoch  15200  train 1.1328e-07  test 9.4133e-07  (21 epochs/s)
epoch  15300  train 1.1380e-07  test 9.4295e-07  (21 epochs/s)
epoch  15400  train 1.1354e-07  test 9.4373e-07  (21 epochs/s)
epoch  15500  train 1.1435e-07  test 9.5387e-07  (21 epochs/s)
epoch  15600  train 1.1445e-07  test 9.5677e-07  (21 epochs/s)
epoch  15700  train 1.1295e-07  test 9.5192e-07  (21 epochs/s)
epoch  15800  train 1.1332e-07  test 9.6561e-07  (21 epochs/s)
epoch  15900  train 1.1202e-07  test 9.5842e-07  (21 epochs/s)
epoch  16000  train 1.1268e-07  test 9.6445e-07  (21 epochs/s)
epoch  16100  train 1.1272e-07  test 9.5737e-07  (21 epochs/s)
epoch  16200  train 1.1346e-07  test 9.7081e-07  (21 epochs/s)
epoch  16300  train 1.1353e-07  test 9.7488e-07  (21 epochs/s)
epoch  16400  train 1.1267e-07  test 9.7622e-07  (21 epochs/s)
epoch  16500  train 1.1337e-07  test 9.8213e-07  (21 epochs/s)
epoch  16600  train 1.1329e-07  test 9.8130e-07  (21 epochs/s)
epoch  16700  train 1.1272e-07  test 9.8309e-07  (21 epochs/s)
epoch  16800  train 1.1277e-07  test 9.7227e-07  (21 epochs/s)
epoch  16900  train 1.1277e-07  test 9.8730e-07  (21 epochs/s)
epoch  17000  train 1.1195e-07  test 9.8120e-07  (20 epochs/s)
epoch  17100  train 1.1268e-07  test 9.7244e-07  (20 epochs/s)
epoch  17200  train 1.1228e-07  test 9.6470e-07  (20 epochs/s)
epoch  17300  train 1.1203e-07  test 9.6187e-07  (20 epochs/s)
epoch  17400  train 1.1272e-07  test 9.7394e-07  (20 epochs/s)
epoch  17500  train 1.1160e-07  test 9.5313e-07  (20 epochs/s)
epoch  17600  train 1.1315e-07  test 9.5096e-07  (20 epochs/s)
epoch  17700  train 1.1146e-07  test 9.6082e-07  (20 epochs/s)
epoch  17800  train 1.1219e-07  test 9.6645e-07  (20 epochs/s)
epoch  17900  train 1.1197e-07  test 9.5443e-07  (20 epochs/s)
epoch  18000  train 1.1170e-07  test 9.4227e-07  (20 epochs/s)
epoch  18100  train 1.1261e-07  test 9.5001e-07  (20 epochs/s)
epoch  18200  train 1.1217e-07  test 9.6515e-07  (20 epochs/s)
epoch  18300  train 1.1202e-07  test 9.4818e-07  (20 epochs/s)
epoch  18400  train 1.1274e-07  test 9.6523e-07  (20 epochs/s)
epoch  18500  train 1.1166e-07  test 9.5208e-07  (20 epochs/s)
epoch  18600  train 1.1247e-07  test 9.5570e-07  (20 epochs/s)
epoch  18700  train 1.1194e-07  test 9.6247e-07  (20 epochs/s)
epoch  18800  train 1.1195e-07  test 9.5640e-07  (20 epochs/s)
epoch  18900  train 1.1167e-07  test 9.5408e-07  (20 epochs/s)
epoch  19000  train 1.1257e-07  test 9.5573e-07  (20 epochs/s)
epoch  19100  train 1.1177e-07  test 9.7197e-07  (20 epochs/s)
epoch  19200  train 1.1136e-07  test 9.5722e-07  (20 epochs/s)
epoch  19300  train 1.1146e-07  test 9.5297e-07  (20 epochs/s)
epoch  19400  train 1.1142e-07  test 9.5118e-07  (20 epochs/s)
epoch  19500  train 1.1242e-07  test 9.4465e-07  (20 epochs/s)
epoch  19600  train 1.1143e-07  test 9.5794e-07  (20 epochs/s)
epoch  19700  train 1.1098e-07  test 9.5629e-07  (20 epochs/s)
epoch  19800  train 1.1200e-07  test 9.5868e-07  (20 epochs/s)
epoch  19900  train 1.1201e-07  test 9.5839e-07  (20 epochs/s)
epoch  20000  train 1.1241e-07  test 9.6845e-07  (20 epochs/s)
done: 20000 epochs in 1017s -> runs/eff-G/p-113/seed2034/seed11285
=== eff-G cvar0.05 init 33428 (13:46:53) ===
train: 3830  test: 8939
epoch    100  train 4.7275e+00  test 4.8046e+00  (9 epochs/s)
epoch    200  train 4.7029e+00  test 4.8678e+00  (9 epochs/s)
epoch    300  train 4.6061e+00  test 5.3015e+00  (9 epochs/s)
epoch    400  train 4.3955e+00  test 6.4952e+00  (10 epochs/s)
epoch    500  train 4.1621e+00  test 7.7665e+00  (11 epochs/s)
epoch    600  train 3.9405e+00  test 8.7113e+00  (11 epochs/s)
epoch    700  train 3.6950e+00  test 9.5126e+00  (11 epochs/s)
epoch    800  train 3.4037e+00  test 1.0275e+01  (11 epochs/s)
epoch    900  train 3.0793e+00  test 1.1060e+01  (11 epochs/s)
epoch   1000  train 2.7169e+00  test 1.1814e+01  (11 epochs/s)
epoch   1100  train 2.3423e+00  test 1.2548e+01  (11 epochs/s)
epoch   1200  train 1.9587e+00  test 1.3245e+01  (11 epochs/s)
epoch   1300  train 1.5700e+00  test 1.3929e+01  (11 epochs/s)
epoch   1400  train 1.1934e+00  test 1.4489e+01  (11 epochs/s)
epoch   1500  train 8.5068e-01  test 1.4911e+01  (12 epochs/s)
epoch   1600  train 5.7964e-01  test 1.5225e+01  (12 epochs/s)
epoch   1700  train 3.8016e-01  test 1.5456e+01  (12 epochs/s)
epoch   1800  train 2.4238e-01  test 1.5605e+01  (12 epochs/s)
epoch   1900  train 1.5095e-01  test 1.5689e+01  (12 epochs/s)
epoch   2000  train 8.8998e-02  test 1.5798e+01  (12 epochs/s)
epoch   2100  train 5.0603e-02  test 1.5711e+01  (12 epochs/s)
epoch   2200  train 2.7805e-02  test 1.5535e+01  (12 epochs/s)
epoch   2300  train 1.4594e-02  test 1.5144e+01  (13 epochs/s)
epoch   2400  train 7.2415e-03  test 1.4445e+01  (13 epochs/s)
epoch   2500  train 3.3109e-03  test 1.3365e+01  (13 epochs/s)
epoch   2600  train 1.4092e-03  test 1.1891e+01  (13 epochs/s)
epoch   2700  train 5.7637e-04  test 1.0036e+01  (13 epochs/s)
epoch   2800  train 2.2577e-04  test 7.8773e+00  (13 epochs/s)
epoch   2900  train 8.2998e-05  test 5.4087e+00  (13 epochs/s)
epoch   3000  train 3.0274e-05  test 2.8709e+00  (13 epochs/s)
epoch   3100  train 1.0988e-05  test 9.9324e-01  (13 epochs/s)
epoch   3200  train 3.9872e-06  test 2.5597e-01  (13 epochs/s)
epoch   3300  train 1.5257e-06  test 5.1212e-02  (13 epochs/s)
epoch   3400  train 6.6158e-07  test 8.0734e-03  (13 epochs/s)
epoch   3500  train 3.2656e-07  test 1.4152e-03  (13 epochs/s)
epoch   3600  train 1.9905e-07  test 3.3060e-04  (13 epochs/s)
epoch   3700  train 1.4889e-07  test 9.7551e-05  (13 epochs/s)
epoch   3800  train 1.3379e-07  test 3.5221e-05  (13 epochs/s)
epoch   3900  train 1.2594e-07  test 1.7829e-05  (14 epochs/s)
epoch   4000  train 1.2303e-07  test 1.0232e-05  (14 epochs/s)
epoch   4100  train 1.2271e-07  test 6.7696e-06  (14 epochs/s)
epoch   4200  train 1.2182e-07  test 4.5972e-06  (14 epochs/s)
epoch   4300  train 1.2225e-07  test 3.3441e-06  (14 epochs/s)
epoch   4400  train 1.2100e-07  test 2.5431e-06  (14 epochs/s)
epoch   4500  train 1.2065e-07  test 2.1207e-06  (14 epochs/s)
epoch   4600  train 1.2025e-07  test 1.7636e-06  (14 epochs/s)
epoch   4700  train 1.1977e-07  test 1.5154e-06  (14 epochs/s)
epoch   4800  train 1.1838e-07  test 1.3194e-06  (14 epochs/s)
epoch   4900  train 1.2018e-07  test 1.1969e-06  (14 epochs/s)
epoch   5000  train 1.2023e-07  test 1.1179e-06  (14 epochs/s)
epoch   5100  train 1.1769e-07  test 1.0540e-06  (14 epochs/s)
epoch   5200  train 1.1619e-07  test 9.8475e-07  (14 epochs/s)
epoch   5300  train 1.1726e-07  test 9.5447e-07  (14 epochs/s)
epoch   5400  train 1.1952e-07  test 9.0555e-07  (14 epochs/s)
epoch   5500  train 1.1791e-07  test 8.7146e-07  (14 epochs/s)
epoch   5600  train 1.1625e-07  test 8.5444e-07  (14 epochs/s)
epoch   5700  train 1.1826e-07  test 8.4688e-07  (14 epochs/s)
epoch   5800  train 1.1735e-07  test 8.1653e-07  (14 epochs/s)
epoch   5900  train 1.1725e-07  test 8.0962e-07  (14 epochs/s)
epoch   6000  train 1.1662e-07  test 8.0490e-07  (14 epochs/s)
epoch   6100  train 1.1536e-07  test 7.7953e-07  (14 epochs/s)
epoch   6200  train 1.1630e-07  test 7.7985e-07  (14 epochs/s)
epoch   6300  train 1.1640e-07  test 7.8285e-07  (14 epochs/s)
epoch   6400  train 1.1545e-07  test 7.6642e-07  (14 epochs/s)
epoch   6500  train 1.1744e-07  test 7.8357e-07  (14 epochs/s)
epoch   6600  train 1.1438e-07  test 7.5497e-07  (14 epochs/s)
epoch   6700  train 1.1547e-07  test 7.5978e-07  (14 epochs/s)
epoch   6800  train 1.1530e-07  test 7.5348e-07  (14 epochs/s)
epoch   6900  train 1.1495e-07  test 7.6045e-07  (14 epochs/s)
epoch   7000  train 1.1694e-07  test 7.4957e-07  (14 epochs/s)
epoch   7100  train 1.1463e-07  test 7.5394e-07  (14 epochs/s)
epoch   7200  train 1.1682e-07  test 7.4687e-07  (14 epochs/s)
epoch   7300  train 1.1417e-07  test 7.4606e-07  (14 epochs/s)
epoch   7400  train 1.1665e-07  test 7.4827e-07  (14 epochs/s)
epoch   7500  train 1.1702e-07  test 7.3789e-07  (14 epochs/s)
epoch   7600  train 1.1513e-07  test 7.3997e-07  (14 epochs/s)
epoch   7700  train 1.1428e-07  test 7.3882e-07  (14 epochs/s)
epoch   7800  train 1.1406e-07  test 7.4195e-07  (14 epochs/s)
epoch   7900  train 1.1572e-07  test 7.4060e-07  (14 epochs/s)
epoch   8000  train 1.1575e-07  test 7.4465e-07  (14 epochs/s)
epoch   8100  train 1.1406e-07  test 7.3412e-07  (14 epochs/s)
epoch   8200  train 1.1395e-07  test 7.2576e-07  (14 epochs/s)
epoch   8300  train 1.1611e-07  test 7.2884e-07  (14 epochs/s)
epoch   8400  train 1.1481e-07  test 7.3057e-07  (14 epochs/s)
epoch   8500  train 1.1478e-07  test 7.3266e-07  (14 epochs/s)
epoch   8600  train 1.1477e-07  test 7.1426e-07  (14 epochs/s)
epoch   8700  train 1.1616e-07  test 7.2221e-07  (14 epochs/s)
epoch   8800  train 1.1412e-07  test 7.1865e-07  (14 epochs/s)
epoch   8900  train 1.1454e-07  test 7.2719e-07  (14 epochs/s)
epoch   9000  train 1.1491e-07  test 7.2242e-07  (14 epochs/s)
epoch   9100  train 1.1517e-07  test 7.2600e-07  (14 epochs/s)
epoch   9200  train 1.1436e-07  test 7.2955e-07  (14 epochs/s)
epoch   9300  train 1.1505e-07  test 7.2525e-07  (14 epochs/s)
epoch   9400  train 1.1517e-07  test 7.2857e-07  (14 epochs/s)
epoch   9500  train 1.1417e-07  test 7.2074e-07  (14 epochs/s)
epoch   9600  train 1.1487e-07  test 7.2435e-07  (14 epochs/s)
epoch   9700  train 1.1482e-07  test 7.2276e-07  (14 epochs/s)
epoch   9800  train 1.1428e-07  test 7.1385e-07  (14 epochs/s)
epoch   9900  train 1.1531e-07  test 7.0308e-07  (14 epochs/s)
epoch  10000  train 1.1381e-07  test 7.1392e-07  (14 epochs/s)
epoch  10100  train 1.1437e-07  test 7.1359e-07  (14 epochs/s)
epoch  10200  train 1.1430e-07  test 7.1164e-07  (14 epochs/s)
epoch  10300  train 1.1487e-07  test 7.1721e-07  (14 epochs/s)
epoch  10400  train 1.1508e-07  test 7.2089e-07  (14 epochs/s)
epoch  10500  train 1.1410e-07  test 7.1517e-07  (14 epochs/s)
epoch  10600  train 1.1371e-07  test 7.1057e-07  (14 epochs/s)
epoch  10700  train 1.1454e-07  test 7.0824e-07  (14 epochs/s)
epoch  10800  train 1.1381e-07  test 7.1045e-07  (14 epochs/s)
epoch  10900  train 1.1351e-07  test 7.0693e-07  (14 epochs/s)
epoch  11000  train 1.1543e-07  test 7.1484e-07  (14 epochs/s)
epoch  11100  train 1.1383e-07  test 7.1023e-07  (14 epochs/s)
epoch  11200  train 1.1337e-07  test 7.1273e-07  (14 epochs/s)
epoch  11300  train 1.1429e-07  test 7.0888e-07  (14 epochs/s)
epoch  11400  train 1.1568e-07  test 7.0080e-07  (14 epochs/s)
epoch  11500  train 1.1303e-07  test 7.1594e-07  (14 epochs/s)
epoch  11600  train 1.1436e-07  test 7.0928e-07  (14 epochs/s)
epoch  11700  train 1.1394e-07  test 7.0430e-07  (14 epochs/s)
epoch  11800  train 1.1449e-07  test 7.0115e-07  (14 epochs/s)
epoch  11900  train 1.1360e-07  test 7.0349e-07  (14 epochs/s)
epoch  12000  train 1.1470e-07  test 7.0632e-07  (14 epochs/s)
epoch  12100  train 1.1355e-07  test 7.0236e-07  (14 epochs/s)
epoch  12200  train 1.1407e-07  test 7.0240e-07  (14 epochs/s)
epoch  12300  train 1.1338e-07  test 7.0317e-07  (14 epochs/s)
epoch  12400  train 1.1339e-07  test 6.9629e-07  (14 epochs/s)
epoch  12500  train 1.1440e-07  test 6.9963e-07  (14 epochs/s)
epoch  12600  train 1.1433e-07  test 6.9938e-07  (14 epochs/s)
epoch  12700  train 1.1497e-07  test 6.9643e-07  (14 epochs/s)
epoch  12800  train 1.1384e-07  test 6.9108e-07  (14 epochs/s)
epoch  12900  train 1.1429e-07  test 6.9546e-07  (14 epochs/s)
epoch  13000  train 1.1443e-07  test 7.0105e-07  (14 epochs/s)
epoch  13100  train 1.1368e-07  test 6.9945e-07  (14 epochs/s)
epoch  13200  train 1.1603e-07  test 7.0151e-07  (14 epochs/s)
epoch  13300  train 1.1420e-07  test 6.9999e-07  (14 epochs/s)
epoch  13400  train 1.1414e-07  test 6.9931e-07  (14 epochs/s)
epoch  13500  train 1.1446e-07  test 7.0813e-07  (14 epochs/s)
epoch  13600  train 1.1317e-07  test 6.9665e-07  (14 epochs/s)
epoch  13700  train 1.1447e-07  test 6.9586e-07  (14 epochs/s)
epoch  13800  train 1.1371e-07  test 6.9194e-07  (14 epochs/s)
epoch  13900  train 1.1402e-07  test 6.9550e-07  (14 epochs/s)
epoch  14000  train 1.1427e-07  test 6.9747e-07  (14 epochs/s)
epoch  14100  train 1.1420e-07  test 7.0299e-07  (15 epochs/s)
epoch  14200  train 1.1339e-07  test 6.9691e-07  (14 epochs/s)
epoch  14300  train 1.1424e-07  test 6.9720e-07  (15 epochs/s)
epoch  14400  train 1.1420e-07  test 6.9430e-07  (15 epochs/s)
epoch  14500  train 1.1381e-07  test 6.9793e-07  (15 epochs/s)
epoch  14600  train 1.1576e-07  test 6.9909e-07  (15 epochs/s)
epoch  14700  train 1.1336e-07  test 6.9598e-07  (15 epochs/s)
epoch  14800  train 1.1408e-07  test 6.9901e-07  (15 epochs/s)
epoch  14900  train 1.1524e-07  test 6.9921e-07  (15 epochs/s)
epoch  15000  train 1.1410e-07  test 6.9528e-07  (15 epochs/s)
epoch  15100  train 1.1357e-07  test 6.9565e-07  (15 epochs/s)
epoch  15200  train 1.1440e-07  test 7.0121e-07  (15 epochs/s)
epoch  15300  train 1.1325e-07  test 6.9594e-07  (15 epochs/s)
epoch  15400  train 1.1347e-07  test 6.9819e-07  (15 epochs/s)
epoch  15500  train 1.1391e-07  test 6.9022e-07  (15 epochs/s)
epoch  15600  train 1.1342e-07  test 6.8880e-07  (15 epochs/s)
epoch  15700  train 1.1356e-07  test 6.9625e-07  (15 epochs/s)
epoch  15800  train 1.1393e-07  test 6.9542e-07  (15 epochs/s)
epoch  15900  train 1.1238e-07  test 6.9647e-07  (15 epochs/s)
epoch  16000  train 1.1319e-07  test 7.0616e-07  (15 epochs/s)
epoch  16100  train 1.1410e-07  test 6.9762e-07  (15 epochs/s)
epoch  16200  train 1.1400e-07  test 6.9774e-07  (15 epochs/s)
epoch  16300  train 1.1358e-07  test 6.9183e-07  (15 epochs/s)
epoch  16400  train 1.1306e-07  test 6.8753e-07  (15 epochs/s)
epoch  16500  train 1.1467e-07  test 6.8847e-07  (15 epochs/s)
epoch  16600  train 1.1480e-07  test 6.9269e-07  (15 epochs/s)
epoch  16700  train 1.1307e-07  test 6.9292e-07  (15 epochs/s)
epoch  16800  train 1.1408e-07  test 6.9910e-07  (15 epochs/s)
epoch  16900  train 1.1395e-07  test 6.9237e-07  (15 epochs/s)
epoch  17000  train 1.1319e-07  test 6.9959e-07  (15 epochs/s)
epoch  17100  train 1.1373e-07  test 6.9627e-07  (15 epochs/s)
epoch  17200  train 1.1370e-07  test 6.9316e-07  (15 epochs/s)
epoch  17300  train 1.1408e-07  test 6.8616e-07  (15 epochs/s)
epoch  17400  train 1.1335e-07  test 6.7984e-07  (15 epochs/s)
epoch  17500  train 1.1407e-07  test 6.9448e-07  (15 epochs/s)
epoch  17600  train 1.1355e-07  test 6.9323e-07  (15 epochs/s)
epoch  17700  train 1.1529e-07  test 6.9116e-07  (15 epochs/s)
epoch  17800  train 1.1209e-07  test 6.8856e-07  (15 epochs/s)
epoch  17900  train 1.1319e-07  test 6.8902e-07  (15 epochs/s)
epoch  18000  train 1.1442e-07  test 6.8681e-07  (15 epochs/s)
epoch  18100  train 1.1426e-07  test 6.9318e-07  (15 epochs/s)
epoch  18200  train 1.1294e-07  test 6.8937e-07  (15 epochs/s)
epoch  18300  train 1.1464e-07  test 6.8761e-07  (15 epochs/s)
epoch  18400  train 1.1409e-07  test 6.8987e-07  (15 epochs/s)
epoch  18500  train 1.1321e-07  test 6.9053e-07  (15 epochs/s)
epoch  18600  train 1.1354e-07  test 6.9338e-07  (15 epochs/s)
epoch  18700  train 1.1337e-07  test 6.8812e-07  (15 epochs/s)
epoch  18800  train 1.1323e-07  test 6.8129e-07  (15 epochs/s)
epoch  18900  train 1.1406e-07  test 6.9194e-07  (15 epochs/s)
epoch  19000  train 1.1220e-07  test 6.8411e-07  (15 epochs/s)
epoch  19100  train 1.1352e-07  test 6.8699e-07  (15 epochs/s)
epoch  19200  train 1.1204e-07  test 6.8891e-07  (15 epochs/s)
epoch  19300  train 1.1362e-07  test 6.8642e-07  (15 epochs/s)
epoch  19400  train 1.1341e-07  test 6.8474e-07  (15 epochs/s)
epoch  19500  train 1.1355e-07  test 6.8718e-07  (15 epochs/s)
epoch  19600  train 1.1337e-07  test 6.8982e-07  (15 epochs/s)
epoch  19700  train 1.1290e-07  test 6.8232e-07  (15 epochs/s)
epoch  19800  train 1.1313e-07  test 6.8421e-07  (15 epochs/s)
epoch  19900  train 1.1348e-07  test 6.8507e-07  (15 epochs/s)
epoch  20000  train 1.1450e-07  test 6.8087e-07  (15 epochs/s)
done: 20000 epochs in 1348s -> runs/eff-G/p-113/seed2034/seed33428
=== eff-G cvar0.05 init 777 (14:09:22) ===
train: 3830  test: 8939
epoch    100  train 4.7301e+00  test 4.7944e+00  (11 epochs/s)
epoch    200  train 4.7065e+00  test 4.8436e+00  (11 epochs/s)
epoch    300  train 4.6278e+00  test 5.1615e+00  (12 epochs/s)
epoch    400  train 4.4224e+00  test 6.2660e+00  (13 epochs/s)
epoch    500  train 4.1637e+00  test 7.6882e+00  (13 epochs/s)
epoch    600  train 3.9198e+00  test 8.7332e+00  (14 epochs/s)
epoch    700  train 3.6764e+00  test 9.5474e+00  (14 epochs/s)
epoch    800  train 3.4100e+00  test 1.0300e+01  (15 epochs/s)
epoch    900  train 3.1247e+00  test 1.1037e+01  (15 epochs/s)
epoch   1000  train 2.8243e+00  test 1.1779e+01  (15 epochs/s)
epoch   1100  train 2.5205e+00  test 1.2502e+01  (16 epochs/s)
epoch   1200  train 2.2299e+00  test 1.3230e+01  (16 epochs/s)
epoch   1300  train 1.9407e+00  test 1.3943e+01  (17 epochs/s)
epoch   1400  train 1.6666e+00  test 1.4653e+01  (17 epochs/s)
epoch   1500  train 1.4029e+00  test 1.5378e+01  (17 epochs/s)
epoch   1600  train 1.1566e+00  test 1.6120e+01  (18 epochs/s)
epoch   1700  train 9.3199e-01  test 1.6854e+01  (18 epochs/s)
epoch   1800  train 7.4283e-01  test 1.7573e+01  (18 epochs/s)
epoch   1900  train 5.8489e-01  test 1.8268e+01  (18 epochs/s)
epoch   2000  train 4.4721e-01  test 1.8878e+01  (19 epochs/s)
epoch   2100  train 3.4043e-01  test 1.9533e+01  (19 epochs/s)
epoch   2200  train 2.5224e-01  test 2.0074e+01  (19 epochs/s)
epoch   2300  train 1.8897e-01  test 2.0660e+01  (19 epochs/s)
epoch   2400  train 1.3919e-01  test 2.1186e+01  (20 epochs/s)
epoch   2500  train 1.0184e-01  test 2.1717e+01  (20 epochs/s)
epoch   2600  train 7.1862e-02  test 2.2180e+01  (20 epochs/s)
epoch   2700  train 5.1778e-02  test 2.2593e+01  (20 epochs/s)
epoch   2800  train 3.6357e-02  test 2.2980e+01  (20 epochs/s)
epoch   2900  train 2.5744e-02  test 2.3291e+01  (21 epochs/s)
epoch   3000  train 1.7313e-02  test 2.3598e+01  (21 epochs/s)
epoch   3100  train 1.1199e-02  test 2.3890e+01  (21 epochs/s)
epoch   3200  train 7.5906e-03  test 2.4001e+01  (21 epochs/s)
epoch   3300  train 4.7394e-03  test 2.4196e+01  (21 epochs/s)
epoch   3400  train 2.8996e-03  test 2.4318e+01  (21 epochs/s)
epoch   3500  train 1.7822e-03  test 2.4309e+01  (21 epochs/s)
epoch   3600  train 1.0964e-03  test 2.4186e+01  (22 epochs/s)
epoch   3700  train 6.2872e-04  test 2.4047e+01  (22 epochs/s)
epoch   3800  train 3.5898e-04  test 2.3643e+01  (22 epochs/s)
epoch   3900  train 1.9097e-04  test 2.2979e+01  (22 epochs/s)
epoch   4000  train 9.9110e-05  test 2.2106e+01  (22 epochs/s)
epoch   4100  train 5.0801e-05  test 2.0831e+01  (22 epochs/s)
epoch   4200  train 2.4573e-05  test 1.9226e+01  (22 epochs/s)
epoch   4300  train 1.1114e-05  test 1.7074e+01  (22 epochs/s)
epoch   4400  train 4.9468e-06  test 1.4456e+01  (22 epochs/s)
epoch   4500  train 2.2136e-06  test 1.1473e+01  (22 epochs/s)
epoch   4600  train 1.0206e-06  test 8.0704e+00  (23 epochs/s)
epoch   4700  train 5.2374e-07  test 4.7672e+00  (23 epochs/s)
epoch   4800  train 3.1258e-07  test 2.2472e+00  (23 epochs/s)
epoch   4900  train 2.2204e-07  test 9.2167e-01  (23 epochs/s)
epoch   5000  train 1.8783e-07  test 3.7831e-01  (23 epochs/s)
epoch   5100  train 1.6357e-07  test 1.5835e-01  (23 epochs/s)
epoch   5200  train 1.5501e-07  test 7.3274e-02  (23 epochs/s)
epoch   5300  train 1.4658e-07  test 3.2013e-02  (23 epochs/s)
epoch   5400  train 1.4006e-07  test 1.0475e-02  (23 epochs/s)
epoch   5500  train 1.3653e-07  test 3.4219e-03  (23 epochs/s)
epoch   5600  train 1.3213e-07  test 1.1623e-03  (23 epochs/s)
epoch   5700  train 1.2954e-07  test 4.0425e-04  (23 epochs/s)
epoch   5800  train 1.2584e-07  test 1.3600e-04  (23 epochs/s)
epoch   5900  train 1.2490e-07  test 6.2340e-05  (23 epochs/s)
epoch   6000  train 1.2335e-07  test 2.9312e-05  (23 epochs/s)
epoch   6100  train 1.2089e-07  test 1.6771e-05  (23 epochs/s)
epoch   6200  train 1.2041e-07  test 1.0543e-05  (23 epochs/s)
epoch   6300  train 1.1990e-07  test 6.8617e-06  (24 epochs/s)
epoch   6400  train 1.1940e-07  test 4.6149e-06  (24 epochs/s)
epoch   6500  train 1.1851e-07  test 3.4742e-06  (24 epochs/s)
epoch   6600  train 1.1691e-07  test 2.8210e-06  (24 epochs/s)
epoch   6700  train 1.1718e-07  test 2.3390e-06  (24 epochs/s)
epoch   6800  train 1.1627e-07  test 1.9990e-06  (24 epochs/s)
epoch   6900  train 1.1565e-07  test 1.7644e-06  (24 epochs/s)
epoch   7000  train 1.1635e-07  test 1.5756e-06  (24 epochs/s)
epoch   7100  train 1.1611e-07  test 1.4514e-06  (24 epochs/s)
epoch   7200  train 1.1506e-07  test 1.3589e-06  (24 epochs/s)
epoch   7300  train 1.1518e-07  test 1.2796e-06  (24 epochs/s)
epoch   7400  train 1.1498e-07  test 1.2304e-06  (24 epochs/s)
epoch   7500  train 1.1510e-07  test 1.1755e-06  (24 epochs/s)
epoch   7600  train 1.1555e-07  test 1.1359e-06  (24 epochs/s)
epoch   7700  train 1.1420e-07  test 1.0982e-06  (24 epochs/s)
epoch   7800  train 1.1516e-07  test 1.0827e-06  (24 epochs/s)
epoch   7900  train 1.1360e-07  test 1.0482e-06  (24 epochs/s)
epoch   8000  train 1.1390e-07  test 1.0307e-06  (24 epochs/s)
epoch   8100  train 1.1572e-07  test 1.0202e-06  (24 epochs/s)
epoch   8200  train 1.1443e-07  test 9.9092e-07  (24 epochs/s)
epoch   8300  train 1.1315e-07  test 9.8580e-07  (24 epochs/s)
epoch   8400  train 1.1474e-07  test 9.7089e-07  (24 epochs/s)
epoch   8500  train 1.1313e-07  test 9.6215e-07  (24 epochs/s)
epoch   8600  train 1.1371e-07  test 9.5053e-07  (24 epochs/s)
epoch   8700  train 1.1299e-07  test 9.4142e-07  (24 epochs/s)
epoch   8800  train 1.1364e-07  test 9.4019e-07  (24 epochs/s)
epoch   8900  train 1.1387e-07  test 9.3502e-07  (24 epochs/s)
epoch   9000  train 1.1289e-07  test 9.2679e-07  (24 epochs/s)
epoch   9100  train 1.1360e-07  test 9.2549e-07  (24 epochs/s)
epoch   9200  train 1.1330e-07  test 9.0993e-07  (24 epochs/s)
epoch   9300  train 1.1311e-07  test 9.0802e-07  (24 epochs/s)
epoch   9400  train 1.1381e-07  test 9.0786e-07  (24 epochs/s)
epoch   9500  train 1.1338e-07  test 9.0298e-07  (24 epochs/s)
epoch   9600  train 1.1312e-07  test 9.0468e-07  (24 epochs/s)
epoch   9700  train 1.1311e-07  test 8.9210e-07  (24 epochs/s)
epoch   9800  train 1.1376e-07  test 8.9276e-07  (24 epochs/s)
epoch   9900  train 1.1250e-07  test 8.8715e-07  (24 epochs/s)
epoch  10000  train 1.1234e-07  test 8.8473e-07  (24 epochs/s)
epoch  10100  train 1.1216e-07  test 8.8258e-07  (24 epochs/s)
epoch  10200  train 1.1276e-07  test 8.7962e-07  (24 epochs/s)
epoch  10300  train 1.1346e-07  test 8.9763e-07  (24 epochs/s)
epoch  10400  train 1.1281e-07  test 8.8656e-07  (24 epochs/s)
epoch  10500  train 1.1273e-07  test 8.8188e-07  (24 epochs/s)
epoch  10600  train 1.1200e-07  test 8.7898e-07  (24 epochs/s)
epoch  10700  train 1.1184e-07  test 8.7235e-07  (24 epochs/s)
epoch  10800  train 1.1270e-07  test 8.7092e-07  (24 epochs/s)
epoch  10900  train 1.1259e-07  test 8.7151e-07  (24 epochs/s)
epoch  11000  train 1.1303e-07  test 8.7067e-07  (24 epochs/s)
epoch  11100  train 1.1233e-07  test 8.5696e-07  (24 epochs/s)
epoch  11200  train 1.1210e-07  test 8.6748e-07  (24 epochs/s)
epoch  11300  train 1.1219e-07  test 8.5956e-07  (24 epochs/s)
epoch  11400  train 1.1202e-07  test 8.6617e-07  (24 epochs/s)
epoch  11500  train 1.1219e-07  test 8.7054e-07  (24 epochs/s)
epoch  11600  train 1.1197e-07  test 8.7275e-07  (24 epochs/s)
epoch  11700  train 1.1288e-07  test 8.6367e-07  (24 epochs/s)
epoch  11800  train 1.1244e-07  test 8.6644e-07  (24 epochs/s)
epoch  11900  train 1.1362e-07  test 8.6645e-07  (24 epochs/s)
epoch  12000  train 1.1284e-07  test 8.6286e-07  (24 epochs/s)
epoch  12100  train 1.1196e-07  test 8.6140e-07  (24 epochs/s)
epoch  12200  train 1.1290e-07  test 8.6127e-07  (24 epochs/s)
epoch  12300  train 1.1303e-07  test 8.6003e-07  (24 epochs/s)
epoch  12400  train 1.1264e-07  test 8.5848e-07  (24 epochs/s)
epoch  12500  train 1.1215e-07  test 8.6595e-07  (24 epochs/s)
epoch  12600  train 1.1257e-07  test 8.5930e-07  (24 epochs/s)
epoch  12700  train 1.1180e-07  test 8.5752e-07  (24 epochs/s)
epoch  12800  train 1.1253e-07  test 8.5242e-07  (24 epochs/s)
epoch  12900  train 1.1235e-07  test 8.6072e-07  (24 epochs/s)
epoch  13000  train 1.1186e-07  test 8.6011e-07  (24 epochs/s)
epoch  13100  train 1.1225e-07  test 8.5722e-07  (24 epochs/s)
epoch  13200  train 1.1176e-07  test 8.5134e-07  (24 epochs/s)
epoch  13300  train 1.1177e-07  test 8.5639e-07  (24 epochs/s)
epoch  13400  train 1.1234e-07  test 8.6158e-07  (24 epochs/s)
epoch  13500  train 1.1285e-07  test 8.4841e-07  (24 epochs/s)
epoch  13600  train 1.1311e-07  test 8.4965e-07  (24 epochs/s)
epoch  13700  train 1.1137e-07  test 8.4935e-07  (24 epochs/s)
epoch  13800  train 1.1214e-07  test 8.4679e-07  (24 epochs/s)
epoch  13900  train 1.1116e-07  test 8.4733e-07  (24 epochs/s)
epoch  14000  train 1.1259e-07  test 8.3546e-07  (24 epochs/s)
epoch  14100  train 1.1194e-07  test 8.3972e-07  (24 epochs/s)
epoch  14200  train 1.1249e-07  test 8.4527e-07  (24 epochs/s)
epoch  14300  train 1.1217e-07  test 8.4345e-07  (24 epochs/s)
epoch  14400  train 1.1127e-07  test 8.3890e-07  (24 epochs/s)
epoch  14500  train 1.1262e-07  test 8.4265e-07  (24 epochs/s)
epoch  14600  train 1.1225e-07  test 8.3646e-07  (24 epochs/s)
epoch  14700  train 1.1232e-07  test 8.4314e-07  (24 epochs/s)
epoch  14800  train 1.1269e-07  test 8.4039e-07  (24 epochs/s)
epoch  14900  train 1.1249e-07  test 8.4459e-07  (24 epochs/s)
epoch  15000  train 1.1131e-07  test 8.3542e-07  (24 epochs/s)
epoch  15100  train 1.1111e-07  test 8.3918e-07  (24 epochs/s)
epoch  15200  train 1.1149e-07  test 8.4546e-07  (24 epochs/s)
epoch  15300  train 1.1142e-07  test 8.4605e-07  (24 epochs/s)
epoch  15400  train 1.1246e-07  test 8.3728e-07  (24 epochs/s)
epoch  15500  train 1.1075e-07  test 8.3851e-07  (24 epochs/s)
epoch  15600  train 1.1136e-07  test 8.3817e-07  (24 epochs/s)
epoch  15700  train 1.1169e-07  test 8.3842e-07  (24 epochs/s)
epoch  15800  train 1.1148e-07  test 8.3697e-07  (24 epochs/s)
epoch  15900  train 1.1164e-07  test 8.3951e-07  (24 epochs/s)
epoch  16000  train 1.1200e-07  test 8.4250e-07  (24 epochs/s)
epoch  16100  train 1.1122e-07  test 8.5084e-07  (24 epochs/s)
epoch  16200  train 1.1170e-07  test 8.4055e-07  (24 epochs/s)
epoch  16300  train 1.1073e-07  test 8.4502e-07  (24 epochs/s)
epoch  16400  train 1.1160e-07  test 8.3285e-07  (24 epochs/s)
epoch  16500  train 1.1126e-07  test 8.3327e-07  (24 epochs/s)
epoch  16600  train 1.1083e-07  test 8.3378e-07  (24 epochs/s)
epoch  16700  train 1.1090e-07  test 8.3382e-07  (24 epochs/s)
epoch  16800  train 1.1088e-07  test 8.2673e-07  (24 epochs/s)
epoch  16900  train 1.1023e-07  test 8.3496e-07  (24 epochs/s)
epoch  17000  train 1.1229e-07  test 8.4010e-07  (24 epochs/s)
epoch  17100  train 1.1081e-07  test 8.3650e-07  (24 epochs/s)
epoch  17200  train 1.1411e-07  test 8.3917e-07  (24 epochs/s)
epoch  17300  train 1.1158e-07  test 8.3419e-07  (24 epochs/s)
epoch  17400  train 1.1060e-07  test 8.3561e-07  (24 epochs/s)
epoch  17500  train 1.1323e-07  test 8.3367e-07  (24 epochs/s)
epoch  17600  train 1.1108e-07  test 8.3306e-07  (24 epochs/s)
epoch  17700  train 1.1214e-07  test 8.3431e-07  (24 epochs/s)
epoch  17800  train 1.1107e-07  test 8.3183e-07  (24 epochs/s)
epoch  17900  train 1.1147e-07  test 8.3961e-07  (24 epochs/s)
epoch  18000  train 1.1068e-07  test 8.3357e-07  (24 epochs/s)
epoch  18100  train 1.1202e-07  test 8.3881e-07  (24 epochs/s)
epoch  18200  train 1.1069e-07  test 8.2576e-07  (24 epochs/s)
epoch  18300  train 1.1133e-07  test 8.2911e-07  (24 epochs/s)
epoch  18400  train 1.1101e-07  test 8.2535e-07  (24 epochs/s)
epoch  18500  train 1.1108e-07  test 8.3298e-07  (24 epochs/s)
epoch  18600  train 1.1158e-07  test 8.3007e-07  (24 epochs/s)
epoch  18700  train 1.1206e-07  test 8.2454e-07  (24 epochs/s)
epoch  18800  train 1.1102e-07  test 8.3200e-07  (24 epochs/s)
epoch  18900  train 1.1059e-07  test 8.2730e-07  (24 epochs/s)
epoch  19000  train 1.1132e-07  test 8.2869e-07  (24 epochs/s)
epoch  19100  train 1.1121e-07  test 8.2757e-07  (24 epochs/s)
epoch  19200  train 1.1153e-07  test 8.2596e-07  (24 epochs/s)
epoch  19300  train 1.1015e-07  test 8.3022e-07  (24 epochs/s)
epoch  19400  train 1.1168e-07  test 8.3219e-07  (24 epochs/s)
epoch  19500  train 1.1220e-07  test 8.3605e-07  (24 epochs/s)
epoch  19600  train 1.1076e-07  test 8.3387e-07  (24 epochs/s)
epoch  19700  train 1.1056e-07  test 8.2794e-07  (24 epochs/s)
epoch  19800  train 1.1076e-07  test 8.2925e-07  (24 epochs/s)
epoch  19900  train 1.1178e-07  test 8.3171e-07  (24 epochs/s)
epoch  20000  train 1.1047e-07  test 8.3020e-07  (24 epochs/s)
done: 20000 epochs in 845s -> runs/eff-G/p-113/seed2034/seed777
=== eff-G cvar0.05 init 4242 (14:23:28) ===
train: 3830  test: 8939
epoch    100  train 4.7351e+00  test 4.7860e+00  (19 epochs/s)
epoch    200  train 4.7171e+00  test 4.8166e+00  (18 epochs/s)
epoch    300  train 4.6753e+00  test 4.9754e+00  (19 epochs/s)
epoch    400  train 4.5303e+00  test 5.7035e+00  (20 epochs/s)
epoch    500  train 4.2993e+00  test 7.0924e+00  (20 epochs/s)
epoch    600  train 4.0842e+00  test 8.1808e+00  (20 epochs/s)
epoch    700  train 3.8725e+00  test 9.0031e+00  (20 epochs/s)
epoch    800  train 3.6277e+00  test 9.7394e+00  (20 epochs/s)
epoch    900  train 3.3613e+00  test 1.0486e+01  (20 epochs/s)
epoch   1000  train 3.0807e+00  test 1.1186e+01  (20 epochs/s)
epoch   1100  train 2.7935e+00  test 1.1892e+01  (20 epochs/s)
epoch   1200  train 2.5203e+00  test 1.2598e+01  (20 epochs/s)
epoch   1300  train 2.2501e+00  test 1.3277e+01  (20 epochs/s)
epoch   1400  train 2.0017e+00  test 1.3947e+01  (20 epochs/s)
epoch   1500  train 1.7612e+00  test 1.4603e+01  (20 epochs/s)
epoch   1600  train 1.5381e+00  test 1.5281e+01  (20 epochs/s)
epoch   1700  train 1.3431e+00  test 1.5918e+01  (20 epochs/s)
epoch   1800  train 1.1402e+00  test 1.6575e+01  (20 epochs/s)
epoch   1900  train 9.6708e-01  test 1.7269e+01  (20 epochs/s)
epoch   2000  train 8.1708e-01  test 1.7941e+01  (20 epochs/s)
epoch   2100  train 6.8476e-01  test 1.8625e+01  (20 epochs/s)
epoch   2200  train 5.6791e-01  test 1.9200e+01  (20 epochs/s)
epoch   2300  train 4.8187e-01  test 1.9800e+01  (20 epochs/s)
epoch   2400  train 3.9109e-01  test 2.0389e+01  (20 epochs/s)
epoch   2500  train 3.2369e-01  test 2.1029e+01  (20 epochs/s)
epoch   2600  train 2.6230e-01  test 2.1588e+01  (20 epochs/s)
epoch   2700  train 2.1601e-01  test 2.2147e+01  (20 epochs/s)
epoch   2800  train 1.7279e-01  test 2.2724e+01  (20 epochs/s)
epoch   2900  train 1.4282e-01  test 2.3283e+01  (20 epochs/s)
epoch   3000  train 1.1180e-01  test 2.3873e+01  (20 epochs/s)
epoch   3100  train 9.1107e-02  test 2.4414e+01  (20 epochs/s)
epoch   3200  train 7.3453e-02  test 2.5002e+01  (20 epochs/s)
epoch   3300  train 5.7982e-02  test 2.5530e+01  (20 epochs/s)
epoch   3400  train 4.6343e-02  test 2.6081e+01  (20 epochs/s)
epoch   3500  train 3.8628e-02  test 2.6681e+01  (20 epochs/s)
epoch   3600  train 3.0018e-02  test 2.7204e+01  (20 epochs/s)
epoch   3700  train 2.4401e-02  test 2.7786e+01  (20 epochs/s)
epoch   3800  train 1.8457e-02  test 2.8338e+01  (20 epochs/s)
epoch   3900  train 1.4533e-02  test 2.8931e+01  (20 epochs/s)
epoch   4000  train 1.1346e-02  test 2.9499e+01  (20 epochs/s)
epoch   4100  train 9.2700e-03  test 3.0022e+01  (20 epochs/s)
epoch   4200  train 7.0729e-03  test 3.0575e+01  (20 epochs/s)
epoch   4300  train 5.4119e-03  test 3.1155e+01  (20 epochs/s)
epoch   4400  train 4.0947e-03  test 3.1667e+01  (20 epochs/s)
epoch   4500  train 3.2286e-03  test 3.2250e+01  (20 epochs/s)
epoch   4600  train 2.4949e-03  test 3.2844e+01  (20 epochs/s)
epoch   4700  train 1.7699e-03  test 3.3356e+01  (20 epochs/s)
epoch   4800  train 1.3494e-03  test 3.3893e+01  (20 epochs/s)
epoch   4900  train 1.0918e-03  test 3.4366e+01  (20 epochs/s)
epoch   5000  train 8.2125e-04  test 3.4903e+01  (19 epochs/s)
epoch   5100  train 5.9632e-04  test 3.5368e+01  (19 epochs/s)
epoch   5200  train 4.6151e-04  test 3.5812e+01  (19 epochs/s)
epoch   5300  train 3.3795e-04  test 3.6224e+01  (19 epochs/s)
epoch   5400  train 2.5060e-04  test 3.6843e+01  (19 epochs/s)
epoch   5500  train 1.7910e-04  test 3.7267e+01  (19 epochs/s)
epoch   5600  train 1.3340e-04  test 3.7717e+01  (19 epochs/s)
epoch   5700  train 9.8019e-05  test 3.8315e+01  (19 epochs/s)
epoch   5800  train 7.5315e-05  test 3.8697e+01  (19 epochs/s)
epoch   5900  train 5.3535e-05  test 3.9061e+01  (19 epochs/s)
epoch   6000  train 3.8354e-05  test 3.9536e+01  (19 epochs/s)
epoch   6100  train 2.9069e-05  test 3.9842e+01  (19 epochs/s)
epoch   6200  train 2.0839e-05  test 4.0324e+01  (19 epochs/s)
epoch   6300  train 1.4755e-05  test 4.0722e+01  (19 epochs/s)
epoch   6400  train 1.1592e-05  test 4.1023e+01  (19 epochs/s)
epoch   6500  train 7.9760e-06  test 4.1152e+01  (19 epochs/s)
epoch   6600  train 7.3410e-06  test 4.1526e+01  (19 epochs/s)
epoch   6700  train 4.9892e-06  test 4.1758e+01  (19 epochs/s)
epoch   6800  train 3.9155e-06  test 4.1666e+01  (19 epochs/s)
epoch   6900  train 3.2218e-06  test 4.1762e+01  (19 epochs/s)
epoch   7000  train 2.6507e-06  test 4.1521e+01  (19 epochs/s)
epoch   7100  train 2.1547e-06  test 4.1364e+01  (19 epochs/s)
epoch   7200  train 1.9419e-06  test 4.1087e+01  (19 epochs/s)
epoch   7300  train 1.5745e-06  test 4.0735e+01  (19 epochs/s)
epoch   7400  train 1.5034e-06  test 4.0384e+01  (19 epochs/s)
epoch   7500  train 1.4125e-06  test 3.9838e+01  (19 epochs/s)
epoch   7600  train 1.2123e-06  test 3.9387e+01  (19 epochs/s)
epoch   7700  train 1.2273e-06  test 3.8587e+01  (18 epochs/s)
epoch   7800  train 1.1566e-06  test 3.7946e+01  (18 epochs/s)
epoch   7900  train 1.0504e-06  test 3.7076e+01  (18 epochs/s)
epoch   8000  train 9.6371e-07  test 3.6456e+01  (18 epochs/s)
epoch   8100  train 9.7074e-07  test 3.5567e+01  (18 epochs/s)
epoch   8200  train 9.1640e-07  test 3.4668e+01  (18 epochs/s)
epoch   8300  train 8.3477e-07  test 3.3721e+01  (18 epochs/s)
epoch   8400  train 8.5046e-07  test 3.2700e+01  (18 epochs/s)
epoch   8500  train 7.5669e-07  test 3.1657e+01  (18 epochs/s)
epoch   8600  train 7.3448e-07  test 3.0453e+01  (18 epochs/s)
epoch   8700  train 6.7530e-07  test 2.9242e+01  (18 epochs/s)
epoch   8800  train 6.4268e-07  test 2.8031e+01  (18 epochs/s)
epoch   8900  train 6.0400e-07  test 2.6661e+01  (18 epochs/s)
epoch   9000  train 5.7298e-07  test 2.5271e+01  (18 epochs/s)
epoch   9100  train 5.6255e-07  test 2.3832e+01  (18 epochs/s)
epoch   9200  train 5.3365e-07  test 2.2315e+01  (18 epochs/s)
epoch   9300  train 4.7633e-07  test 2.0816e+01  (18 epochs/s)
epoch   9400  train 4.6940e-07  test 1.9196e+01  (18 epochs/s)
epoch   9500  train 4.3651e-07  test 1.7518e+01  (18 epochs/s)
epoch   9600  train 4.1923e-07  test 1.5729e+01  (18 epochs/s)
epoch   9700  train 3.8426e-07  test 1.3892e+01  (18 epochs/s)
epoch   9800  train 3.5167e-07  test 1.1992e+01  (18 epochs/s)
epoch   9900  train 3.1820e-07  test 9.9332e+00  (18 epochs/s)
epoch  10000  train 2.9495e-07  test 7.9423e+00  (18 epochs/s)
epoch  10100  train 2.7701e-07  test 6.0205e+00  (18 epochs/s)
epoch  10200  train 2.5146e-07  test 4.2543e+00  (18 epochs/s)
epoch  10300  train 2.2977e-07  test 2.8141e+00  (18 epochs/s)
epoch  10400  train 2.1823e-07  test 1.7493e+00  (18 epochs/s)
epoch  10500  train 2.0632e-07  test 1.1120e+00  (18 epochs/s)
epoch  10600  train 1.9361e-07  test 7.1680e-01  (18 epochs/s)
epoch  10700  train 1.8514e-07  test 4.7973e-01  (18 epochs/s)
epoch  10800  train 1.8034e-07  test 3.3198e-01  (18 epochs/s)
epoch  10900  train 1.7408e-07  test 2.4611e-01  (18 epochs/s)
epoch  11000  train 1.6914e-07  test 1.7779e-01  (18 epochs/s)
epoch  11100  train 1.6489e-07  test 1.3392e-01  (18 epochs/s)
epoch  11200  train 1.6247e-07  test 1.0087e-01  (18 epochs/s)
epoch  11300  train 1.5853e-07  test 7.6106e-02  (18 epochs/s)
epoch  11400  train 1.5753e-07  test 5.6876e-02  (18 epochs/s)
epoch  11500  train 1.5380e-07  test 4.3425e-02  (18 epochs/s)
epoch  11600  train 1.5130e-07  test 3.3729e-02  (18 epochs/s)
epoch  11700  train 1.4950e-07  test 2.6502e-02  (18 epochs/s)
epoch  11800  train 1.4802e-07  test 2.0253e-02  (18 epochs/s)
epoch  11900  train 1.4516e-07  test 1.5351e-02  (17 epochs/s)
epoch  12000  train 1.4399e-07  test 1.0370e-02  (17 epochs/s)
epoch  12100  train 1.4237e-07  test 7.3525e-03  (17 epochs/s)
epoch  12200  train 1.4066e-07  test 4.8959e-03  (17 epochs/s)
epoch  12300  train 1.3948e-07  test 3.4907e-03  (17 epochs/s)
epoch  12400  train 1.3874e-07  test 2.5892e-03  (17 epochs/s)
epoch  12500  train 1.3791e-07  test 2.2252e-03  (17 epochs/s)
epoch  12600  train 1.3669e-07  test 1.8562e-03  (17 epochs/s)
epoch  12700  train 1.3527e-07  test 1.5407e-03  (17 epochs/s)
epoch  12800  train 1.3528e-07  test 1.2834e-03  (17 epochs/s)
epoch  12900  train 1.3335e-07  test 1.0328e-03  (17 epochs/s)
epoch  13000  train 1.3228e-07  test 7.9696e-04  (17 epochs/s)
epoch  13100  train 1.3122e-07  test 6.0034e-04  (17 epochs/s)
epoch  13200  train 1.3064e-07  test 3.9429e-04  (17 epochs/s)
epoch  13300  train 1.2916e-07  test 2.5710e-04  (17 epochs/s)
epoch  13400  train 1.2653e-07  test 1.5927e-04  (17 epochs/s)
epoch  13500  train 1.2525e-07  test 8.1440e-05  (17 epochs/s)
epoch  13600  train 1.2372e-07  test 3.5838e-05  (17 epochs/s)
epoch  13700  train 1.2296e-07  test 1.9581e-05  (17 epochs/s)
epoch  13800  train 1.2067e-07  test 1.2401e-05  (17 epochs/s)
epoch  13900  train 1.2007e-07  test 9.1280e-06  (17 epochs/s)
epoch  14000  train 1.2087e-07  test 6.9071e-06  (17 epochs/s)
epoch  14100  train 1.2097e-07  test 5.4138e-06  (17 epochs/s)
epoch  14200  train 1.1974e-07  test 4.4832e-06  (17 epochs/s)
epoch  14300  train 1.2002e-07  test 3.7554e-06  (17 epochs/s)
epoch  14400  train 1.2019e-07  test 3.2836e-06  (17 epochs/s)
epoch  14500  train 1.1956e-07  test 2.9038e-06  (17 epochs/s)
epoch  14600  train 1.2173e-07  test 2.5856e-06  (17 epochs/s)
epoch  14700  train 1.1994e-07  test 2.3198e-06  (17 epochs/s)
epoch  14800  train 1.1934e-07  test 2.1428e-06  (17 epochs/s)
epoch  14900  train 1.2040e-07  test 1.9655e-06  (17 epochs/s)
epoch  15000  train 1.1898e-07  test 1.8212e-06  (17 epochs/s)
epoch  15100  train 1.2185e-07  test 1.6833e-06  (17 epochs/s)
epoch  15200  train 1.1872e-07  test 1.5540e-06  (17 epochs/s)
epoch  15300  train 1.1924e-07  test 1.4390e-06  (17 epochs/s)
epoch  15400  train 1.1796e-07  test 1.3540e-06  (17 epochs/s)
epoch  15500  train 1.1706e-07  test 1.2681e-06  (17 epochs/s)
epoch  15600  train 1.1552e-07  test 1.1929e-06  (17 epochs/s)
epoch  15700  train 1.1435e-07  test 1.1176e-06  (17 epochs/s)
epoch  15800  train 1.1239e-07  test 1.0833e-06  (17 epochs/s)
epoch  15900  train 1.1130e-07  test 1.0404e-06  (17 epochs/s)
epoch  16000  train 1.0895e-07  test 1.0108e-06  (17 epochs/s)
epoch  16100  train 1.0843e-07  test 9.9040e-07  (17 epochs/s)
epoch  16200  train 1.0733e-07  test 9.4293e-07  (17 epochs/s)
epoch  16300  train 1.0692e-07  test 9.0396e-07  (16 epochs/s)
epoch  16400  train 1.0666e-07  test 8.7069e-07  (16 epochs/s)
epoch  16500  train 1.0531e-07  test 8.4790e-07  (16 epochs/s)
epoch  16600  train 1.0606e-07  test 8.2701e-07  (16 epochs/s)
epoch  16700  train 1.0552e-07  test 8.0521e-07  (16 epochs/s)
epoch  16800  train 1.0540e-07  test 7.9331e-07  (16 epochs/s)
epoch  16900  train 1.0489e-07  test 7.8021e-07  (16 epochs/s)
epoch  17000  train 1.0435e-07  test 7.6032e-07  (16 epochs/s)
epoch  17100  train 1.0460e-07  test 7.4259e-07  (16 epochs/s)
epoch  17200  train 1.0544e-07  test 7.2764e-07  (16 epochs/s)
epoch  17300  train 1.0425e-07  test 7.1958e-07  (16 epochs/s)
epoch  17400  train 1.0420e-07  test 6.9974e-07  (16 epochs/s)
epoch  17500  train 1.0372e-07  test 6.8922e-07  (16 epochs/s)
epoch  17600  train 1.0430e-07  test 6.8432e-07  (16 epochs/s)
epoch  17700  train 1.0435e-07  test 6.7025e-07  (16 epochs/s)
epoch  17800  train 1.0381e-07  test 6.6134e-07  (16 epochs/s)
epoch  17900  train 1.0400e-07  test 6.4833e-07  (16 epochs/s)
epoch  18000  train 1.0350e-07  test 6.4597e-07  (16 epochs/s)
epoch  18100  train 1.0333e-07  test 6.3073e-07  (16 epochs/s)
epoch  18200  train 1.0371e-07  test 6.1965e-07  (16 epochs/s)
epoch  18300  train 1.0341e-07  test 6.1610e-07  (16 epochs/s)
epoch  18400  train 1.0333e-07  test 6.1046e-07  (16 epochs/s)
epoch  18500  train 1.0427e-07  test 5.9680e-07  (16 epochs/s)
epoch  18600  train 1.0271e-07  test 5.9071e-07  (16 epochs/s)
epoch  18700  train 1.0337e-07  test 5.8003e-07  (16 epochs/s)
epoch  18800  train 1.0308e-07  test 5.8185e-07  (16 epochs/s)
epoch  18900  train 1.0302e-07  test 5.6803e-07  (16 epochs/s)
epoch  19000  train 1.0388e-07  test 5.6713e-07  (16 epochs/s)
epoch  19100  train 1.0319e-07  test 5.5422e-07  (16 epochs/s)
epoch  19200  train 1.0327e-07  test 5.5725e-07  (16 epochs/s)
epoch  19300  train 1.0358e-07  test 5.5783e-07  (16 epochs/s)
epoch  19400  train 1.0273e-07  test 5.4727e-07  (16 epochs/s)
epoch  19500  train 1.0276e-07  test 5.4281e-07  (16 epochs/s)
epoch  19600  train 1.0299e-07  test 5.3963e-07  (16 epochs/s)
epoch  19700  train 1.0304e-07  test 5.3424e-07  (16 epochs/s)
epoch  19800  train 1.0228e-07  test 5.2750e-07  (16 epochs/s)
epoch  19900  train 1.0250e-07  test 5.2959e-07  (16 epochs/s)
epoch  20000  train 1.0271e-07  test 5.2464e-07  (16 epochs/s)
done: 20000 epochs in 1270s -> runs/eff-G/p-113/seed2034/seed4242
EFFG-DONE
